"SHIPPER_CD","SHIPPER_NM"
A0001,SANTARA INTERNATIONAL
A0002,L. G. International Trading Company Pvt. Ltd.
A0003,RAJSHREE FOOD INDUSTRIES PVT LTD
A0004,PREMIER TOBACCO PACKERS PRIVATE LIMITED
A0005,ACT EXIM
A0006,SRI VENKATA BALAJI EXPORTS
A0007,POKARNA ENGINEERED STONE LIMITED
A0008,PRAYAGH NUTRI PRODUCTS PVT LTD
A0009,Toshiba Transmission & Distribution Systems
A0010,ISHWARYA TRADING COMPANY
A0011,STONEPLUS ENTERPRISES PRIVATE LIMITED
A0012,Patidar Polymers Private Limited
A0013,Thermal Systems hyderadad pvt
A0014,Printers Den Packaging
A0015,SUPREME EXPORTS
A0016,HUES GRANITES PRIVATE LIMITED
A0017,VOLTA IMPEX PVT LTD
A0018,TIBREWALA ELECTRONICS LIMITED
A0019,Teejay India Private Limited
A0020,MSN LABARATORIES PRIVATE LIMITED
A0021,Bommidala Enterprises Private limited
A0022,NUZEN HERBAL PRIVATE LIMITED
A0023,Deccan Transcon Leasing Private Limited
A0024,JANGIR ENGINEERING WORKS
A0025,POKARNA LIMITED
A0026,CORNILEUS PHARMACEUTICALS PVT LTD
A0027,vayhan Coffee Ltd
A0028,VISHNU CHEMICALS LIMITED
A0029,SOUTHERN ROCKS AND MINERALS PVT LTD
A0030,TULIP GRANITES PVT LTD
A0031,RAVIEELA GRANITES LIMITED
A0032,EXPORTER
A0033,SUPRIYA CORN PRODUCTS PVT LTD
A0034,LEGEND STONE PRIVATE LIMITED
A0035,NOSCH LABS PRIVATE LIMITED
A0036,GHAN MARINE PRODUCTS
A0037,THE ANDHRA STARCH MANUFACTURING COMPANY
A0038,SRI VENKATA SIVA PARVATHI SPINNING MILLS PRIVATE L
A0039,HERITAGE FOODS LTD.
A0040,THERMOPADS PVT LTD
A0041,MOHAN SPINTEX INDIA LIMITED
A0042,SRI SAI BABA TRADERS
A0043,DEEVYA SHAKTI PAPER MILLS PRIVATE LIMITED
A0044,BHAGIRADHA CHEMICALS & INDUSTRIES LIMITED
A0045,PODDAR GRANITES
A0046,AJ Tobacco Traders
A0047,MOHAN MERCANTILE INDIA PRIVATE LIMITED
A0048,DECCAN TOBACCO COMPANY
A0049,BHANU EXPORTS
A0050,Alliance One Industries India Pvt.Ltd
A0051,SRI CHITRA AGRI EXPORTS
A0052,HITESH CHEMICALS AND DRUGS PRIVATE LIMITED
A0053,KRISHNA SAI GRANITES INDIA PRIVATE LIMITED
A0054,SPADS RED FIELDS EXIM PRIVATE LIMITED
A0055,SHANTHARI EXPORTS PVT LTD
A0056,NEKKANTI SEA FOODS LTD
A0057,TKM Pharma
A0058,BK THRESHERS PRIVATE LIMITED
A0059,SRI SIVASAKTHI GRANITES
A0060,VITAL PAPER PRODUCTS PVT
A0061,RAINBOW STONES PRIVATE LIMITED
A0062,DEVI SEA FOODS LTD
A0063,COASTAL AQUA
A0064,PATTABHI AGRO FOODS PVT LTD
A0065,SARATH ENTERPRISES
A0066,Abhijeet Ferrotech Limited
A0067,CORAL PETROPRODUCTS
A0068,TAURUS CHEMICALS PRIVATE LIMITED
A0069,Sovino Foods Pvt Ltd Hyderabad
A0070,POLISETTY SOMASUNDARAM
A0071,MOHAMMED ENTERPRISES PRIVATE LIMITED
A0072,Bitcorp Private Limited
A0073,VST Industries Limited
A0074,SRI NUKALA RAMA KOTESWARA RAO TEXTILES PRIVATE LIM
A0075,ML AGRO PRODUCTS PRIVATE LIMITED
A0076,Green Leaf Tobacco Threshers Limited
A0077,K.N.FOODS
A0078,DTE EXPORTS PRIVATE  LTD
A0079,Panini Granites Private Limited
A0080,NIKUNJ EXPORTS
A0081,Coastal Corporation Limited
A0082,Green Asia Impex Private Limited
A0083,HIGH5 FORWARDING
A0084,SURYAMITRA EXIM PRIVATE LIMITED
A0085,SPP POLY PACK PVT LTD
A0086,BVL EXPORTS PRIVATE LIMITED
A0087,SAKKU SPINNING MILLS PRIVATE LIMITED
A0088,MOWO INDUSTRY
A0089,Mittapalli Agro Exports
A0090,K.S.Subbiah Pillai & Company India Private Limited
A0091,SRI CHAKRA STONES
A0092,SAMSKRUTHI EXPORTERS
A0093,V S EXIMAST
A0094,AVANTI FEEDS LIMITED
A0095,V J MET CRAFT (INDIA) PRIVTE LIMITED
A0096,ETHNIC TOBACCO INDIA LIMITED
A0097,IDUPULAPADU COTTON MILLS PRIVATE LIMITED
A0098,Vasundhara Rasayans Limited
A0099,VINTAGE GRANITES P LTD
A0100,VENKATESHWARA HATCHERIES PVT.LTD.
A0101,BOMMIDALA PURNAIAH HOLDINGS PVT.LTD.
A0102,Southern Online Bio Technologies Limited
A0103,AARKS EXPORTS
A0104,SREE RAYALASEEMA ALKALIES & ALLIED CHEMICALS LTD
A0105,IND-TECH SERVICES
A0106,INDUS COFFEE PRIVATE LIMITED
A0107,VIZAG EXPORTS
A0108,MAHI GRANITES PRIVATE LIMITED
A0109,SVR SEA FOODS EXPORTS PRIVATE LIMITED
A0110,TILON ENTERPRISES PRIVATE LIMITED
A0111,DECCAN GRAINZ PRIVATE LIMITED
A0112,SANDY BAY SEA FOODS INDIA PRIVATE LIMTED
A0113,PREMIER ALLOYS & CHEMICALS PRIVATE LIMITED
A0114,PAHAL FOODS EXIM LIMITED
A0115,KALLAM AGRO PRODUCTS & OILS PVT LTD
A0116,SRI KRISHNA PHARMACEUTICALS LTD
A0117,SNAM ALLOYS PRIVATE LIMITED
A0118,MEGHAS FOODS
A0119,VINAYAK STONEX
A0120,SUPRIYA SPINNING MILLS PRIVATE LIMITED
A0121,SAI EXPORTS
A0122,PLASTAR POLY FILMS
A0123,ARCHANA EXPORTS
A0124,VR INTERNATIONAL
A0125,MINCA CALCINATION PVT LIMITED
A0126,Sri Eshwar Rubber Crumb
A0127,JAGADEESH MARINE EXPORTS
A0128,SOUTH INDIA SLATES
A0129,SKT EXPORTS
A0130,SRESTA NATURAL BIOPRODUCTS PVT LTD
A0131,RAAMI AGRO TRADERS
A0132,BURHANI EXPORTS
A0133,SRI ENTERPRISES
A0134,M K STAR IMPORT & EXPORT PRIVATE LIMITED
A0135,CHILLAPALLI EXPORTS PVT LTD
A0136,B.M. SURESH AGRO SERVICE
A0137,Ananda Aqua Exports Private Limited
A0138,KALPATARUVU SPINNING MILLS LIMITED
A0139,Bayer BioScience Private Limited
A0140,MAKE INDIA TRADE LINKS
A0141,DCS TECHNO SERVICES PRIVATE LIMITED
A0142,SHIVA ENTERPRISES
A0143,K.P.R. RICE MILLS
A0144,INDIAN TOBACCO TRADERS
A0145,RAMA SATYA DEVA CHILLIES
A0146,TRANS WAVE EXPORTS
A0147,VENKATRAMA INTERNATIONAL LLP
A0148,Avi Additives Pvt Ltd
A0149,P K L LIMITED
A0150,MARUTHI FRUIT CANNING INDUSTRIES
A0151,SRI SAI BALAJI COTTON TRADERS
A0152,SRI JAGADISH TIMBER MART
A0153,Voith Turbo Private Limited
A0154,SHAKTI PLY AND HARDWARE
A0155,USHA SEAFOODS
A0156,KRISHNA SAI EXIMS
A0157,LIBERTY FROZEN FOODS PVT LTD
A0158,SARALA FOODS PVT LTD
A0159,SRI DHANALAKSHMI COTTON AND RICE MILLS PVT LTD
A0160,TATA PROJECTS LIMITED
A0161,KAABA TRADING PVT LTD
A0162,AGARWAL RUBBER LIMITED
A0163,RAJAHMUNDRY PAPER MILLS PRIVATE LIMITED
A0164,DOZCO INDIA PVT LTD
A0165,B.L TUFF GLASS
A0166,DEEJAYMULTIPACKS PRIVATE LIMITED
A0167,AMIT CAPACITORS LIMITED
A0168,SRI SRINIVASA FERTILISERS AND PESTICIDES
A0169,STAR ORGANIC FOODS INC.
A0170,TIRUMALA COTTON AND AGRO PRODUCTS PRIVATE LIMITED
A0171,MADDI LAKSHMAIAH & COMPANY PRIVATE LIMITED
A0172,BANJARA IMPORTS & EXPORTS
A0173,M.MANNAN & CO
A0174,LORVEN FLEX AND SACK INDIA PRIVATE LIMITED
A0175,SUDHARSAN EXPORTS
A0176,PHARMAZELL  VIZAG  PVT LTD
A0177,THE INDIAN HUMEPIPE COMPANY LIMITED
A0178,PITTI LAMINATIONS LIMITED
A0179,NAGA HANUMAN FISH  PACKERS
A0180,IQQ IMPEX
A0181,R.K. INDUSTRIES
A0182,ANANTA RUBBER LLP
A0183,bharat cashew mfg company
A0184,TREVO INDIA PRIVATE LIMITED
A0185,ADVANCED AQUA BIO TECHNOLOGIES
A0186,VEC Chocolate Machines Private Limited
A0187,EGWOOD BOARDS & PANELS PRIVATE LIMITED
A0188,SHRINATH ROTOPACK PRIVATE LIMITED
A0189,PIONEER ELASTIC INDIA PVT LTD
A0190,VYSHNAVI GLOBAL TRADEX PVT LTD
A0191,SUPRAN EXIM PRIVATE LIMITED
A0192,SANDHYA MARINES LTD
A0193,LASER SHAVING INDIA PRIVATE LIMITED
A0194,APARNA ENTERPRISES LTD.
A0195,SRILAKSHMI & CO
A0196,SHESHADRI INDUSTRIES LIMITED
A0197,maa yarn and fibers
A0198,PRAPALSHA AGROS LIMITED
A0199,S J SEA FOODS
A0200,SREE GANESH TIMBER DEPOT
A0201,SRI RAMADAS PAPER BOARDS PVT LTD
A0202,Sree Godavari Kraft Papers Pvt.Ltd.
A0203,RONSHER EXIMS PRIVATE LIMITED
A0204,MONSOON GREEN EARTH FARMS & PROJECTS PVT LTD
A0205,KIA MOTORS INDIA PRIVATE LIMITED
A0206,QUANTUM CLOTHING INDIA PRIVATE LIMITED
A0207,SUDHA SOMANY CERAMICS PRIVATE LIMITED
A0208,Chettinad Morimura Semiconductor Material Pvt Ltd.
A0209,SURYALAKSHMI COTTON MILLS LIMITED
A0210,M L Exports
A0211,J & J Tobacco Traders
A0212,I.AHMED & COMPANY  COLD STORAGE & EXPORTS  PVT LTD
A0213,SRI JALARAM TIMBER DEPOT
A0214,SHIRDI TRADERS
A0215,Hartex Rubber Private Limited
A0216,POOJA SCRAP INDUSTRIES
A0217,RUKMANI INDUSTRIES PVT LTD
A0218,COROMANDEL AGRO PRODUCTS AND  OILS LIMITED
A0219,B S INNOVATIVE PVT LTD
A0220,R.A.K CERAMICS INDIA PVT LTD
A0221,Chakravuyha Software Technologies Pvt Ltd
A0222,MDA MINERAL DHATU AP PVT LTD
A0223,FARM DIRECT IMPEX PVT LTD
A0224,ALCHO
A0225,HYTECH SEED INDIA PRIVATE LIMITED
A0226,SHYAM FERROUS LIMITED
A0227,GEEKAY WIRES LIMITED
A0228,Madina Empex
A0229,VASANTHA INDUSTRIES LIMITED
A0230,SEOYON E-HWA SUMMIT AUTOMOTIVE ANANTAPUR PRIVATE L
A0231,MINMET REFRACTORY SOLUTIONS PVT LTD
A0232,AFREEN TRADERS
A0233,SRI SAIBABA RICE MILL
A0234,AAMISHA FOODS PVT LTD
A0235,KALEESUWARI REFINERY AND INDUSTRY PRIVATE LIMITED
A0236,SAMARTH IMPEX
A0237,REFRATECHNIK  INDIA  PRIVATE LIMITED
A0238,"21ST CENTURY HYBRID SEEDS"
A0239,Sandeep Chemical Industry
A0240,NG EXPORTS INTERNATIONAL
A0241,SJ POLYMERS
A0242,LARUSH ASIA
A0243,EAST INDIA COMMERCIAL COMPANY LIMITED
A0244,AVANTI LEATHERS LIMITED
A0245,Krishna Sai Exports
A0246,HANUMAN TIMBER CO
A0247,ANJALEE GRANITES PRIVATE LIMITED
A0248,NIKHIL INDUSTRIES
A0249,MAYUR GLASS HOUSE
A0250,AMARA IMPEX
A0251,CMANTIX
A0252,MAXWORTH MINERALS INDIA PVT LTD
A0253,RAVIKANTH IMPORTS & EXPORTS
A0254,EISAI PHARMACEUTICALS INDIA PVT LTD
A0255,GAURANGA IMPORTS
A0256,UNITED PETROLUBES
A0257,RHI Clasil Private Limited
A0258,LMR IMPEX
A0259,VEERABHADRA EXPORTS PRIVATE LIMITED
A0260,SSF LIMITED
A0261,SYNERGIES CASTINGS LIMITED
A0262,Radhika Metals and Minerals
A0263,SRI VENKATA VAMSI KRISHNA TIMBERS
A0264,Urbanslabs Pvt Ltd
A0265,SENTINI FLOPIPES PRIVATE LIMITED
A0266,DIEHARD DIES PVT LTD
A0267,GANAPATHI ENTERPRISES
A0268,SB IMPEX
A0269,Mittapalli Agro Products Pvt Ltd
A0270,CARTEL TOBACCOS
A0271,AVANTI FROZEN FOODS PRIVATE LIMITED
A0272,ANANDA FOODS
A0273,PRISTINE FLUIDS PRIVATE LTD
A0274,RAJ CLASS FOODS LTD
A0275,RATHNA PACKAGING INDIA PVT.LTD.
A0276,SREE SAI TRADERS
A0277,SHAKTHI ENTERPRISES
A0278,STANDARD EXPORTS
A0279,SRIGANESH CASHEW
A0280,VERMEIREN INDIA REHAB PVT LTD
A0281,KEDAR FOODS
A0282,SREE AKKAMAMBA TEXTILES LIMITED
A0283,PILKINGTON AUTOMOTIVE INDIA PVT LTD
A0284,VARSHINI GENERAL TRADING COMPANY
A0285,NEELI AQUA PRIVATE LIMITED
A0286,SRI SAI SIVA RICE MILL
A0287,DAIKI ALUMINIUM INDUSTRY INDIA PVT LTD
A0288,SOWBHAGYA LAKSHMI RAW AND BOILED RICE MILL
A0289,AL MADINA TRADING COMPANY
A0290,VENKATA SAI TOBACCO
A0291,KALLAM BROTHERS COTTONS PRIVATE LIMITED
A0292,MITTAPALLI AUDINARAYANA ENTERPRISES PRIVATE LIMITE
A0293,SPRINT EXPORTS PRIVATE LIMITED
A0294,SUNRISE AQUA FOOD EXPORTS
A0295,Ananda Enterprises India Private Limited
A0296,IONIC SOLUTIONS
A0297,Refcom India Pvt Ltd
A0298,SAI SURYA EXPORTS
A0299,VIRCHOW PETROCHEMICAL PRIVATE LIMITED
A0300,SATYA SEA FOODS PVT LTD
A0301,Deccan Fine Chemicals India Pvt Ltd
A0302,ALKALOIDS PRIVATE LIMITED
A0303,MITHRA KYOKUTO SPECIAL PURPOSE VEHICLE CO PVT LTD
A0304,Vidya Info and Construction Services
A0305,VANI TRADING COMPANY
A0306,B K JAVAR & SONS
A0307,KPR ENTERPRISES
A0308,INZI AUTO COMPONENTS AN PRIVATE LIMITED
A0309,N.P. FOODS UNIT - II
A0310,SRI NIKHIL KRISHNA SOLUTIONS
A0311,LINDE INDIA LIMITED
A0312,OMKAR IMPORTS
A0313,MANGAL INDUSTRIES LIMITED
A0314,SRI KSHETRA FOODS PRIVATE LIMITED
A0315,WALTAIR TRADERS
A0316,RG BUILDMART INDIA PVT LTD
A0317,Mahabir Overseas Pvt Ltd
A0318,VMR GRAINS
A0319,BRANDIX APPAREL INDIA PVT LTD
A0320,Porus Laboratories private limited
A0321,ITC LIMITED
A0322,AEQUITAS EXPORTS PRIVATE LIMITED
A0323,EVERBLUE SEA  FOODS PRIVATE LIMITED
A0324,DEVI FISHERIES LIMITED
A0325,GAGAN IMPEX  PVT LTD
A0326,SANDHYA AQUA EXPORTS PVT LIMITED
A0327,SMSEA MARINES PRIVATE LIMITED
A0328,PRAKASH FERROUS INDUSTRIES PVT LTD
A0329,SREE RAYALASEEMA HI STRENGTH HYPO LIMITED
A0330,SATYA EXPORTS
A0331,N.K. AGRO EXPORTS INDIAN  PRIVATE LIMITED
A0332,Sudheer Timbers Private Limited
A0333,EVEREST PLY & VENEERS PVT LTD
A0334,APEX FROZEN FOODS PRIVATE LIMITED
A0335,VENKATESWARA PAPER PRODUCTS PRIVATE LIMITED
A0336,REUNION CLOTHING COMPANY - SEZ
A0337,SHIV SHAKTI INTERCONTINENTAL PVT LTD
A0338,S AND S GARMENT ACCESSORIES INDIA PVT LTD
A0339,MALNAD EXPORTS PRIVATE LIMITED
A0340,Paramesu Biotech Private Limited
A0341,OIL INDIA TRADING COMPANY
A0342,NRCNC TRADERS
A0343,SMSEA CORPORATION
A0344,ANDHRA ORGANICS LTD
A0345,JAYARAJ FORTUNE PACKAGING
A0346,SRI RAM TIMBER DEPOT
A0347,FRESH AND HONEST CAFE LTD
A0348,EnerSys India Batteries Private Limited
A0349,Modern Trading Company
A0350,ALIVIRA ANIMAL HEALTH LIMITED
A0351,K P R AGRO INDUSTRIES PVT LTD
A0352,ADHISHTAN INVESTMENTS INDIA PVT LTD
A0353,HY-GRO CHEMICALS PHARMTEK PVT.LTD
A0354,NILE LIMITED
A0355,RIBEST RIBBONS AND BOWS INDIA PRIVATE LIMITED
A0356,LOTUS MINECHEM RESOURCES PVT LTD
A0357,ADITYA  ENTERPRISES
A0358,RACHEMICALS
A0359,Kalyan Aqua & Marine Exports India Pvt Ltd
A0360,NIKNAM CHEMICALS PVT LTD
A0361,ARS ASSOCIATES
A0362,PRIDE TRADING COMPANY
A0363,Asian Footwear Pvt.Ltd
A0364,SUJAI SHIPPING AND LOGISTICS
A0365,AFREEN ORGANICS & PROTEINS
A0366,RA CHEM PHARMA LIMITED
A0367,AYYAPPA IMPEX
A0368,SRI JAGADAMBA TIMBER DEPTO
A0369,Kerneos India Aluminate Technologies Pvt Ltd
A0370,NAQ FOODS INDIA PVT LTD
A0371,Ivax Paper Chemicals Ltd.
A0372,NEO ZINC OXIDE PVT LTD
A0373,CETC RENEWABLE ENERGY TECHNOLOGY  INDIA
A0374,ARIHANT ENTERPRISE.
A0375,LATH FIBRES
A0376,IMPERIAL PLAST AND BEVERAGES
A0377,GREENLAM INDUSTRIES LIMITED
A0378,Rara hardware
A0379,Numaligarh Refinery Limited
A0380,Vishal Trade  Center
A0381,PS GLOBAL
A0382,CHROMA HYDROPONIC NURSERIES
A0383,S.B ENTERPRISE
A0384,K R INTERNATIONAL
A0385,RONGSHENG MOBILE INDIA PVT LTD
A0386,TUSHAR SALES AND TRADERS
A0387,ASHOKA KRAFT PAPER MILLS LLP
A0388,ECOTECH PAPERS
A0389,HAL OFFSHORE LIMITED
A0390,ASOMIYA PRATIDIN
A0391,BHAIRAV ENTERPRISES
A0392,DS OVERSEAS
A0393,UMAYU INDUSTRIES
A0394,Magnum Industries Unit 3
A0395,GFM TRADERS
A0396,DS INTERNATIONAL
A0397,SOMA ENTERPRISE LIMITED
A0398,NAGARMAL SRINARAYAN BAJAJ
A0399,SHREE UDYOG
A0400,PS UNIVERSAL LLP
A0401,MAHAPRABHU BHANDAR
A0402,SHREE S. K. INDUSTRIES
A0403,S.M. ENTERPRISES
A0404,GULAM QUTUBUDDIN
A0405,UFT RICE MILLS PVT LTD
A0406,A. S. RICE MILLS LLP
A0407,Cable Technology Pvt Ltd.
A0408,GULSHAN TRADING CO
A0409,Himalayan Wool Carding Industries
A0410,SHIVA GLASS IMPEX
A0411,rs knitting udhyog
A0412,ASHOKA CATTLE AND POULTRY FEEDS PRIVATE LIMITED
A0413,Kohinoor Export & Import
A0414,NARAYANI MODERN PULSES INDUSTRIES
A0415,Prestige Carpet Industries
A0416,SHIV SHAKTI DALL MILL PVT LTD
A0417,Jagatbhumi business pvt ltd.
A0418,CFWY TECHNOLOGY COMPANY PVT LTD
A0419,ASHA FURNITURE
A0420,ANMOL ENTERPRISES.
A0421,RAJEEV TRADING COMPANY
A0422,L COMPS AND IMPEX PVT LTD
A0423,M.M.TEK
A0424,ANUTTAMA WELLNESS PRIVATE LIMITED
A0425,NECTAR LIFESCIENCES LTD
A0426,SANRAI MED INDIA PVT LTD
A0427,Baldev Raj Narinder Kumar Sethi
A0428,KTS Ventures
A0429,R K LABORATORIES
A0430,BHARAT GRAPHICS
A0431,SIMPLEX CASTINGS LIMITED
A0432,RSV GLOBAL EXPRESS PRIVATE LIMITED
A0433,herbex exports pvt. ltd.
A0434,SRI SAINATH INDUSTRY PRIVATE LIMITED
A0435,SHREE RAM EQUITECH PRIVATE LIMITED
A0436,ANANT INTERCONTINENTAL PVT LTD
A0437,VIJAY AGROTECH
A0438,EXCELLEX SOLUTIONS
A0439,CHAITANYA SOLVEX PVT LTD
A0440,SPONGE ENTERPRISES PVT LTD
A0441,RAJMATA EXPORT
A0442,SHREE RAM  INDUSTRIES
A0443,MINING MACHINE TOOLS
A0444,K N RESOURCES PRIVATE LIMITED
A0445,MANORAMA INDUSTRIES PRIVATE LIMITED
A0446,VANDANA GLOBAL LIMITED
A0447,MITTAL ALLOY CASTINGS CO
A0448,KT EXPORTS
A0449,MILIND EXPORTS
A0450,GLOBAL MINING EQUIPMENTS
A0451,BHARAT ALUMINIUM COMPANY LIMITED
A0452,P S Steel Tubes Limited
A0453,SYNORGANIC PAINTS PVT LTD
A0454,HONEST DERIVATIVES PRIVATE LIMITED
A0455,SHRI SITA RICE MILLS
A0456,ADITYA SRIJAN PRIVATE LIMITED
A0457,SUKHRAJ MOHANLAL KOTHARI & CO
A0458,BILASPUR CERAMICS PRIVATE LIMITED
A0459,SITAL SOAP PACKAGING PRIVATE LIMITED
A0460,SHIVAM HI-TECH STEELS PVT. LTD.
A0461,SANJAY GRAIN PRODUCTS PRIVATE LIMITED
A0462,HONGLI ENGINEERS LLP
A0463,babulal sarabhai & co
A0464,UMASHREE RICE MILLS PRIVATE LIMITED
A0465,HPRJ AGRI TRADERS PRIVATE LIMITED
A0466,AVI INDIA INTERNATIONAL LLP
A0467,BGR Global Services
A0468,SHAKAMBARI AROMATICS PRIVATE LIMITED
A0469,PRIME
A0470,GAYATRI INDUSTRIES
A0471,BHARAT RESINS PVT.LTD
A0472,PLASTONA
A0473,KLJ Polymers & Chemicals Ltd
A0474,Biopac India Corporation Limited
A0475,GOPINATH SPINNING PRIVATE LIMITED
A0476,BALAJI POLYMERS
A0477,S.S. CORPORATION
A0478,JAY JEE ENTERPRISES
A0479,NEXT POLYMERS LIMITED
A0480,NEW INDIA CUPROTEC
A0481,HIGH GRADE INDUSTRIES  INDIA  PVT. LTD
A0482,GUJARAT COPPER ALLOYS LIMITED
A0483,FLOTECH VELVETS PVT LTD
A0484,M-TECH INDUSTRIES
A0485,SHREE HANUMAN TUBES PRIVATE LIMITED
A0486,SUDARSHAN MINCHEM LTD
A0487,HOMELINE PRODUCTS
A0488,NICO EXTRUSIONS LTD
A0489,UNITECH INTERNATIONAL LIMITED
A0490,HEM INDUSTRIES
A0491,EBULLIENT PACKAGING PRIVATE LIMITED
A0492,SUNLAND ALLOYS
A0493,SHREEJI WOODCRAFT PVT LTD
A0494,MURLI MANOHAR PLASTIK INDUSTRY
A0495,ARTIS TECHNICAL TEXTILE PVT LTD
A0496,SURELOCK PLASTICS PVT LTD
A0497,SOLARIS CHEMICAL CORPORATION
A0498,INDIAN CORK MILLS PRIVATE LIMITED
A0499,DURO INDUSTRIES
A0500,KONARK HERBAL & HEALTH CARE
A0501,UNIFORM SYNTHETICS
A0502,KLJ PLASTICIZERS LTD
A0503,GEELON INDUSTRIES PRIVATE LIMITED
A0504,VINOD MEDICAL SYSTEMS PVT LTD
A0505,JRD Fibre Composite Private Limited
A0506,DEON TAPES INDUSTRIES PRIVATE LIMITED
A0507,FABKEM INDIA
A0508,ADOR POLY-CONTAINERS LTD.
A0509,AERO FIBRE PVT LTD
A0510,Emaarat Marbles Impex
A0511,DEVASHISH POLYMERS PVT LTD
A0512,MULTIPLAST & METAL INDUSTRIES
A0513,MERIT POLYMERS
A0514,Pearl Polypack Industries
A0515,TOTAL PACKAGING SERVICES
A0516,MERIT POLYPLAST
A0517,ALLIED GLOBAL PLASTICS PRIVATE LIMITED
A0518,PARAM WOOD MOULDING  PRIVATE LIMITED
A0519,PEP-CEE PACK INDUSTRIES
A0520,FLAIR WRITING INDUSTRIES LIMITED
A0521,MILAN PLAST PRIVATE LIMITED
A0522,PSL CORROSION CONTROL SERVICES PVT LTD.
A0523,SUPER TEX INDUSTRIES
A0524,PLASTO MAKE
A0525,ALPET CONTAINERS
A0526,HAUSER LIFESTYLE PRODUCTS
A0527,DAMAN POLYTHREAD LTD.
A0528,KRISHNA FROZEN FOODS
A0529,SILVER TEX INDUSTRIES
A0530,POLYFIBRE INDUSTRIES PRIVATE LIMITED
A0531,P.CHHOTALAL MANUFACTURERS AND EXPOTERS
A0532,BOBSON INDUSTRIES
A0533,FCG FLAMEPROOF CONTROL GEARS PVT LTD
A0534,MILAN DECOR PVT LTD
A0535,PACIFIC CYBER TECHNOLOGY PRIVATE LIMITED
A0536,Tirupati Microtech Private Limited
A0537,REAL PLASTICS
A0538,SOVEREIGN PHARMA PVT. LTD.
A0539,INTERIOR ARTS
A0540,STI Apparel Automotion Pvt Ltd
A0541,BRAWN LABORATORIES LIMITED
A0542,RAGHUNATH AGRO INDUSTRIES PRIVATE LIMITED
A0543,MICRO POLYPET PRIVATE LIMITED
A0544,FAUJI EXIM PVT LTD
A0545,CNH INDUSTRIAL INDIA PVT LTD.
A0546,SVL INTERNATIONAL
A0547,Jindal Stainless  Hisar  Limited
A0548,SEER UDYOG
A0549,HEBRON ENTERPRISES
A0550,FRATELLI WINES PVT LTD
A0551,BHARAT RASAYAN LTD
A0552,LEEL ELECTRICALS LIMITED
A0553,SOMANY CERAMICS LIMITED
A0554,AVID ORGANICS PRIVATE LIMITED
A0555,ASIATIC STONE
A0556,AMIRA PURE FOODS PRIVATE LIMITED
A0557,LT FOODS LTD
A0558,MALBROS IMPEX PVT LTD
A0559,JK TYRE & INDUSTRIES LTD.
A0560,STONE WORLD
A0561,Richa Global Exports Private limited
A0562,Biomedicare (India) Pvt Ltd
A0563,Adikar Fashion
A0564,VINMAN STONEY
A0565,JENNEX INTERNATIONAL EXPORTS
A0566,BIOTAVIA LABS PVT. LTD.
A0567,H.R. EXPORT PVT. LTD.
A0568,B. NATHA SINGH KARAM SINGH PVT. LTD.
A0569,KRBL LIMITED
A0570,EMMSONS INTERNATIONAL LIMITED
A0571,AASHIMA IMPEX PRIVATE LIMITED
A0572,NATURE BIOFOODS LTD
A0573,AGS FOURWINDS INDIA PRIVATE LIMITED
A0574,HITONE TRADING & MANUFACTURING COMPANY
A0575,Sun Stone Pvt. Ltd.
A0576,MARAL OVERSEAS LTD
A0577,S V STEELAGE PRIVATE LIMITED
A0578,EXMART INTERNATIONAL PVT LTD
A0579,suman international export import pvt ltd
A0580,EXPEDITORS INTERNATIONAL  INDIA  PVT. LTD.
A0581,MOSER BAER INDIA LTD
A0582,Balaji Tradexim Pvt. Ltd.
A0583,DEEPAK TRADERS
A0584,SAREEN SURGICAL PRODUCTS
A0585,PURE DIETS INDIA LTD
A0586,HOME SOURCE
A0587,SHRI BALAJI CERAMIC PRODUCTS
A0588,HIMACHAL FUTURISTIC COMMUNATIONS LTD
A0589,MEDICAMEN BIOTECH LIMITED
A0590,MARUTI SUZUKI INDIA LIMITED
A0591,BHUSHAN POWER AND STEEL LIMITED
A0592,MRL TYRES LIMITED
A0593,ADVANCE HOME AND PERSONAL CARE LIMITED
A0594,SANUDRISHTI EXPORTS PRIVATE LIMITED
A0595,CONTINENTAL SALES EMPORIUM PRIVATE LIMITED
A0596,kleem agro impex
A0597,DAKSH INDIA SOURCING PVT. LTD.
A0598,Mohindra Fasteners Ltd
A0599,Vinyl Tubes Pvt Ltd
A0600,RPM EXIM PRIVATE LIMITED
A0601,SAMSUNG DATA SYSTEM INDIA PVT LTD
A0602,Akila Trading Pvt Ltd
A0603,ACE DETERGENTS PVT LTD
A0604,ORIENT ELECTRIC  orient paper and industries ltd
A0605,EARTH STONE WORLDWIDE
A0606,Advance Surfactants India Ltd
A0607,Mittal Pigments Pvt. Ltd.
A0608,FENA PRIVATE LIMITED
A0609,ZAKARIA SHAHID INDUSTRIES
A0610,VILLAGE CRAFT INTERNATIONAL
A0611,GROWTH GLOBAL
A0612,RAMA  EXPORTS
A0613,ETHNIC OVERSEAS
A0614,Jindal Arya Impex Private Limited
A0615,SAAR ENTERPISES
A0616,GTC FOODS PRIVATE LIMITED
A0617,WORLDWIDE COMMTRADE PRIVATE LIMITED
A0618,A B MOVERS
A0619,SUPER CIRCLE AUTO LIMITED
A0620,Herbul Henna Export House
A0621,Jadli Foods (India) Pvt. Ltd
A0622,JAK GRUOP PRIVATE LIMITED
A0623,RADHEY RADHEY CREATION
A0624,Narula Overseas Industries Private Limited
A0625,RMG POLYVINYL INDIA LIMITED
A0626,MADAN MOHAN GUPTA
A0627,ALOK MASTER BATCHES PRIVATE LIMITED
A0628,Manvi Impex
A0629,ARICIA SOURCING PVT. LTD.
A0630,Nova Publications
A0631,WINCOM TRADING (INDIA) PVT. LTD.
A0632,Fifo impex
A0633,ADITYA EXPORTS
A0634,LARK LABORATORIES (INDIA) LTD.
A0635,ASIAN RESOURCES INTERNATIONAL
A0636,Shrey Nutraceuticals & Herbals Pvt Ltd
A0637,EXPO TRANS INDIA
A0638,HOME ENSEMBLES
A0639,M K OVERSEAS PRIVATE LIMITED
A0640,SHRI LAL MAHAL LTD.
A0641,JK PAPER  LIMITED
A0642,SEER  INDIA
A0643,ALPHA  INTERNATIONAL
A0644,PYRAMID EXPORTS
A0645,MCCAIN FOODS INDIA PVT LTD
A0646,ARJAN IMPEX PVT LTD
A0647,ASK AUTOMOTIVE PRIVATE LIMITED
A0648,SUPER EXPORT CORP
A0649,SHEELA FOAM LIMITED
A0650,SEEDS & GRAINS INDIA PRIVATE LIMITED
A0651,STAR PAPERS MILLS LTD
A0652,Vedicare Ayurveda Private Limited
A0653,MARVEL VINYLS LIMITED
A0654,SIDDHARTH EXPORTS
A0655,VE COMMERCIAL VEHICLES LTD
A0656,ANNA EXPORTS
A0657,ISHAR DASS AMIR CHAND
A0658,APL APOLLO TUBES LIMITED
A0659,FILATEX INDIA LTD
A0660,SHRI AMBICA INTERNATIONAL FOOD COMPANY PRIVATE LTD
A0661,MUBARAK OVERSEAS PRIVATE LIMITED
A0662,GRAZIANO TRASMISSIONI INDIA PRIVATE LIMITED
A0663,KNITCRAFT APPARELS INTERNATIONAL PRIVATE LIMITED
A0664,BRY AIR ASIA PRIVATE LIMITED
A0665,Magotteaux Industries Pvt Ltd
A0666,Spentex Industries Limited
A0667,AL NOOR EXPORTS
A0668,AL AZAN EXPORTS
A0669,SARVPRIYA EXPORTS PRIVATE LIMITED
A0670,SEZARD (INDIA)
A0671,GARG TUBE EXPORT LLP
A0672,GOLDEN EXPORTS
A0673,R.V. OVERSEAS
A0674,NATIONAL  INDUSTRIAL CORPN.  LTD.
A0675,HEJAL INTERNATIONAL ARGO SERVICE
A0676,SIGMA CORPORATION (INDIA) LIMITED
A0677,EXPOTEC INTERNATIONAL PRIVATE LIMITED
A0678,Metso India Private Limited
A0679,SHREYSHA TEXTILES PRIVATE LIMITED
A0680,CARE LABORATORYS AND MEDICAL SUPPLIES
A0681,COASTAL ENTERPRISES
A0682,Malbros Marbles and Granites Industries
A0683,VINOD RICE MILL PRIVATE LIMITED
A0684,M.R.OVERSEAS PRIVATE LIMITED
A0685,Tilda Hain India Private Limited
A0686,G.M.EXPORTS
A0687,JENNEX INTERNATIONAL
A0688,D.R. COMMODITIES PRIVATE LIMITED
A0689,TRIMAX INTERNATIONAL
A0690,DURA LINE INDIA PRIVATE LIMITED
A0691,Om Glass works pvt ltd
A0692,ASP SEALING PRODUCTS LIMITED
A0693,V.R.A.Cotton Mills Pvt. Ltd.
A0694,U M ENTERPRISES
A0695,U V EXPORTS  PRIVATE LIMITED
A0696,U AND R EXPORTS
A0697,B. NATHA SINGH KARAM SINGH
A0698,SHUBH PRINTERS PRIVATE LIMITED
A0699,ASPUN TRADING PRIVATE LIMITED
A0700,SURYA INTERNATIONAL .
A0701,MEEM AGRO FOODS PRIVATE LIMITED
A0702,SAGARI LEATHERS PVT LTD
A0703,PADIA EXPORTS PVT LTD
A0704,P.R.Seeds & Grains Private Limited
A0705,NORMA (INDIA) LIMITED
A0706,SHARDA EXPORTS
A0707,NAGODE INTERNATIONAL PVT.LTD.
A0708,KNIT INDIA
A0709,B.S. SHAKTI STEEL PRIVATE LIMITED
A0710,M.K.S.INFOSOLUTIONS PRIVATE LIMITED
A0711,Wrigley India Private Limited
A0712,AYURVET LIMITED
A0713,GRACURE PHARMACEUTICALS LIMITED
A0714,AAMOR INOX LIMITED
A0715,FIROZABAD GLASS SHELL INDUSTRIES
A0716,SWASTIK POLYMERS
A0717,AAYUSH FOOD AND HERBS LIMITED
A0718,CIRIA INDIA LTD
A0719,AVSL INDUSTRIES LIMITED
A0720,ZAHIN OVERSEAS
A0721,FORECH MINING & CONSTRUCTION INTERNATIONAL LLP
A0722,TRYSHOERA INDIA PVT LTD
A0723,ALIZA FROZEN FOOD PVT LTD
A0724,LUNA CHIMICALS INDUSTRIES PCT. LTD.
A0725,RAJAN MANUFACTURING PRIVATE LIMITED
A0726,AL BARKAT ENTERTRPRISES
A0727,DHANJAL ENGINEERING WORKS
A0728,SPIROTECH HEAT EXCHANGERS PRIVATE LIMITED
A0729,Eastern Fashions International
A0730,V.R. IMPEX (INDIA)
A0731,MANDAP INTERNATIONAL PVT. LTD
A0732,Neptune Exports
A0733,DALAS BIOTECH LIMITED
A0734,ZERO GAP OVERSEAS
A0735,C.L. International
A0736,Bindra Motors Pvt. Ltd
A0737,GREENFIELD TRADING FZC
A0738,SunGold Trade Private Limited
A0739,AASHIRVAD INTERNATIONAL.
A0740,APIS INDIA LIMITED
A0741,ARVICON INTERNATIONAL
A0742,AICA LAMINATES INDIA PRIVATE LIMITED
A0743,KUNDAN POWER PRODUCT PVT LTD
A0744,SURYA ROSHNI LTD
A0745,GOOD LUCK ENGINEERING CO.
A0746,ORIENTAL CARBON & CHEMICALS LIMITED
A0747,IMPERIA LIFE SCIENCES PRIVATE LIMITED
A0748,THE HEMANT EXPO.
A0749,Basko Foods
A0750,MENTHA & ALLIED PRODUCTS PRIVATE LIMITED
A0751,G.D.FOODS MANUFACTURING (INDIA) PRIVATE LIMITED
A0752,SURYA GLOBAL STEEL TUBES LTD
A0753,Ananta Medicare Limited
A0754,GOODWILL PRINTERS
A0755,R. E. Rogers India Private Limited
A0756,COPPICE TECHNOLOGIES PVT LTD
A0757,ALBATROS INDIA
A0758,Madhav Ventures Private Limited
A0759,MNG OVERSEAS PRIVATE LIMITED
A0760,S.K.K.. AGRO PRIVATE LIMITED
A0761,FIVE CORE ELECTRONICS LIMITED
A0762,CI CAR INTERNATIONAL PRIVATE LIMITED
A0763,AL ZIA EXPORTS PRIVATE LIMITED
A0764,Be office Automation Products Pvt  Ltd
A0765,AMIR CHAND JAGDISH KUMAR (EXPORTS) LIMITED
A0766,PUNJAB BEVEL GEARS LTD
A0767,KANCHAN INTERNATIONAL
A0768,ART-N-GLASS INC
A0769,AL HASANAT BOOKS PRIVATE LIMITED
A0770,Replika Press Pvt Ltd
A0771,SHREE JAINA RICE PVT LTD
A0772,AMRIT INDUSTRIES
A0773,FRISCO GLOBAL PRIVATE LIMITED
A0774,PEARL OVERSEAS
A0775,KEY LIFE SCIENCES PVT. LTD.
A0776,PRABKIRAT SALES PRIVATE LIMITED
A0777,AL-NASIR EXPORTS PRIVATE LIMITED
A0778,MAXAM INDIA PVT. LTD.
A0779,WEAVETEX OVERSEAS
A0780,Neokraft Global Private Limited
A0781,GARG TUBE LIMITED
A0782,GOYAL IMPEX
A0783,K4 SYSTEM LLP
A0784,NUFLOWER FOODS AND NUTRITION PRIVATE LIMITED
A0785,NEOLITE ZKW LIGHTINGS PRIVATE LIMITED
A0786,PARGATI MOULD PLAST
A0787,INSTYLE OVERSEAS LLP
A0788,GUJARMAL MODI HOSPITAL AND RESEARCH CENTRE FOR MED
A0789,PARKASH DYE CHEM
A0790,KAMLA EXPORTS
A0791,ASHUTOSH OVERSEAS FOOD EXPORTS PVT LTD
A0792,STONEX
A0793,Sharp Ferro Alloys Limited
A0794,PODDAR GLOBAL PRIVATE LIMITED
A0795,T T LIMITED
A0796,GALLIUM INDUSTRIES LTD
A0797,R B ENTERPRISES
A0798,SIMRAN EXPORT INC
A0799,GAIL INDIA LTD
A0800,SHRI GANPATI PAPER UDYOG
A0801,MTC IMPEX PRIVATE LIMITED
A0802,PARSVNATH OVERSEAS
A0803,ONEWORLD CORPORATION PRIVATE LIMITED
A0804,Karan Fab
A0805,AL HASSAN OVERSEAS PVT.LTD
A0806,MAGIC INTERNATIONAL PVT. LTD.
A0807,SAVI ENGINEERS PRIVATE LIMITED
A0808,TINNA RUBBER & INFRASTRUCTURE LIMITED
A0809,A K INTERNATIONAL
A0810,METAFRIQUE TRADING PRIVATE LIMITED
A0811,ATC FOODS PRIVATE LIMITED
A0812,KHATEMA FIBRES LIMITED
A0813,DCM SHRIRAM INDUSTRIES LTD
A0814,BOLANI TRADING CO
A0815,H.K.INDUSTRIES
A0816,GANGA SARAN EXPORTS PVT LTD
A0817,JAKSON LIMITED
A0818,ACE NONWOVEN PVT LTD
A0819,GOODWILL INTERIORS
A0820,SIMPEX OVERSEAS PVT.LTD.
A0821,BROTHERS CARBIDE CUTTING TOOLS PVT LTD
A0822,Heritage India Exports Private Limited
A0823,HENNA HERBS AND THINGS
A0824,Tirath singh & Sons
A0825,Parvati  P  Ltd.
A0826,PUSHPANJALI ENTERPRISES PVT.LTD.
A0827,SONALI ENTERPRISES
A0828,NUTRI SWEETS PRIVATE LIMITED
A0829,GLOBAL TRADING CO.
A0830,J J Enterprise
A0831,AL-HIND TRADING
A0832,METHODEX SYSTEMS PRIVATE LIMITED
A0833,Kumar Impex
A0834,METENERE LIMITED
A0835,RATIONAL BUSINESS CORPORATION PVT LTD
A0836,MORATA INDIA PVT LTD
A0837,CONSOLIDATED CARPET INDUSTRIES LTD
A0838,PRAGATI PAPERS INDUSTRIES LTD.
A0839,Plus Points
A0840,Starcore Refrigeration Ltd
A0841,PAYAL POLYPLAST PRIVATE LIMITED
A0842,KOHINOOR FOODS LIMITED
A0843,MARUTI IMPORTS AND MARKETING
A0844,G.T. FRUITECH PVT. LTD.
A0845,H.R.METAL STORE
A0846,DELHI PAPER TRADERS
A0847,DISHA TECHNOLOGIES
A0848,SUNRISE INTERNATIONAL.
A0849,SUPERTEK LABELS INDIA
A0850,Molvizadah Sons India Pvt Ltd
A0851,SURABHAYEE UDYAM PVT LTD
A0852,Coolmate Refrigerants Private Limited
A0853,ABHI RUBBER & CHEMICALS
A0854,E WORKS INDIA
A0855,KANVAR CORPORATION
A0856,ORNATE AGENCIES PVT LTD
A0857,Khushi International
A0858,vardhman overseas
A0859,NYSA INTERPACK
A0860,MONTAGE GLOBAL PRIVATE LIMITED
A0861,ADINATH TRADERS
A0862,DIMPLE REXINE STORE
A0863,S P TRADING CO
A0864,KUMAR SHOE CO.
A0865,INDOSPIRIT BEVERAGES PRIVATE LIMITED
A0866,R L ENTERPRISES
A0867,GINNI INTERNATIONAL LTD
A0868,SUMIT MARKETING
A0869,POOJA TRADING CO
A0870,SOBOTECH INDUSTRIES PRIVATE LIMITED
A0871,KinderArt Impex
A0872,BAWA TRADING
A0873,NECTAR INDUSTRIES PVT LTD
A0874,MAHA MRITYUNJAY OVERSEAS
A0875,JMD CARGO MOVERS
A0876,UTILITY FORMS  PVT. LTD
A0877,UNIVERSAL IMPORTS & EXPORTS
A0878,GLOBAL INDIA
A0879,A M VINYL PVT. LTD.
A0880,J.M. INTERNATIONAL
A0881,UNIQUE FLOORING
A0882,EXCEL PACK PRIVATE LIMITED
A0883,U.S. IMPEX
A0884,SRSS AGRO PVT LTD.
A0885,Darshan Foods Private Limited
A0886,BAJRANG AUTO PARTS
A0887,P.K OVERSEAS PVT LTD
A0888,SRIDHAR EXPORTS
A0889,Sukhvinder Pal Singh & Sons  HUF
A0890,EPS Instrumentation Pvt Ltd.
A0891,PLG Impex
A0892,SATNAM EXPORTS
A0893,Indo Chemicals Pvt. Ltd.
A0894,RAJ ENTERPRISES
A0895,PREMIER BAGS
A0896,HAN INTERNATIONAL
A0897,G B International
A0898,SAHARA SOFTLINE
A0899,KIRPAL ENTERPRISES
A0900,RAKSHAN HOME STYLES
A0901,GURU ENTERPRISES
A0902,STARLITE INDUSTRIES PVT. LTD.
A0903,ANTAK AGENCIES  INTERNATIONAL
A0904,ANKIT PAPER PRODUCTS
A0905,GSR International
A0906,RUBBER INDIA
A0907,SANYA EXIM PRIVATE LIMITED
A0908,KRISH GLOBAL
A0909,G.S.T. CORPORATION LIMITED
A0910,ARFIN INTERNATIONAL
A0911,S S Engineering Company
A0912,MANAV ENTERPRISES
A0913,S.R. KUMAR INTL
A0914,AL-HAADI EXPORT
A0915,SAI TRADING COMPANY
A0916,AR IMPORT AND EXPORT HOUSE PVT LTD
A0917,ace impex
A0918,PAPER FIBER IMPEX
A0919,adfab
A0920,ARC Worldwide Pvt Ltd
A0921,SANTA FE MOVING SERVICES PRIVATE LIMITED
A0922,EMPIRE TRADING
A0923,LARS MEDICARE PVT. LIMITED
A0924,ALEXIS ENTERPRISES PVT LTD
A0925,MAIDEN PHARMACEUTICALS LIMITED
A0926,Eco Roots Foods Pvt Ltd
A0927,APSG APPARELS
A0928,RICHES GEMSTONES
A0929,DOLPHIN EXPORTS INTERNATIONAL
A0930,BHARTI TRADING CO.
A0931,Arushii  More Design  Pvt. Ltd.
A0932,ANAND INTERNATIONAL.
A0933,LEDURE LIGHTINGS LIMITED
A0934,AVI OIL INDIA PVT. LTD.
A0935,INDUSTRIAL EXIM PRIVATE LIMITED
A0936,KANODIA TECHNOPLAST LTD
A0937,BIRD AUDIO ELECTRONICS
A0938,FAB HIDES & LEATHERS
A0939,TRISING PAPERS PVT LTD
A0940,RBN INDUSTRIES
A0941,RS ALLOYS
A0942,MAASHIAN DI HATTI PVT LTD
A0943,INDIA DYE CHEM
A0944,SHANDONG WEICHAI
A0945,EAST WEST BROTHERS LIMITED
A0946,M S METAL CO.
A0947,CHARVAK TRADING PRIVATE LIMITED
A0948,KRIPAL TRADING CORPORATION
A0949,PEBBLES
A0950,ROYAL EXPORT.
A0951,CITI CHEMICALS
A0952,TDRL TRADING CO
A0953,Shri Balaji Fruits Pvt. Ltd.
A0954,narayan enterprises
A0955,Pernod Ricard India Private Limited
A0956,Bishan Saroop Ram Kishan Agro Private Limited
A0957,BEETA CONVEYORS PRIVATE LIMITED
A0958,SUDHIR AUTOMOTIVE INDUSTRIES PRIVATE LIMITED
A0959,SIMCO AUTO LIMITED
A0960,MAJA HEALTH CARE DIVISION
A0961,WAAMAN PRODUCTS PRIVATE LIMITED
A0962,AKSHAT ENTERPRISES
A0963,WRH GLOBAL INDIA PVT LTD
A0964,JSR MERCHANTS LLP
A0965,SURI AGRO FRESH PRIVATE LTD
A0966,TALBROS SEALING MATERIALS PVT. LTD.
A0967,Phoenix Global Medical Consultancy
A0968,GREAT ROCKSPORT PRIVATE LIMITED
A0969,ADITYA POLY FILMS
A0970,Stalwart Technik Private Limited
A0971,PARADISE PLASTOPACK PVT. LTD.
A0972,DUTTA PRESS
A0973,INLAND BEARING CENTRE
A0974,GAURAV ENTERPRISES
A0975,KAKAR TRADINH COMPANY
A0976,Sharma machine tools
A0977,SAS STEEL SCRAP
A0978,COME COME INDIA
A0979,AKG WOOD POINT
A0980,mukul overseas
A0981,SHOBHIKA MEDIA PRIVATE LIMITED
A0982,SHREE KHATU JEE ASSOCIATES
A0983,PREM IMPEX
A0984,PAMPOSH CHEMICALS PVT LTD
A0985,SHAILJA PAPERS LTD
A0986,KAGAZ UDYOG
A0987,A.A. ENTERPRISES
A0988,Fabric Hub India
A0989,AVON INDUSTRIES
A0990,SHREE ENTERPRISES.
A0991,LDPE INDIA
A0992,EUROLINK
A0993,EAGLE ENTERPRISES
A0994,Satyaimpex india private limited
A0995,JAI INTERNATIONAL.
A0996,PURAN CHAND AND SONS
A0997,AVON TRADERS
A0998,RETRO FOOTWEARS PRIVATE LIMITED
A0999,OUTLOOK PUBLISHING  INDIA  PRIVATE LIMITED
A1000,AKSH OPTIFIBRE LIMITED
A1001,RICE INDIA EXPORTS PVT. LTD.
A1002,K STORE THE CROCKERY LOUNGE
A1003,JYOTI RUBBERS PVT LTD
A1004,Vedant Export
A1005,Prestige Wines and Spirits Private Limited
A1006,Bansal Traders
A1007,vishal marbles
A1008,G AND D TRADERS
A1009,ACUMEN GLOBAL SOLUTIONS
A1010,VRINDA PAPERS PVT LTD
A1011,COMPACT PLY BOARDS PVT LTD
A1012,J B HOSIERY UDYOG
A1013,CUSP INTERNATIONAL PVT. LTD.
A1014,Mech India Industries
A1015,AHUJA RADIOS
A1016,APJ STEEL IMPEX PVT.LTD
A1017,A N D ENTERPRISES
A1018,ADINATH ENTERPRISES
A1019,NOBEL INDIA OVERSEAS
A1020,PROEC ENERGY LTD
A1021,BRINDCO SALES PRIVATE LIMITED
A1022,TRACK MANUFACTURING CO PRIVATE LIMITED
A1023,QUEEN IMPEX PRIVATE LIMITED
A1024,Mat Brakes India Private Limited
A1025,ARVEN TEXKNIT PVT LTD
A1026,A B TRADING COMPANY
A1027,RAM KISHORE NAGARMAL MARKETING PVT LTD
A1028,KARAN INTERNATIONAL
A1029,Columbus Enterprises
A1030,RANK OFFICE AUTOMATION PVT LTD
A1031,RAUT TRAD LINK INDIA
A1032,SHANN EXPORTS CO.
A1033,KUTUB KHANA ISHAYAT UL ISLAM
A1034,FASHIONKHOR.COM
A1035,RAJKAMAL OVERSEAS
A1036,Nahar Trading Co.
A1037,krypton international
A1038,WORLD ONE TRADING CO.
A1039,Asia Enterprises
A1040,Kasa Trading
A1041,JAGADGURU KRIPALU PARISHAT  BHAKTI DHAM
A1042,SUPER INDUSTRIES
A1043,KRAFTILE INTERNATIONAL
A1044,DAIVIK EXIM
A1045,MOHIT INDUSTRIES
A1046,READ SMART PUBLISHERS PVT LTD
A1047,LAKSHYA TRADERS
A1048,MICROPOLO OVERSEAS
A1049,Himani Offset
A1050,SUNRISE IMPEX DELHI
A1051,Y.M. BARKSHAN INTERNTIONAL
A1052,CROWN WORLDWIDE MOVERS PVT LTD
A1053,RITU PAPER MART
A1054,GRAPE MARKETING PVT. LTD
A1055,Ranjit Metals Industries
A1056,Max Electronics
A1057,JAI SAI OVERSEAS
A1058,DINESH PLASTIC WORKS
A1059,SRC OVERSEAS
A1060,TRIKON MACHINE PVT.LTD
A1061,STAR GLOBAL MULTI VENTURES PRIVATE LIMITED
A1062,DEOL WORLD BOOK CO
A1063,R R PACKAGING
A1064,F C ENTERPRISES PRIVATE LIMITED
A1065,SUPERSONIC WELD EQUIPMENTS
A1066,JAI MATA TRADERS
A1067,J BROTHERS
A1068,N.C. METALS AND ALLOYS
A1069,JBC PLYWOOD PVT. LTD.
A1070,OM INTERNATIONAL PAPERS
A1071,GRN CELLULOSE PRIVATE LIMITED
A1072,VED IMPEX LLP
A1073,D D ENTERPRISES
A1074,JEET ENGINEERING WORKS
A1075,CALPRO FOODS PVT LTD
A1076,LOTUS KALEEN PVT. LTD
A1077,ALPINE GLOBAL PRIVATE LIMITED
A1078,MRNT ENTERPRISES
A1079,SIRI RAM & SONS
A1080,RELIABLE PRINTIC INK CO
A1081,SHREE SAI IMPORT
A1082,VIBHUTI OVERSEAS
A1083,SEATON IMPEX
A1084,STUTI UDYOGS PVT LTD
A1085,SRC IMPEX
A1086,SHIV POLYMERS
A1087,japnit enterprises private limited
A1088,Shiva Traders.
A1089,N K AND CO.
A1090,KIRAN EXIM TRADE PVT LTD
A1091,NP IMPEX
A1092,CAPITAL ELECTRONICS & HARDWARE STORE
A1093,COSCO  INDIA  LIMITED
A1094,VANGUARD KEMAGRO PVT. LTD.
A1095,Hercules International
A1096,R S IMPEX
A1097,TOLA RAM AND SONS
A1098,AGRO & AUTO IMPEX
A1099,GAURVI MACHINE HOUSE
A1100,POLY MEDICURE LIMITED
A1101,ALIDIA POWERTRONICS P LTD
A1102,MADHAV IMPEX
A1103,KAYPEE ENTERPRISES
A1104,RAJ IMPEX.
A1105,SIGNATURE GLOBAL INDIA PRIVATE LIMITED
A1106,HARSH IMPEX.
A1107,VINAYAK GLOBAL CORPORATION
A1108,POLY PRODUCTS
A1109,SINGH INTERNATIONAL
A1110,BABA FASHIONS COMPANY
A1111,MERMAID ENTERPRISES
A1112,C & S ELECTRIC LTD.
A1113,SUMAN GRAPHICS
A1114,ACTION INTERNATIONAL PRIVATE LIMITED
A1115,ADVANCE TEXTILE PRODUCTS
A1116,DASS CHEMICAL INDUSTRIES
A1117,POOJA PLASTO COLOUR PVT. LTD.
A1118,Vos Technologies India Pvt Ltd
A1119,NEW NATIONAL RADIOS
A1120,COMPACT INDIA PVT LTD
A1121,Naveen Impex
A1122,BALAJI TRADE LYNCS
A1123,SIDDHI VINAYAK ENTERPRISES
A1124,ASSOCIATED PLASTICS
A1125,Natural Classics Inc.
A1126,DEVINE MEDITECH
A1127,PILOT INDUSTRIES LIMITED
A1128,PRETTY PETALS PRIVATE LIMITED
A1129,Bose Corporation India Private Limited
A1130,PRIZMA ENTERPRISES
A1131,PROSPER CHOICE IMPORT EXPORT
A1132,VENUS BEAUTY SOLUTIONS PVT LTD
A1133,DEEPIKA AVIATION PRIVATE LIMITED
A1134,vansh international
A1135,"7GOLDENAILES LOGISTICS PVT LTD"
A1136,DELUXE SCIENTIFIC SURGICO PVT LTD
A1137,SRI KRITI
A1138,WINDSOR EXPORTS
A1139,SANMATI APPRAISAL LIMITED
A1140,Grover Impex Pvt Ltd
A1141,MUKESH MARKETING PVT. LTD.
A1142,Maan Infrastructure Pvt Ltd
A1143,ALLIED TRADING CORPORATION
A1144,METALLIC ALLOYS
A1145,NATIONAL TEXTILE CORPORATION LTD
A1146,STERLING OVERSEAS
A1147,TWO SISTERS COMPANY
A1148,PREMIER TIMBER AND TRADING PVT LTD
A1149,Dr Papers
A1150,SKYWAYS INTERNATIONAL
A1151,MATRIX INDUSTRIAL SOLUTIONS
A1152,Suresh Trading Company
A1153,WELTEX INDIA
A1154,RADCO BUILDTECH PRIVATE LIMITED
A1155,S  E ASIA CO
A1156,VMP TRADERS
A1157,RAJEEV INTERNATIONAL
A1158,J D INTERNATIONAL
A1159,SHALINI IMPEX.
A1160,PERFECT PISTONS INDIA
A1161,D.S. ENTERPRISE
A1162,R G TOYS & NOVELTIES
A1163,CHEMROW INDIA PVT. LTD.
A1164,VIPIN & SONS  HUF
A1165,TIRUPATI IMPEX.
A1166,MOHAN FABRICS
A1167,KANAN ENTERPRISES
A1168,ALLIED ENGINEERING WORKS PRIVATE LIMITED
A1169,S K ENTERPRISES.
A1170,EVER SHINE IMPEX
A1171,G. S ELECTRONICS
A1172,MAGNOVA REALTY AND INFRASTRUCTURE PVT LTD
A1173,Hampri Impex P Ltd
A1174,SHIVA IMPEX
A1175,ASIA TRADERS
A1176,ANK EXPORTS
A1177,NEXXA COMPOUNDS PVT LTD
A1178,TAURUS INC
A1179,GARG IMPEX.
A1180,KASHISH OPTICS LIMITED
A1181,K.I.S. INTERNATIONAL
A1182,RSA FASTNERS
A1183,F T C OVERSEAS
A1184,ARYAN INTERNATIONAL
A1185,DECENT CONCEPT PRIVATE LIMITED
A1186,SARAH FOODS
A1187,OM INDIA TRADING COMPANY PRIVATE LIMITED
A1188,LEINER SHOES PVT LTD
A1189,K R MEHRA
A1190,AKS IMPEX
A1191,AARDEE SPECIALS
A1192,INDUSTRIAL DAMPING SOLUTION
A1193,Shri Parkash Overseas
A1194,cm trading co.
A1195,BIMAL PAPERS PVT.LTD
A1196,SAHIL INTERNATIONAL
A1197,RAD ELAN DISTRIBUTORS PRIVATE LIMITED
A1198,SANCHETI VINYL
A1199,BEST POLCHEM LIMITED
A1200,RAM PARTAP LEHARI MAL PVT. LTD.
A1201,S R Polyvinyl Ltd
A1202,Kumar Trading Corporation
A1203,MAXOP ENGINEERING COMPANY PRIVATE LIMITED
A1204,MAXXLINK INTERNATIONAL CORPORTAION
A1205,K R O FOOD INDUSTRIES
A1206,KRISHIJA OPTICS LIMITED
A1207,COLLECTIVO OILS PRIVATE LIMITED
A1208,GITWAKO FARMS  I  PVT LTD.
A1209,GUPTA WOOD PRODUCTS
A1210,HOTEL LOHIAS
A1211,DEV RAJ RANGWALA
A1212,RAZAN EXIM
A1213,AURA STONES
A1214,TENERON LIMITED
A1215,Trontek Electronics Pvt Ltd
A1216,Royale Industries
A1217,SHRI NIWAS FOOD INDUSTRIES
A1218,PRUDENT TRADERS AND DISTRIBUTORS
A1219,TRANSCORE TRADERS
A1220,HOPPER INTERNATIONAL
A1221,JUPITER TRADING IMPEX
A1222,JAI PRAKASH AND SONS
A1223,Paramount Surgimed Ltd
A1224,DIVINE ENTERPRISES
A1225,SIDHI VINAYAK TRADING CO.
A1226,SXKH Automation India Pvt Ltd
A1227,PRAHLAD RAI MANOJ KUMAR
A1228,BK ENTERPRISES
A1229,ARVS Equipments Private Limited
A1230,PANKAJ ENTERPRISES
A1231,Shivalik Bimetal Controls Ltd.
A1232,JAGOO OVERSEAS
A1233,KESHO RAM INDUSTRIES
A1234,JAI AMBE SALES
A1235,Prestige Distributors
A1236,IVT EXIM
A1237,GOLD PLUS GLASS INDUSTRY LIMITED
A1238,BANSAL LUMBERS PRIVATE LIMITED
A1239,IMPORT HUB
A1240,VIJAY PRAKASH AEROMARINE METALS PVT LTD
A1241,YASH METAL & ALLOYS
A1242,manvi enterprises
A1243,Chamak Holdings Limited
A1244,S.S MARKFIN PVT.LTD
A1245,PENAM LABORATORIES LIMITED
A1246,OVERSEAS EXPORT
A1247,ZEETA OVERSEAS LLP
A1248,MEGAN ENTERPRISES PRIVATE LIMITED
A1249,FUSION POWER SYSTEMS
A1250,BANSAL TRADING CO
A1251,SANJAY GEAR TECK INDIA
A1252,pfeda synthetics pvt ltd
A1253,MAHAAN MILK FOODS LIMITED
A1254,NEW AGE TRADERS
A1255,GURU OVERSEAS
A1256,Aaryan Mirai Pvt. Ltd.
A1257,SAMRAJ POLYTEX LTD
A1258,D AND A TRADERS
A1259,Creative Industries
A1260,NEERU MARKETING PVT. LTD.
A1261,NAINA RECYCLING
A1262,JAINA PAPERS
A1263,S K ENTERPRISES
A1264,balaji trading company
A1265,V.K. IMPORT & EXPORT CO.
A1266,INDUSTRIAL DISTRIBUTORS
A1267,RK IMPEX
A1268,UNIPATCH RUBBER LIMITED
A1269,SUKHBIR AGRO ENERGY LIMITED
A1270,Avon Electrical Industries
A1271,AGSON GLOBAL PRIVATE LIMITEAD
A1272,PARIKSHAT INDUSTRIES
A1273,S K GROUP INTERNATIONAL
A1274,MS IMPEX
A1275,PERFECT TOOLS  INDIA
A1276,Catalysts Bio
A1277,MLJP CHEMICALS LIMITED
A1278,K.S. COMMODITIES PVT. LTD.
A1279,Two Roots Co.
A1280,OM SIDDH VINAYAK IMPEX PVT LTD
A1281,MAGNET & ELECTRONICS INDIA
A1282,SHRI BALAJI D.J. LIGHT AND SOUND
A1283,AKHANDJYOTI TRANSMISSION & DEVELOPERS LTD
A1284,MUKESH STEEL
A1285,CITY EQUIPLINK PRIVATE LIMITED
A1286,Tulip Impex
A1287,KRISHNA FABRICS
A1288,FANCY FABRICS INC
A1289,GEE KAY COMPUTERS
A1290,NOUVELLE CREDITS PVT LTD
A1291,SUNRISE THE GIFT WORLD
A1292,VIAADI INTERNATIONAL
A1293,MLJ & SONS
A1294,ASPL EXIM PRIVATE LIMITED
A1295,INDIAN TONERS & DEVELOPERS LIMITED
A1296,KING FROZEN FOODS
A1297,ALLIANZ GLOBAL
A1298,AGASAYA CREATIONS PRIVATE LIMITED
A1299,GARG INDUSTRIES.
A1300,Gourav Enterprises
A1301,PROMINENT AGRO INDUSTRIES PVT LTD
A1302,SURYA ENTERPRISES
A1303,BRIJ RAJ HOLDINGS
A1304,GARDINER EXIM PRIVATE LIMITED
A1305,SIDDHARTH INNOVATIONS AND MARKETING COMPANY
A1306,STAR LUBE INDIA
A1307,SARAF FINCOM PVT. LTD
A1308,SOMITO ENTERPRISES
A1309,SMK PETRO CHEMICALS PVT LTD
A1310,M K VELVETS PVT LTD
A1311,MISHIKA ENTERPRISES
A1312,JK INTERNATIONAL GLASS HOUSE LLP
A1313,FSD BUILDING MATERIALS PVT LTD
A1314,RAJ POLYMERS
A1315,JAI MATA STORE
A1316,VEETEX HOSIERY WORKS
A1317,STEADFAST OFFICE AUTOMATION PRIVATE LIMITED
A1318,Orient Links Pvt Ltd
A1319,SAI BABA INTERNATIONAL
A1320,Drytec Industries Private limited
A1321,A CUBE TOOLS AND HARDWARE LLP
A1322,GAE Impex Private Limited
A1323,Diamond Grains Overseas
A1324,BANSAL TRADING CO.
A1325,CLOTHING CULTURE
A1326,NEW HORIZON KNITS PRIVATE LIMITED
A1327,K R S  ENTERPRISES
A1328,R S INDUSTRIES
A1329,A.S. TRADING IMPEX
A1330,EXEN CHEM
A1331,A-ONE INTERNATIONAL
A1332,Pathways Marketing And Consulting Group
A1333,SHIVA METALLOYS INTERNATIONAL LTD
A1334,MR ENTERPRISES
A1335,PMP IMPEX
A1336,SRS TECHNO SOLUTIONS PRIVATE LIMITED
A1337,JEOL INDIA PRIVATE LIMITED
A1338,MAGS FREIGHT SERVICES LLP
A1339,SHINE EXPORTS
A1340,ARTEX TEXTILE PVT LTD
A1341,PEARL ENTERPRISES
A1342,PASHMEEN OVERSEAS
A1343,GOVIND INTERNATIONAL
A1344,NITIN IMPEX
A1345,RAJ METRO CERAMICS PRIVATE LIMITED
A1346,DERBY OVERSEAS PVT. LTD.
A1347,MANOJ KUAMR & SONS  HUF
A1348,A KING ENTERPRISES
A1349,SHRI RAM TELECOM
A1350,RNS TRADERS
A1351,HEMKUNT ENTERPRISES
A1352,SUNRISE ENTERPRISES
A1353,PAARSH ENTERPRISE
A1354,SPLENDID FABRICS
A1355,BRIJBASI TRADERS
A1356,R.G. MARKETING
A1357,KUKREJA AGENCIES
A1358,Shri Mahavir Timbers
A1359,SAGAR OVERSEAS
A1360,N E  IMPEX PVT. LTD.
A1361,Shourya Hygienes
A1362,Jai Shree Stationers Pvt Ltd
A1363,Areva International
A1364,Mohd. Rayyan Usman Exporters
A1365,NSC INTERNATIONAL PVT LTD
A1366,RED ORCHID SUPPLY PRIVATE LIMITED
A1367,sakshi markfin pvt ltd
A1368,SAB FITNESS & TRAINING CENTRE PVT LTD
A1369,Jai Durga Traders
A1370,KANISHK OVERSEAS PRIVATE LIMITED
A1371,CHOWDHARY RUBBER & CHEMICAL PVT.LTD.
A1372,PRINT GLAZE IMPEX
A1373,EVEREST ENTERPRISES
A1374,Foam Supplies India Pvt. Ltd
A1375,MUKESH STEEL TRADING
A1376,QUICKLIFT TRADERS
A1377,PACE PRO AUDIO PVT LTD
A1378,ELANOR SURGICALS
A1379,S.K.IMPEX.
A1380,DMAP CORPORATIONS
A1381,PVK CORPORATION
A1382,HIND ASIA TRADERS
A1383,KASHIF ENTERPRISES
A1384,DORSET INDUSTRIES PVT LTD
A1385,BALAJI INTERNATIONAL.
A1386,VAENTERPRISES
A1387,ADHUNIK NIRYAT ISPAT LTD
A1388,AV ENTERPRISES
A1389,STARLITE INTERNATIONALS
A1390,ROYAL ASIA MARKETING INTERNATIONAL
A1391,J.S.R.  INTERNATIONAL
A1392,plg international
A1393,New Ashok Enterprises
A1394,SKM OVERSEAS PRIVATE LIMITED
A1395,Tirupati Overseas India
A1396,PLASTO POLYMER  INDIA
A1397,MUKTA BOOK AGENCY
A1398,S V INDUSTRIES
A1399,v s motors inc
A1400,NELLYS CREATIONS INC
A1401,DOTCOM HOME FASHIONS PVT LTD
A1402,ARTEX OVERSEAS PVT LTD
A1403,KRISHNA TRADING CO
A1404,S.Goyal & Co. Pvt. Ltd.
A1405,OM TRADERS
A1406,SV TRADE INTERNATIONAL
A1407,Surya udaya enterprises pvt ltd
A1408,ANKIT SHOE LTD
A1409,BAHETY OVERSEAS PRIVATE LIMITED
A1410,A R ALLOYS PVT LTD
A1411,Aarem Internationale
A1412,RAK INTERNATION
A1413,RAPTURES FROZEN FOODS INDIA PRIVATE LIMITED
A1414,UNIVERSAL TRADING COMPANY
A1415,JMF SYNTHETICS INDIA PRIVATE LIMITED
A1416,LIGHT OF BUDDHADHARMA FOUNDATION INTL-INDIA
A1417,NARSINGH DASS & CO. PVT. LTD.
A1418,PADMAWATI IMPORTS PVT LTD
A1419,AASTHA IMPEX  INDIA
A1420,ROHTAK TIMBER PRIVATE LIMITED
A1421,SHANAYA INTERNATIONAL
A1422,ODHAV MET TRADE PVT LTD
A1423,MULAKH RAJ GOBIND LAL
A1424,SUN SIGN AND TECHNOLOGIES
A1425,BLUE BIRD ALLOYS
A1426,POWER CABLE INDUSTRIES
A1427,LAXMI IMPEX
A1428,DELHI PRESS PATRA PRAKASHAN PVT LTD
A1429,MILSPEED INDIA PRIVATE LIMITED
A1430,GGS IMPEX
A1431,KHALSA ENGINEERING WORKS
A1432,KUNJ INTERNATIONAL
A1433,TOY HUT
A1434,Kapas Techno fabs Pvt Ltd
A1435,D.LAL & COMPANY
A1436,Ankur Paper World
A1437,CAR FASHION
A1438,ambey trader
A1439,GENPURE TECHNOLOGIES PVT LTD
A1440,NEW GENERATION ENTERPRISES
A1441,NATIONAL ELECTRONICS
A1442,BRITISH HERBAL COSMETICS
A1443,NIPPON TUBES LIMITED
A1444,KING IMPEX
A1445,KAY TEE INDIA IMPEX
A1446,BHATIA & SONS
A1447,stonex india pvt ltd
A1448,Sindh Traders
A1449,AURUM APPLIANCES
A1450,AASHIANA GARMENTS PVT LTD
A1451,CONMET INTERNATIONAL LLP
A1452,RENUKA TALWAR
A1453,J.N.ARORA & CO. PVT. LTD.
A1454,MLA SOLUTIONS PRIVATE LIMITED
A1455,VIRAJ METAL INDUSTRIES
A1456,STONELAM SURFACES LLP
A1457,GRT CREATIVES
A1458,PRIYANKA INDIA PVT. LTD.
A1459,AGMA POLYMERS PVT LST
A1460,VSD INTERNATIONAL
A1461,PETRO CHEM  INDIA
A1462,ALCOTT TOWN PLANNERS PVT LTD
A1463,GLOBAL INTERNATIONAL FMCG
A1464,SS MACHINERY COMPANY
A1465,CSI ENTERPRISES PVT.LTD.
A1466,DASHMESH EXPORT
A1467,CHEMSYNTH INNOVATIONS
A1468,SAKSHAM TRADING COMPANY
A1469,GENUINE COPIER SYSTEMS
A1470,SAMY INFORMATICS PVT. LTD.
A1471,MUNISH ENGINEERING WORKS
A1472,PLASTINO SOLUTIONS
A1473,NATIONAL PRODUCTS
A1474,S.K.INTERNATIONAL
A1475,SIDNATH INTERNATIONAL
A1476,SSAMH INTERNATIONAL PVT LTD
A1477,M M TRADING CO
A1478,PNM KATYANI PACKAGINGS PVT LTD
A1479,INCAS INTERNATIONAL
A1480,NS EXPORTS
A1481,ETI IMPEX
A1482,AK ASSOCIATES
A1483,SIDDHARTH INTERNATIONAL
A1484,SAI BABA MINERALS
A1485,KEI INDUSTRIES LIMITED
A1486,APOLLO METALEX PRIVATE LIMITED
A1487,DEVATS INDIA PVT LTD
A1488,SVELTE FURNITURES PVT LTD
A1489,CHADHA RUBBER PVT LTD
A1490,Pontus International
A1491,N M TOYS
A1492,AMAN ENTERPRISES
A1493,SHREE RADHEY ENTERPRISES
A1494,ARORA ENTERPRISES.
A1495,MR KP SINGH
A1496,MAT INTERNATIONAL PVT. LTD.
A1497,GUNINA ENTERPRISES
A1498,BAJRANG FABRICS PVT LTD
A1499,D.D.M GRAPHIC
A1500,CARE VENTURE LLP
A1501,ANAND PULP IMPEX PVT LTD
A1502,RSP INTERNATIONAL
A1503,AGRIM CHEMTECH
A1504,AYAAN TRADERS AND IMPORTERS
A1505,SACHDEVA ACCESSORIES
A1506,A AND S STEEL PVT LTD
A1507,INFINITE TRADER LINKS CORPORATION
A1508,ADWAY MINERALS AND CHEMICALS
A1509,Hemisphere Overseas Inc
A1510,KUNAL HOSIERY
A1511,SHIVAM MACHINERY
A1512,EXCELLERENT GATEWAY PRIVATE LIMITED
A1513,Repellers India LLP
A1514,MARKET MOVERS EXPORTS  IDNIA  PVT. LTD
A1515,ULAI ENTERPRISES PRIVATE LIMITED
A1516,R.G.EXPORTS
A1517,MDA EXPORTS
A1518,LIMRA EXPORTS
A1519,KYM MACHINERY SOLUTION
A1520,ICTC Ltd-International Trading Consultants Limited
A1521,UNIQUE ENGINEERS PVT. LTD.
A1522,Perfect Communications Pvt. Ltd.
A1523,BAJRANGI TANDOOR
A1524,RC INTERNATIONAL
A1525,CHEFS CHOICE
A1526,SHIVA INTERNATIONAL
A1527,JMD ENTERPRISES
A1528,SIMSAN EXIM & TRADING CO. PVT. LTD.
A1529,SUCCESS EXIM PVT LTD
A1530,SURGE SYSTEMS INDIA PVT LTD
A1531,ROBOT MINING EQUIPMENTS PVT LTD
A1532,Wembley Manufacturing Co
A1533,RUMI IMPEX PRIVATE LIMITED
A1534,Thakar Dass & CO.
A1535,Techno Machines And Molds
A1536,SUNNY MUSICAL EMPORIUM
A1537,B.K. TRADING COMPANY
A1538,VINAYAK ENTERPRISES
A1539,YASHVI ENTERPRISES
A1540,BMW UNIVERSAL
A1541,VERSATILE BONDS PVT LTD
A1542,MAPSA TAPES PVT LTD
A1543,Benchmark Textiles Pvt Ltd
A1544,AURUM INTERNATIONAL
A1545,Tarun Exports & Imports
A1546,HARISH TRADERS
A1547,FASHION CLUB GLOBAL
A1548,REVERENT CORPORATION
A1549,VI EXPORT INC
A1550,GOYAL ENGINEERING POLYMERS PVT LTD
A1551,AMITEX ENTERPRISES
A1552,NARESH KUMAR & CO.
A1553,GSD INTERNATIONAL
A1554,zee international
A1555,S B IMPEX
A1556,TRIVEDI & SONS P LTD
A1557,LENSKART SOLUTIONS PVT LTD
A1558,RAVI EXPORTS.
A1559,JAYLINK OVERSEAS PVT LTD
A1560,AMIT LEATHER WEARS
A1561,IRIS PAPER MAGIC PVT LTD
A1562,DCM TEXTILES (A DIVISION OF DCM LTD.)
A1563,SSAPP OVERSEAS PVT LTD
A1564,ORIENT BELL LIMITED
A1565,ATTRI OVERSEAS
A1566,SHRIBALAJI OVER SEAS PVT LTD
A1567,MTI MATERIALS PRIVATE LIMITED
A1568,Kamal Metal Trading Co
A1569,LION SERVICES LTD
A1570,SSA INTERNATIONAL LIMITED
A1571,M.G EXPORTS
A1572,Dhampure Speciality Sugars Ltd.
A1573,ANAND DIARIES PRIVATE LIMITED
A1574,GREEN FINGERS  INDIA  PVT LTD
A1575,VIJAYSHREE FOOD PRODUCTS PRIVATE LIMITED
A1576,SUNFLAG ADDITIVES PRIVATE LIMITED
A1577,Mangali Enterprises Limited
A1578,Savoir Faire Manufacturing Company Private Limited
A1579,R A TECHNIQUES
A1580,KHUSHI RIDHI CHINA GROUP
A1581,sanchit packaging
A1582,KRISHNA MULTIMETAL COMPANY
A1583,Anmol Polymers Pvt. Ltd.
A1584,PIYUSH INDUSTRIES
A1585,USP ENTERPRISES
A1586,BEST MEGA INTERNATIONAL
A1587,KARTIK PAPER MARKETING PVT LTD
A1588,Valuepack Corporation
A1589,AMIT MARBLES PVT LTD
A1590,ROYALE RESINEX PVT. LTD.
A1591,Sivalik Enterprisess  Pvt  Ltd
A1592,AJANTA BOTTLE PVT LTD.
A1593,KPL INTERNATIONAL
A1594,Decojewels Lifestyle LLP
A1595,BALAJI MEDICAL AND DIAGNOSTIC RESEARCH CENTER
A1596,Kritika enterprises
A1597,ALPINE INTERNATIONAL
A1598,S.S ENTERPRISES
A1599,SHREE SHAYAM SALES
A1600,SPJ INTERNATIONAL
A1601,Sunil Healthcare Limited
A1602,NUEVE ENTERPRISES PVT LTD
A1603,SEACO INTERNATIONAL
A1604,TUFF TELECOMMUNICATION PRIVATE LIMITED
A1605,JMD GARG STEEL
A1606,K K OVERSEAS
A1607,ELITE BASKET PVT LTD
A1608,MOONGIPA INDUSTRIES LTD
A1609,N R ENTERPRISE
A1610,SHAKTI MINERALS AND CHEMICALS
A1611,Y.A. MACHINING  OPC  PRIVATE LIMITED
A1612,MF ENTERTAINMENT AND AMUSEMENT PVT LTD
A1613,JINDAL NICKEL AND ALLOYS LIMITED
A1614,Netconn
A1615,KALKA INFO SOLUTIONS
A1616,A K IMPEX
A1617,TAPOVAN IMPEX PVT LTD.
A1618,Color fabrics
A1619,Panacea Biotec Ltd.
A1620,FREEDOM ENTERPRISES
A1621,TANISHKA SALES AND SERVICES PVT LTD
A1622,R.K. ENTERPRISES
A1623,INOVATIVE ACTIVATIONS
A1624,MKC AGRO FRESH LTD
A1625,Mars International India Pvt. Ltd.
A1626,PURE LEATHERS PVT. LTD
A1627,KAIRA TRADERS
A1628,HAGUR TECH PVT. LTD.
A1629,MITSUBISHI ELECTRIC INDIA PVT LTD
A1630,SUMANGLAM FOOTWEAR PVT. LTD.
A1631,MANISH VINYLS PVT LTD
A1632,WNNA PARTY
A1633,KLAXON TRADING
A1634,DYNAMIC COMPONENTS PVT. LTD.
A1635,FORTUNE RICE LIMITED
A1636,MERSEL FOODS PRIVATE LIMITED
A1637,SPARE ZONE INC.
A1638,ADM AGRO INDUSTRIES LATUR & VIZAG PRIVATE LIMITED
A1639,MATUSHI TRADE LINKERS  Regd.
A1640,MAYUR ELECTROMECK PVT LTD
A1641,S S IMPEX
A1642,CHAMAN LAL AND SONS
A1643,TEUS AND TONS LOGISTICS PVT LTD
A1644,HILTI INDIA PVT LTD
A1645,D M DESIGNS
A1646,LLOYD INSULATIONS  INDIA  LTD
A1647,Diva International
A1648,THERMAL PAPERS PRIVATE LIMITED
A1649,BISHNU TEXPORT PRIVATE LIMITED
A1650,SHANTI SALES CORPORATION
A1651,honeywell flexi pack
A1652,HYOSUNG T & D INDIA PRIVATE LIMITED
A1653,STAR GYPSUM INDIA
A1654,GURU JI TOYS
A1655,PRAGMATIC GRANITE PVT LTD
A1656,PICTURE CORNER
A1657,ALERT INDIA PVT LTD
A1658,KOS INTERNATIONAL PRIVATE LIMITED
A1659,MIRKA INDIA PRIVATE LIMITED
A1660,GOUTAM ENTERPRISES
A1661,ALAKRITY MARKETING PRIVATE LIMITED
A1662,FRONTLINE INTERNATIONAL GENERAL TRADERS
A1663,TRINETRA OVERSEAS
A1664,Jes & Ben Groupo Private Limited
A1665,NM TRADERS
A1666,KAY PEE ENTERPRISES
A1667,CLVK INTERNATIONAL
A1668,KRISHNA ENTERPRISES.
A1669,DHALIYA TRADERS
A1670,INDIA THERMOPLASTICS ENGINEERS
A1671,Navya International
A1672,SANYO TRADING INDIA PVT LTD
A1673,SUBHALAXMI INTERNATI0NAL CO.
A1674,WORLD MEDIA PVT LTD
A1675,Zeb International Private Limited
A1676,J K FOOD INDUSTRIES
A1677,JAIN CHEM
A1678,Sumati Plastic Pvt Ltd
A1679,EAGLE EXIM SOLUTION
A1680,ATLAS INTERNATIONAL RELOCATIONS PVT. LTD.
A1681,SHIVAM TRADERS
A1682,CAMPARI INDIA PVT LTD
A1683,GUARAN CHEMICALS PRIVATE LIMITED
A1684,ORIENT CRAFT LTD
A1685,KIRORIMAL KASHIRAM MARKETING AND AGENCIES PVT. LTD
A1686,RAJSHILA SYNTHETICS PVT. LTD
A1687,OM BALAJI ENTERPRISES
A1688,RADHEY KRISHNA ENTERPRISES
A1689,TRANSLITE OVERSEAS PVT LTD
A1690,Filex Systems Pvt Ltd
A1691,ITMS India Pvt. Ltd.
A1692,Heti Impex
A1693,VERTEX INTERNATIONAL
A1694,UNI TRADE GLOBAL
A1695,COSMOS ENTERPRISES
A1696,GOODWILL TYRE COMPANY
A1697,GIRIK INTERNATIONAL PRIVATE LIMITED
A1698,SHIVALIK META PLAST INDUSTRIES
A1699,ASHA RAM AND SONS PVT LTD
A1700,KIYAN TRADERS
A1701,STERNAL BUILDCON PRIVATE LIMITED
A1702,jai dehrawala garments
A1703,Creative Accessories
A1704,GOLDEN ORCHIDS INTERNATIONAL
A1705,Indian Printing and Packaging
A1706,SAR GLOBAL PVT LTD
A1707,NIIT Technologies Limited
A1708,NANAK FURNISHERS PVT LTD
A1709,SHREE BALAJI OVERSEAS
A1710,AASHNA MERCANTILE PVT LTD
A1711,S.S.ENTERPRISES
A1712,KALINGA TRADING CORPORATION
A1713,BSN INDUSTRIES PVT.LTD.
A1714,SARA TEXTILES LIMITED
A1715,SARITA HANDA EXPORTS PVT. LTD
A1716,OM SHREE GANPATI IMPEX PVT. LTD.
A1717,AG INDIA RETAIL PVT. LTD
A1718,JSSI HYDRAULICS PVT.LTD.
A1719,SAI MARKETING INDIA
A1720,K G BEARING PVT LTD
A1721,MAGPIE IMPEX
A1722,MANJIT AUTO INDUSTRIES
A1723,HAR JI MAGNETICS
A1724,SMS INDIA PVT LTD
A1725,AMITA ENTERPRISES
A1726,DHARAM INDUSTRIES
A1727,PUJASH MARKETING INDIA PVT LTD
A1728,SLA IMPEX PVT LTD
A1729,FURUKAWA SANGYO KAISHA INDIA PVT LTD
A1730,GEETA IMPEX
A1731,MATRIX BATH FITTINGS PVT.LTD.
A1732,K. S. CHEMICALS & ADDITIVES
A1733,MALHOTRA FURNISHING
A1734,AARNA OVERSEAS
A1735,PARASNATH ORGANICS PRIVATE LIMITED
A1736,KITCHNRAMA FOOD SERVICE EQUIPMENT PVT LTD
A1737,HERITAGE INDIA
A1738,SHIV MOHAN CANVAS STORE
A1739,Shivam Pulses Industries pvt Ltd
A1740,S.S. TRADING CORPORATION
A1741,OGM IMPEX PRIVATE LIMITED
A1742,M L ENTERPRISES
A1743,Ganesh Traders
A1744,S R IMPEX
A1745,TAYESHA INTERNATIONAL
A1746,PRIYA INTERNATIONAL TREADING COMPANY
A1747,JINDAL FOODS
A1748,MALIGNANT IMPEX PVT LTD
A1749,PRAVESH SPARES
A1750,CJI PORCELAIN PRIVATE LIMITED
A1751,BHARAT APPARELS
A1752,VISION TRADERS
A1753,KVS TRADERS
A1754,PRIYA RRADING
A1755,Chandra Impex
A1756,MOI COMMODITIES INDIA PRIVATE LIMITED
A1757,BISHAN CHAND NARESH KUMAR
A1758,ESPRIT INDIA POLYMERS PVT. LTD.
A1759,KAPOOR INDUSTRIES LIMITED
A1760,S.N.J. TRADE LINK P.LTD
A1761,MANCHANDA SALES
A1762,SHREE BANKE BIHARI ENTERPRISES
A1763,PRIME ENTRAD
A1764,R.S RUBBER INDUSTRIES
A1765,SHREE PAPER SALES
A1766,FREEDOM CHEMTECH LLP
A1767,OXFORD INDUSTRIES
A1768,SONAGIR TEXTILES PRIVATE LIMITED
A1769,A.P INTERNATIONAL
A1770,HIND ASIA FOODS
A1771,SINOEA TECHNOLOGICAL ENGINEERING INDIA PVT LTD
A1772,D. K. ENTERPRISES
A1773,CLEAN SOLAR POWER  BHADLA  PRIVATE LIMITED
A1774,YADUVANSHI POLYMERS PRIVATE LIMITED
A1775,DEEP INTER NATIONAL
A1776,GARG IMPEX
A1777,GUPTA PAPER TRADERS
A1778,SURANA EXIM PVT LTD
A1779,MASTERS INDIA PVT.LTD.
A1780,JAYSON INTERNATIONAL
A1781,I TRUST CARE
A1782,S M IMPEX
A1783,PAPER LINK
A1784,DELHI TYRES TRADERS
A1785,BEIJING LIQUID FILTER NEW MATERIAL TECH I  PVT LTD
A1786,cosmo industrial products pvt ltd
A1787,MITSUI CHEMICALS INDIA PRIVATE LIMITED
A1788,N.G.V HORIZON TRADING CO
A1789,MAXWELL
A1790,MYRA ENTERPRISES
A1791,GIRISH ELECTRONICS PVT LTD
A1792,MAHADEVA TRADING CO
A1793,PAKMAN
A1794,HI TECH ENTERPRISES
A1795,SHIV TRADING CO
A1796,Nath Impex Pvt. Ltd
A1797,czar international
A1798,MAA KALKA SEWING MACHINES
A1799,AGARWAL ELECTRIC CO
A1800,BAL KRISHAN PLASIKRAFTS
A1801,SUVI EXPORTS LLP
A1802,Unidus Associates A unit of Decofur India Pvt Ltd
A1803,NDLS SHIPPING COURIER AND CARGO
A1804,AMETHEUS COMMODITIES PVT LTD
A1805,AGGARWAL HOSIERY INDUSTRIES
A1806,COFE IMPEX PRIVATE LIMITED
A1807,PADAM SHREE IMPEX
A1808,SAHIL INTERNATIONAL.
A1809,SARVOTTAM FURNITURE AND INTERIORS
A1810,R M INTERNATIONAL
A1811,SHARMA BILLIARD ACCESSORIES..
A1812,M.K.FOOTWEAR
A1813,PES INSTALLATIONS PRIVATE LIMITED
A1814,JHALANI IMPEX
A1815,AYU DIGITAL PRIVATE LIMITED
A1816,HIRDAY OVERSEAS
A1817,GUPTA SALES CORPORATION
A1818,S.R AND SONS
A1819,FIVE OCEANS
A1820,Suvidhi international private Limited
A1821,MERCOR GLOBAL EXECUTOR PRIVATE LIMITED
A1822,DIVI INTERNATIONAL
A1823,AGGARWAL BAG HOUSE
A1824,NIMORO GROUP
A1825,techno machines india
A1826,SONA PAPERS PRIVATE LIMITED
A1827,ORIENT PACKAGINGS LIMITED
A1828,WELCRAFT TRADELINKS PVT LTD
A1829,CHEMLINE INDIA LTD
A1830,ELECTRO DEVICES PRIVATE LIMITED
A1831,JAIDEV ELECTRONICS PVT LTD
A1832,RELAXO FOOTWEARS LTD
A1833,Nomad Originals Overseas Pvt Ltd
A1834,JMD IMPEX
A1835,TOTAL IT SOLUTIONS PVT LTD
A1836,CY LOGISTICS PVT LTD
A1837,MODLON POLYMERS INDIA PVT LTD
A1838,A AND M INETRNATIONAL
A1839,SHRI SHYAM MARKETING
A1840,PRAKASH ESOLUTIONS PRIVATE LIMITED
A1841,B.R BEARING CO
A1842,SWASTIK PHARMA AGENCY
A1843,DEEPAK TRADING COMPANY.
A1844,ANIL ENTERPRISES
A1845,THE MATHRUBUMI PTG & PBG CO LTD
A1846,ZAFCO INDIA PRIVATE LIMITED
A1847,IARMOUR INDIA LIMITED LIABILITY PARTNERSHIP
A1848,R S ENTERPRISES
A1849,KARAN INTERNATIONAL.
A1850,AMIT IMPEX.
A1851,DHANUKA LABORATORIES PVT LTD
A1852,GURUJI IMPEX
A1853,Asian Hotels  North  Ltd.
A1854,SHIVAMENTERPRISES
A1855,BANSAL EXIM
A1856,ADPO COMMUNICATION INDIA PVT LTD
A1857,OCAP  INDIA  PRIVATE LIMITED
A1858,S N D U INTERNATIONAL COMPANY
A1859,APPLE ART PRESS PVT LTD
A1860,GROWLAM OFFICE PRIVATE LIMITED
A1861,naman rexine centre
A1862,TARUN VADEHRA INTERIORS PRIVATE LIMITED
A1863,MEDIHERBS
A1864,Shankar International Pvt. Ltd.
A1865,JHM OMPEX AND CONSULTANTS
A1866,NEELGIRI POLYPLAST PVT LTD
A1867,ELITE SPIRITS AND WINES PVT. LTD.
A1868,Studiobackdrops.com
A1869,NANAK GEE OVERSEAS
A1870,"21CENTURY POLYMERS"
A1871,ANMOL ENTERPRISES
A1872,PURI TRADING CO.
A1873,INNOX IMPEX PRIVATE LIMITED
A1874,CANVAS INTEGRATED COLD CHAIN SERVICES
A1875,ISOPAN INSULATION PVT. LTD.
A1876,FUJIKAWA POWER
A1877,FASHION TRNDZ
A1878,PERCEPT MARKETING
A1879,SHIVDEEP IMPEX
A1880,Crystal Crop Protection Ltd.
A1881,rajit plastic pvt ltd
A1882,SHYAM AGARBATTI COMPANY
A1883,INTIME VINCOM PVT LTD
A1884,GDMI GLOBAL LOGISTICS
A1885,AADITYA ENTERPRISES
A1886,SONIA INTERNATIONAL TRADING COMPANY
A1887,Meenakshi Overseas
A1888,DIAMA BUSINESS VENTURES
A1889,S.E. EXIM INDIA PRIVATE LIMITED
A1890,FOUR STAR ELECTRONICS
A1891,DLF BRANDS PRIVATE LIMITED
A1892,PARASNATH ENTERPRISES.
A1893,VIRGO OVERSEAS
A1894,D S GLOBAL
A1895,JEECON FOODS PRIVATE LIMITED
A1896,MANGLA TRADING CORPORATION
A1897,BHAGWATI STEEL CORPORATION
A1898,UNID FLOWERBULBS HOLLAND PVT LTD
A1899,c
A1900,SUDDHAM SERVICES INDIA PRIVATE LIMITED
A1901,RITEX OVERSEAS PRIVATE LIMITED
A1902,SUPREME TECHNOLOGIES
A1903,SEIKI AUTO INDIA PRIVATE LIMITED
A1904,sachal industrial marketing engineers
A1905,COMFONOMICS DESIGN VENTURES LLP
A1906,ADROIT TRADING NUTS PVT LTD
A1907,PYRAMID COLLECTION PVT LTD
A1908,D.S INTERNATIONAL
A1909,K L FASHION
A1910,WOODLAM
A1911,CYBER IMPEX
A1912,VIRMANI BROTHERS PVT LTD
A1913,KAPO FOOTWEARS PVT LTD
A1914,Glittering Wonders Corporation
A1915,ANKUR EXPORTS
A1916,Sum Overseas Pvt Ltd
A1917,GYAN FRUIT COMPANY
A1918,ANKITA PLASTICS
A1919,Advanced Sport Technologies LLP
A1920,SAHIL IMPEX
A1921,Aromatrix Flora Pvt Ltd
A1922,RAINTECH INTERNATIONAL INDIA
A1923,CHOICE CARGO AGENCIES PRIVATE LIMITED
A1924,BAJAJ RUBBER COMPANY PVT LTD
A1925,GLOBAL SOLUTION GROUP
A1926,RAM SARAN DASS & SONS
A1927,AAHAAN ENTERPRISES
A1928,GLOBAL FEDIGRAIN PRIVATE LIMITED
A1929,Panache Home Decore Private Limited
A1930,RACHANA OVERSEAS INC
A1931,BAGAI PLASTIC INDUSTRIES
A1932,ELEEGANCE BAGS PVT LTD
A1933,A R FABRIC PVT LTD
A1934,Global Hydrolab Corporation
A1935,ACC INDIA PRIVATE LTD
A1936,AL SCIENTIFIC CORPORATION
A1937,VISHWKARMA IMPEX PVT LTD
A1938,HECTAFINE ALUSYSTEMS INDIA LTD
A1939,V K IMPEX.
A1940,Meridian International
A1941,NICE INTERNATIONAL LIMITED
A1942,M2AEXPRESS
A1943,P.L. INDUSTRIES
A1944,PRASAN ENTERPRISES
A1945,DEEP BOOK DISTRIBUTORS
A1946,DFM Foods Ltd
A1947,SUNSHINE EXPORT
A1948,MARUTI FABRIC IMPEX
A1949,Dev Bhumi Cold Chain Pvt. Ltd
A1950,RATHI AGENCIES
A1951,RAMESHWAR DASS DWARKA DASS PVT LTD
A1952,VETROMODA PRIVATE LIMITED
A1953,AASHIMA POLYMERS
A1954,CLASSIC ENTERPRISES  INDIA
A1955,FOCUS ENERGY LIMITED
A1956,IMAX LIGHTING COMPANY
A1957,SHRI SIDH IMPEX
A1958,DHIRESH INTERNATIONAL
A1959,ESSAAR EXPORTS
A1960,mohit collection
A1961,Roulunds Braking India Private Limited
A1962,T.S.International
A1963,D S OVERSEAS
A1964,ALLMED MEDICAL INDIA PVT. LTD
A1965,AT THREADS PVT LTD
A1966,TINNA TRADE LIMITED
A1967,Gourishanker Polymers
A1968,TARGET INCORPORATION
A1969,BANSAL POLYMERS
A1970,MOHIT OVERSEAS
A1971,TIRUPATI OVERSEAS
A1972,MILLENNIUM SEVEN SEAS SERVICES PVT LTD
A1973,Sharp Calchem Pvt. Ltd.
A1974,HCR INFOCONSUMABES PVT. LTD.
A1975,MEHER ENTERPRISES
A1976,STERLING IMPEX
A1977,SHIVALIK EXIM PVT LTD
A1978,Contitech India Pvt. Ltd.
A1979,RAJENDRA KUMAR AND CO.
A1980,HIGHLAND LIQUORS PVT.LTD
A1981,M M CASTINGS PRIVATE LIMITED
A1982,Bestgrowth Technology Pvt Ltd
A1983,Tsb tubes & tank
A1984,HDD SOLUTION PVT LTD
A1985,LMR INTERNATIONAL
A1986,ANUPRAV INTERNATIONAL
A1987,Agro Harvest Centre
A1988,Negen Polysolutions Pvt. Ltd.
A1989,RUNGTA IRRIGATION LIMITED
A1990,SHREE SHYAM JUGAL INDUSTRIES
A1991,AMRIT GRAPHICS
A1992,M R INDUSTRIAL CORPORATION
A1993,Citygreen auto and Petrochemicals pvt ltd
A1994,R.R. Beauty World
A1995,N K EXIM
A1996,Decent Plastic
A1997,B2B TRADEX PVT LTD
A1998,alpine systems pvt ltd
A1999,P K ENTERPRISES
A2000,HUSSAIN FOODS
A2001,UNITED POLY ENGINEERING PVT LTD
A2002,G&S OVERSEAS
A2003,STARPET TRADING PVT LTD
A2004,K R INDUSTRIES
A2005,RCI INDUSTRIES AND TECHNOLOGIES LTD
A2006,RITESH FASHION
A2007,VINAYAK TRADING COMPANY
A2008,LIFE BONDS
A2009,PURPLE UNITED SALES PRIVATE LIMITED
A2010,OK PLAY INDIA LTD
A2011,ANGELIQUE INTERNATIONAL LIMITED
A2012,sunshine international
A2013,WE PROVIDE
A2014,CHIRAG ENTERPRISES
A2015,CHOICE CARGO AGENCIES
A2016,FITNESS FIRST INDIA PVT LTD
A2017,Jindal papers
A2018,ZENESES BIOSCIENCES PVT. LTD.
A2019,Noor Nishan Inc
A2020,A M CAPACITORS INDIA
A2021,AB IMPEX
A2022,NSA BUILDTECH PRIVATE LIMITED
A2023,Kreative Kagaz & Karton LLP
A2024,TEXZIUM INTERNATIONAL PVT. LTD.
A2025,SHYAM HOSIERY
A2026,RISHAB HYGIENE
A2027,SHELL BIOTECH LIMITED
A2028,AKASH DEEP CATERERS
A2029,FLYSEA GATEWAY PRIVATE LIMITED
A2030,THARPARK PRINTING MACHINERY
A2031,G.N. ELECTRONICS
A2032,SHREE RAM POLYMER
A2033,M.S.INDUSTRIES
A2034,Varsha  Tradecom Pvt Ltd.
A2035,TIANXIN LOGISTICS PRIVATE LIMITED
A2036,IRA ENTERPRISES
A2037,SASCO ENTERPRISES
A2038,LAVEENA TRADING CO
A2039,AGGARWAL ATTACHI HOUSE
A2040,FIBRE HOME
A2041,M R TRADING
A2042,sunrise traders
A2043,Shree Vaishno Abrasives Private Limited
A2044,RK Overseas
A2045,SANYA HOUSEWARES
A2046,Parkar & Co.
A2047,CLASSIC METALS
A2048,SHABRO METALLIC PRIVATE LIMITED
A2049,TIRUPATI GLOBAL INTERNATIONAL
A2050,AIR POWER SYSTEMS
A2051,OM SAI RAM TRADING
A2052,ANKUR ENTERPRISES
A2053,SHIVAM ENTERPRISES
A2054,NIDHI IMPEX & CO
A2055,Kibble Enterprises
A2056,Shree Shakti Enterprises
A2057,Simpex industries
A2058,BEST PRODUCTS & SOLUTIONS
A2059,SKJ SPEAKERS
A2060,ALLIED OPTICS
A2061,LAKHDATAR FOODS
A2062,ADITYA INTERNATIONAL.
A2063,SOURCERERS LLP
A2064,SHRI OM SAI OVERSEAS
A2065,IMRG GLOBAL
A2066,Onemed Healthcare International
A2067,MARIM INTERNATIONAL
A2068,CITICHEMICALS
A2069,ENERGY SAVING INDIA
A2070,KIDS TOYS
A2071,S P OVERSEAS
A2072,POSHAK
A2073,VISHAL ENTERPRISES
A2074,B N TRADERS
A2075,B.C. POWER CONTROLS LIMITED
A2076,USG ENGINEERS
A2077,HARE RAMA ENTERPRISES
A2078,STEEL CRAFT EXPORTS
A2079,SHASHI PLY WOOD
A2080,Mr. Move
A2081,EXPEDITE COMSOL PVT. LTD.
A2082,Greathealth Trexim Pvt Ltd
A2083,FATEH ENTERPRISES
A2084,KANGAROO IMPEX
A2085,RI Texsolutions Pvt Ltd
A2086,M R Decor Pvt. Ltd.
A2087,AMIT FURNITURE
A2088,AFFLATUS INTERNATIONAL
A2089,Green Heart Floors Pvt Ltd
A2090,S G ENTERPRISES
A2091,ROYAL INTERNATIONAL
A2092,DAARI JI AND SONS OVERSEAS PVT LTD
A2093,GRAND SOURCING PRIVATE LIMITED
A2094,Shubh Labh International Pvt. Ltd.
A2095,shree Shyam Plastics Engineering
A2096,GULSHAN POLYOLS LIMITED
A2097,DIVYA LAXMI OVERSEAS
A2098,LUCKYMANN MULTIMEDIA
A2099,MANKA GLASS
A2100,MOCAICO PEOPLE PVT LTD
A2101,SHAKUN CONSUMER PRODUCTS PRIVATE LIMITED
A2102,Alchem International Pvt Ltd
A2103,NUB CHEM
A2104,NASCOZ INDIA PRIVATE LIMITED
A2105,Gautam Healthcare
A2106,KAPUR RUBBER INDUSTRIES
A2107,Metfer
A2108,PUNIHANI INTERNATIONAL
A2109,WENXU IMPEX INDIA PVT LTD
A2110,UTKARSH ENTERPRISES
A2111,KAY & COMPANY
A2112,CHANDRA FABRICS PVT LTD
A2113,UNITECH
A2114,SHREE PADMA PRABHU IMPEX
A2115,Vadehra Builders Pvt Ltd
A2116,ASIAN LABORATORIES
A2117,Yking Tools Manufacturing Company Ltd.
A2118,VIKAS ECOTECH LIMITED
A2119,GARG TRADING COMPANY
A2120,CONTAINER CORPORATION OF INDIA LTD
A2121,AMERICAN EMBASSY
A2122,BHARATWASI INTERNATIONAL
A2123,Shanker International
A2124,KHETWANI ENTERPRISES
A2125,BAWEJA INTERNATIONAL
A2126,STAR INTERNATIONAL.
A2127,GROVER TRADERS
A2128,GREEN EARTH INTERNATIONAL
A2129,HANUMAN PRASAD AND SONS
A2130,MIDAS GARMENTS ACCESSORIES PRIVATE LIMITED
A2131,A P CHEMICALS PRIVATE LIMITED
A2132,MICRO SHEET CRAFTS  INDIA  PVT LTD
A2133,VENKTESHWAR  PARTS CORPORATION
A2134,SUMAN SYNDETS PVT LTD
A2135,AAA IMPEX
A2136,MAJESTIC GRAPHICS & MACHINERY  I  PVT LTD
A2137,Trinity Overseas
A2138,SHREE M.R. VANIJYA
A2139,DEESHA&COMPANY
A2140,FRESH FOOD TECHNOLOGY INDIA PRIVATE LIMITED
A2141,EVERYCOM ELECTRONICS
A2142,GUDIYA IMPEX
A2143,KHUSHI INTERNATIONAL.
A2144,VIDHI ENTERPRISES
A2145,GREENMASTER LANDSCAPES PVT LTD
A2146,PARASNATH ENTERPRISES
A2147,TANIA OVERSEAS
A2148,D.R. BATRA & SONS PRIVATE LIMITED
A2149,SHRI KRISHNA ISPAT
A2150,GUGLANI PAPER AND STATIONERY MART
A2151,ALFA INSTRUMENTS
A2152,KANSAL TIMBER STORE
A2153,Chandra Chemicals
A2154,kitsol india pvt ltd
A2155,Kanshi Ram Narain Dass
A2156,PRIMO ELECTRONIC COMMUNICATIONS
A2157,COSMIC ENTERPRISES
A2158,JCB INTERNATIONAL CO.
A2159,INNOVA CORPORATE INDIA
A2160,STERILE INDIA PRIVATE LIMITED
A2161,ADYA INCORPORATION
A2162,UNIVERSAL BUSINESS SERVICES
A2163,MAS EXPRESS
A2164,Devine Meditech.
A2165,Shweta Overseas
A2166,NEW BHARAT IMPEX
A2167,YMR TRADERS
A2168,SIGMA FORGE PRIVATE LIMITED
A2169,B.K. INDUSTRIES
A2170,Pacific Fire Controls
A2171,HARMAN PRODUCTS INDIA
A2172,OM SHANTI TRADING CO
A2173,TAEHWA ENTERPRISES INDIA PVT. LTD
A2174,Casa Porta Impex
A2175,NAAD SRIJAN IMPEX PRIVATE LIMITED
A2176,GREENBERRY IMPEX
A2177,S.L.TECHNOLOGIES INDIA
A2178,D.D.INDUSTRIES
A2179,A N PACKAGING PVT LTD
A2180,ROHIT IMPEX
A2181,Eastgate Export Pvt Ltd
A2182,BETTERSLEEP SOLUTIONS LLP
A2183,A2Z TRADING VENTURES
A2184,C AND T TRADING SOLUTIONS PVT LTD
A2185,THAKAR FROZEN FOODS
A2186,AJAY INDUSTRIAL CORPORATION LTD.
A2187,RAJDHANI IMPEX
A2188,A.K. ENTERPRISES
A2189,GRANDEUR EXIM SOLUTIONS PRIVATE LIMITED
A2190,GOEL SALES
A2191,GT FRUITECH LLP
A2192,Scm labels
A2193,ELIOS CHEMICAL DISTRIBUTIONS PVT LTD
A2194,RKB IMPEX
A2195,SKYLAND INTERNATIONAL PVT LTD
A2196,Bioaide Technologies Private Limited
A2197,KK HOUSEHOLD PVT LTD
A2198,GLOBAL INTERNATIONAL.
A2199,YORKER TOOLS CENTRE
A2200,V K PRINTER AND TRADERS
A2201,Nikhil enterprises
A2202,BALAJI SALES CORPORATION
A2203,STYLE HUNT FAB TEX
A2204,SUN INDIA ELECTRICAL CO.
A2205,KATYAYANI ENTERPRISES
A2206,M.S KAPOOR CHAND & SONS
A2207,Gupta Trading House
A2208,SHREE GANESH TRADERS
A2209,DREAM CANTEEN PRIVATE LIMITED
A2210,GARVIT INTERNATIONAL
A2211,AKSHAY IMPEX INDIA
A2212,AAMYA IMPEX
A2213,PRAISE INTERNATIONAL
A2214,GTM TEXTILES LLP
A2215,SAI NAT
A2216,TCB SALES
A2217,ESS AAR AUTOMOTIVE PVT LTD
A2218,APTECHDEALS
A2219,M S ENTERPRISES..
A2220,S G CORPORATE MOBILITY PVT LTD
A2221,SARASWATI INDUSTRIES
A2222,mahalaxmi enterprises
A2223,WKC GLASSWARE PVT LTD
A2224,Madhusudan Elastics
A2225,BANGA INTERNATIONAL
A2226,AKSHIT IMPEX
A2227,PANCHAKSHAR INTERNATIONAL
A2228,K D ENTERPRISES
A2229,GURBACHAN BAG MATERIAL
A2230,G R OVERSEAS
A2231,TANIA POLYFILMS PVT LTD
A2232,R.N INTERNATIONAL
A2233,CONVERTECH EQUIPMENT PRIVATE LIMITED
A2234,SARVATMA IMPEX PRIVATE LIMITED
A2235,PLATINUM GRAINS PRIVATE LIMITED
A2236,AZAN INTERNATIONAL
A2237,NANDA ASSOCIATES
A2238,Kenal Nepal Pvt Ltd
A2239,VOGUE LOGISTICS PVT LTD
A2240,MAXRAN CORPORATION
A2241,Rudra Global
A2242,SABHARWAL SONS
A2243,AVIKA INC
A2244,RADIANT METPLA PRIVATE LIMITED
A2245,Solwet marketing Private Limited
A2246,surender enterprises
A2247,SEVEN SEAS BEAUTY PRODUCT
A2248,BEST ORGAINIC INGREDIENTS
A2249,Ashoka Creations
A2250,STERLING TEXTILE
A2251,G M INTERNATIONAL
A2252,R.S Enterprises.
A2253,VIVIDH PRINT MEDIA PVT. LTD
A2254,EDUCATIONAL STORES
A2255,SHREE GANESH MEDICOS
A2256,INDUSGLOBAL TRADE LINKS
A2257,HENGDA TRADING OPC PVT. LTD.
A2258,Rishab Hotel & Restaurant Services Pvt. Ltd.
A2259,SUMARA
A2260,Dewmark Inc
A2261,Unico Electronics
A2262,Shree Shyam Enterprises
A2263,VAIBHAV OXYGEN
A2264,R M ENTERPRISES.
A2265,TRADING HOUSE
A2266,VALLABH LINKERS
A2267,Ribcon Industries Private Limited
A2268,OSR EQUIPMENT SERVICES & SOLUTIONS
A2269,MRINNAL INTERNATIONAL
A2270,GLOBAL LINKS..
A2271,MODA HARDWARE  INDIA  PRIVATE LIMITED
A2272,DELHI FIBER GLASS HOUSE
A2273,KVC ENTERPRISES
A2274,S P ENTERPRISES
A2275,STP LIMITED
A2276,NICE ELECTRONICS
A2277,STAR GLOBAL ENTERPRISES
A2278,SHREE ANURAG ENTERPRISES
A2279,ATUL IMPEX.
A2280,GARUDA CONSTRUCTION AND ENGINEERING PRIVATE IMITED
A2281,JABU EXIM PVT LTD
A2282,SVASMA PHARMA
A2283,Enar Weld Braze Pvt. Ltd.
A2284,AMERICAN EMBASSY.
A2285,sahni graphite
A2286,HINDUSTAN PLASTIC & MACHINE CORPORATION
A2287,GTB EXIM
A2288,TALWAR INTERNATIONAL
A2289,Dreamz International
A2290,FLOW TECH CHEMICALS PRIVATE LIMITED
A2291,PSH ENTERPRISES
A2292,AL-AMAL EXPORTS PVT. LTD.
A2293,Globus Spirits Limited
A2294,SUMIT ENTERPRISES
A2295,S P EXPORTS
A2296,REALTIME BIOMETRICS INDIA PVT. LTD.
A2297,SUNSTAR INTERNATIONAL
A2298,SWASTIK OVERSEAS
A2299,SMPP PVT LTD
A2300,JRS ZIPPERS
A2301,KCG & SONS INFRASTRUCTURE PVT. LTD.
A2302,SHRI HARI ENTERPRISES
A2303,DEEPAK OVERSEAS
A2304,RAHGAV TRADERS
A2305,JHONNY TRADERS
A2306,MK Enterprises
A2307,MIIO ENERGY PVT LTD
A2308,NEW ASIA GLOBICON PRIVATE LIMITED
A2309,GLOBAL FIELD AND FARM SEEDS PRIVATE LIMITED
A2310,PROLUDIC PLAY INDIA PRIVATE LIMITED.
A2311,SS MARKETING SOLUTION
A2312,ADITYA OVERSEAS
A2313,JNS GLOBAL
A2314,CARVAAN OVERSEAS
A2315,SCIENTIFIC INTERNATIONAL PVT. LTD.
A2316,S.T. ENTERPRISES
A2317,MIDAS IMPORT CORPORATION
A2318,CANDOR FOODIES
A2319,DIVS POWER TOOLS PVT LTD
A2320,TUSCOR INTERNATIONAL LLP
A2321,Siri Ram Exports
A2322,DELHI INTERNATIONAL PETRO CHEMICALS
A2323,ENPRISEPRO MANAGEMENT CONSULTANTS
A2324,SUSTAINABLE ENGINEERING AND FARMING ALLIANCE PVT.L
A2325,Saife Vetmed Pvt Ltd
A2326,SHARSID OVERSEAS LTD
A2327,EXPRESSONE LOGISTICS PVT LTD
A2328,SKY INTERNATIONAL
A2329,QUALITY POLYMERS
A2330,MOHAN TRADING COMPANY
A2331,BHAVYA TRADING CO
A2332,ORIENT MICRO ABRASIVES LIMITED
A2333,HELIUM OVERSEAS PVT LTD
A2334,NAWAB PRODUCTS PVT LTD
A2335,GRACE MULTITRADE
A2336,R.K METAL
A2337,MAA KIRPA
A2338,J.S. SOLARTECH INDIA PRIVATE LIMITED
A2339,RKS PAPER IMPEX
A2340,V 2 INDUSTRIES
A2341,SHRI SALASAR IMPEX
A2342,COMFORT SALES
A2343,ROBUS INDIA
A2344,s s overseas
A2345,Sara Logicare
A2346,WIG AIR FREIGHT PVT.LTD
A2347,DAIKIN AIRCONDITIONING INDIA PVT. LTD.
A2348,SHUBHAM ENTERPRISES.
A2349,KORE RESINS
A2350,FORTUNEX SOURCING PVT LTD
A2351,CREATIV EXIM
A2352,VIPIN KUMAR AND SONS
A2353,INDIA TRADING CORPORATION
A2354,TAG OVERSEAS
A2355,Naturegen Technologies Pvt Ltd
A2356,MANISH SALES CORPORATION
A2357,GLOBAL TRADING
A2358,IMPORT EXPORT & TRADING CO
A2359,S S CHEMICALS INDIA
A2360,HRS GLOBAL
A2361,PRATHAM INTERNATIONAL
A2362,M G POLYBLENDS
A2363,SUPREME WOOD SUPPLIERS
A2364,Knit overseas
A2365,GUPTA OIL & CHEMICAL CO
A2366,B.L GUPTA AND SONS
A2367,SUNPURE ENTERPRISES
A2368,SHREE BAJRANG IMPEX
A2369,IRA EDUTECH PVT LTD
A2370,SUYASH INTERNATIONAL
A2371,B Shah Impex Pvt. Ltd.
A2372,SUNBOW INSULATION PRIVATE LIMITED
A2373,OYSTER BATH CONCEPTS PVT LTD
A2374,DUGAR POLYCHEM
A2375,S.K.IMPEX..
A2376,KSQUARE METALS TRADING PVT LTD
A2377,METAL FORGING PVT.LTD.
A2378,Gaurav Enterprises..
A2379,PROBITY MAKE KEEP AND TRADES
A2380,Archis International Private Limited
A2381,MAHIMA ENTERPRISES.
A2382,AROMA AGENCIES
A2383,AGGARWAL PLYWOOD
A2384,ROYAL SILK SPLENDOUR PVT LTD
A2385,GRANITE INDIA
A2386,sharma billiard accessories.
A2387,RAMA INDUSTRIES
A2388,Ramakrishna Electro components pvt. ltd.
A2389,RMU EXIM SOLUTION LLP
A2390,BIOCOM INTERNATIONAL
A2391,TIH-OM INTERNATIONAL
A2392,Alloysmin Industries
A2393,AALA CREATIONS
A2394,BLUE SEA SHIP SERVICE
A2395,ESCON INTERNATIONAL PVT LTD
A2396,NAGDEV INDUSTRIES
A2397,SUNFLEX GLOBAL SALES CORP
A2398,AKSMD RECHARGEABLE VEHICLES PVT.LTD
A2399,STARKE INTERNATIONAL EXIM PVT LTD
A2400,R G IMPEX
A2401,MITTRA SALES PVT LTD
A2402,Comax Hospitality Private Limited
A2403,SPARTAN INTERNATIONAL
A2404,SHRI SATGURU INDUSTRIES
A2405,HERITAGE PUBLISHERS
A2406,SR OVERSEAS
A2407,ANIL KUMAR VISHAL KUMAR
A2408,Durga Precision Overseas
A2409,CHETAK BEARING CO
A2410,NORTHERN LIGHTS SOLUTIONS LLP
A2411,APOLLO MICRO SYSTEMS PVT. LTD.
A2412,SHYAM TRADING CO
A2413,IBH BEARINGS PVT LTD
A2414,MEDI INTERNATIONAL INC
A2415,DIVYANSHI AVIATION SERVICES PVT LTD
A2416,FORG3D METALS PRIVATE LIMITED
A2417,SPECIALTY GOURMET PRIVATE LIMITED
A2418,SAMPOORNA CARGO SERVICES
A2419,VRION GLOBAL PVT LTD
A2420,ANKUR INTERNATIONAL
A2421,BLASER SWISSLUBE INDIA PRIVATE LIMITED
A2422,Arham Impex Pvt. Ltd.
A2423,CANI Merchandizing Pvt. Ltd.
A2424,SENGANI AND COMPANY
A2425,PRIME IMPEX.
A2426,SCJ PLASTICS LTD
A2427,N N POLYMERS
A2428,MLJ AND SONS
A2429,CWICK IMPORT CONSOLIDATIONS PVT. LTD.
A2430,SHREE ENTERPRISES..
A2431,TIRUPATI BALAJI WOOD PRODUCT
A2432,IBERIA SKINBRANDS INDIA PVT LTD
A2433,SHRI BALAJI IMPEX
A2434,SBBE ENTERPRISES PRIVATE LIMITED
A2435,Whiplash Impex Pvt. Ltd.
A2436,innovative services india
A2437,J M PAPER SALES
A2438,H G Brewers P Limited
A2439,LANDMARK LABELS & ACCESSORIES LLP
A2440,ARJUN INDUSTRIES
A2441,CEE ESS TRADELINKS
A2442,VARUN IMPEX
A2443,WORLD VISION
A2444,TRIPOOT INDIA P LTD
A2445,J. K. Industries
A2446,Chaudhary Trading Co.
A2447,SHUBH CREATIONS
A2448,AM FOODS & BEVERAGES
A2449,NANDI TEXTILE
A2450,SAMA DIAGNOSTICS ANDBIO-MEDICALS PRIVATE LTD
A2451,SHRI NATH STEELS
A2452,MEGRIDA OPTO ELECTRICAL TECH PRIVATE LIMITED
A2453,SIRCA PAINTS INDIA LIMITED
A2454,NAVJYOTI INDIA FOUNDATION
A2455,UNITEK PACKAGING SYSTEMS PVT. LTD.
A2456,TP POLYMER PRIVATE LIMITED
A2457,SHRI KARSHNI ALLOYS PVT LTD
A2458,NITISH IMPEX
A2459,NPM Agro Private Limited
A2460,TEN ON TEN INTERNATIONAL PVT LTD.
A2461,PITZO INDIA PVT LTD
A2462,BRAMCO INDIA PRIVATE LIMITED
A2463,SVFM INDIA PRIVATE LIMITED
A2464,DEVDUT AGGARWAL
A2465,ODIN SYSTEM PVT LTD
A2466,SHYAM BABA GLOBAL
A2467,DS PURE GROW LLP
A2468,LA-MED HEALTHCARE PRIVATE LIMITED
A2469,SEPTODONT HEALTHCARE INDIA PRIVATE LIMITED
A2470,Nitin International
A2471,TAYAJE & SONS PVT LTD
A2472,BALDEV SAHAI & SONS
A2473,HAMD FOODS PRIVATE LIMITED
A2474,Oasis Overseas Exports Private Limited
A2475,gl show international
A2476,MHS MEDICARE
A2477,RAJU HOSIERY WORKS
A2478,UPRISE PROP MAT
A2479,MIRHA EXPORTS PRIVATE LIMITED
A2480,LAKSHMAN OVERSEAS
A2481,RADHEY RADHEY ENTERPRISES
A2482,Bansal Impex
A2483,MULTITEX FILTRATION ENGINEERS LTD
A2484,ACPL EXPORTS PVT. LTD
A2485,NAVYAA FOODS
A2486,Pushpa International  India
A2487,SRIPA & RD VENTURES PRIVATE LIMITED
A2488,AAVRITII INTERCONNECT PVT LTD
A2489,AAA INTERNATIONAL
A2490,Salasar Impex
A2491,VASA DENTAL SUPPLIER
A2492,VIMAL PROBUILD PVT LTD
A2493,RISHI EXIM INTERNATIONAL PVT LTD
A2494,NAVFAIR INTERNATIONAL
A2495,DHANWANTRI TRADING COMPANY
A2496,FORECH INDIA PRIVATE LIMITED
A2497,WONDER CONNECT
A2498,NANAK TRADING CO
A2499,SUNHERI TEXCRAFT PVT LTD
A2500,RAKSHIT ENTERPRISES
A2501,Caldron Graphcis
A2502,SMARTYPET PET PRODUCTS
A2503,SUN SHIELD EXIM
A2504,IMPORTSHIP TRADING COMPANY
A2505,CLEANFLO INDIA PRIVATE LIMITED
A2506,DEVDUTT EXPORT
A2507,Woodbridge Stone Exports Pvt Ltd
A2508,BHARGAVA MOTORS
A2509,ARO EQUIPMENTS PRIVATE LIMITED
A2510,Zoe Concepts Pvt Ltd
A2511,MOONLIGHT INDUSTRIES
A2512,FILTER MAX IMPEX PVT.LTD.
A2513,Sukh dev  dass naveen kumar
A2514,PEARL ENTERPRISES.
A2515,Seatrack International Tradex Pvt. Ltd.
A2516,More Design
A2517,JAP CREATIONS
A2518,KOBELCO CONSTRUCTION EQUIPMENT INDIA PVT. LTD
A2519,GANGA POLYMERS
A2520,SUMAT PERSHAD & SONS
A2521,RICHTER INDIA PRIVATE LIMITED
A2522,RICHFIELD INDUSTRIES PVT LTD
A2523,GAURAV SYNTHETICS
A2524,SUNFLAG CHEMICALS PVT LTD
A2525,K.S. Enterprises
A2526,DS IMPEX
A2527,SHIVAM INTERNATIONAL.
A2528,Eximcorp India Pvt Ltd
A2529,ARAYNA ENTERPRISES
A2530,P G International
A2531,REINFORCED EARTH INDIA PVT LTD
A2532,LE-WPIL JOINT VENTURE
A2533,ALFA-OMEGA ENTERPRISES
A2534,NISHANT IMPEX
A2535,SHREI GLOBAL LOGIMPEX LLP
A2536,YASH TRADING
A2537,INSECTICIDES INDIA LIMITED
A2538,SledgeHammer Oil Tools Private Limited
A2539,VINKO AUTO INDUSTRIES LIMITED
A2540,RASHVINZ EXPORTS
A2541,J.K. IMPORTERS
A2542,RDR IMPEX PRIVATE LIMITED
A2543,CREATIVE QUARTZ LLP
A2544,MISRA AUTOMATICS PVT LTD.
A2545,M.R. ELECTRONICS CORPORATION
A2546,JAY KAY BROS
A2547,CAPRI INTERNATIONAL
A2548,UNITED TRADING CO.
A2549,CHETAN OVERSEAS DELHI PVT LTD
A2550,R S METSCRAPS PVT. LTD
A2551,BHAGWATI PACKER & PRINTERS
A2552,JAI SHRI KRISHNA IMPEX
A2553,Kishan Lal Kuria Mal International
A2554,MAHALAXMI TRADERS.
A2555,Vanesa Care Pvt Ltd
A2556,AUREOLE RUBBERS PVT. LTD.
A2557,SARAS POLYMERS
A2558,JINDAL MASTERBATCHES
A2559,SEKISUI CHEMICAL INDIA PVT LTD
A2560,Pearl Mineral Private Limited
A2561,BHIKHAN LAL RAJ KUMAR
A2562,SHREE GANESH ENTERPRISES
A2563,ISKON SALES CORPORATION
A2564,CHOICE LUGGAGE MANUFACTURING CO.
A2565,AARTI INTERNATIONAL
A2566,FIDES SALES PRIVATE LIMITED
A2567,DANIELI CORUS INDIA PRIVATE LIMITED
A2568,ASIAN AGENCIES
A2569,FORTUNATE FAB
A2570,BVG INDUSTRIES PRIVATE LIMITED
A2571,SRISHTY MEDICAL PVT LTD
A2572,TIRUPATI POLYMER
A2573,BOSHI TEL INDIA PVT. LTD
A2574,MUDIT ENTERPRISES PVT LTD
A2575,SWASTIK ASSOCIATES
A2576,LUXURY TIME PVT LTD
A2577,SCOLARS ENTERPRISES
A2578,S.R.P. ENTERPRISES
A2579,GLORY TRADERS
A2580,V R ENTERPRISES
A2581,Viva Books Private Limited
A2582,KIWI OVERSEAS
A2583,KAMAL RUBPLAST INDUSTRIES PVT LTD
A2584,JINI ART INDIA
A2585,BALAJI PLASTIC
A2586,SHREYA IMP AND EXP CORPORATION
A2587,MEDICAL BUREAU
A2588,WHITE WATER TEX FAB PVT LTD
A2589,ARORA ASSOCIATES
A2590,GROUPE SEB INDIA PRIVATE LIMITED
A2591,TROPICAL EXIM INTERNATIONAL PVT.LTD
A2592,CAPSTONE POLYWEAVE PRIVATE LIMITED
A2593,MAJORE INTERNATIONAL
A2594,R B OVERSEAS
A2595,PALAK ENTERPRISES
A2596,LUCENT TRADERS
A2597,R G BEARING CO
A2598,Print India Solution
A2599,Milvirtan Exports Pvt. Ltd.
A2600,BALAJI CHEMPEX PVT.LTD.
A2601,GLOBAL METAL MARK
A2602,Goodlays Creations Pvt Ltd
A2603,DM INTERNATIONAL PVT LTD
A2604,ARORA TRADERS
A2605,MANKASTU IMPEX PVT. LTD.
A2606,shubham enterprises
A2607,HINDUSTAN TRADING COMPANY
A2608,R.P. GOURMET FOODS PVT LTD
A2609,RD INTERNATIONAL
A2610,GURUJI ENTERPRISES
A2611,SHREE BALAJI MOULDING
A2612,SILVERTONES SPECIALITY TEXTILE PRIVATE LIMITED
A2613,IKON OVERSEAS
A2614,SAROJ IMPEX LLP
A2615,MEDICAL PRODUCTS SERVICE
A2616,DWARKESH ALLOYS PVT. LTD.
A2617,Metal and Steel India
A2618,SHRI RAM ENTERPRISES
A2619,K. L. TRADING CORPORATION
A2620,Woodstock Global
A2621,BRIGHTVIEW TELECOM PVT LTD
A2622,NGK TRADING COMPANY PRIVATE LIMITED
A2623,Sinchan Inks & Polymer
A2624,SVS POLYCHEM INC
A2625,POLYMER TECHNOLOGY GROUP
A2626,ICON OVERSEAS
A2627,KAMDHENU IMPORT AND EXPORT
A2628,NEW DELHI LAW OFFICES
A2629,WEST WORLD ENTERPRISES
A2630,JAGMAG IMPEX PRIVATE LIMITED
A2631,SHIVOM PLASTICS & IMPEX
A2632,VELOCITY GROUP
A2633,kalki furnishing
A2634,GANPATI ENTERPRISES
A2635,A S Timber
A2636,UPDATE PRINTS  INDIA
A2637,UTTAM STEEL ALLOYS PVT LTD
A2638,SACHDEVA ENTERPRISES
A2639,AARV WOOD & VENEER PVT LTD
A2640,Sun N Shine Industries
A2641,Dura Plast Inc
A2642,OM SONS
A2643,PLUSH INTERIORS PVT LTD
A2644,TECMAX ELECTRONIC
A2645,SURYANSH WOOD PRODUCTS
A2646,Radico Khaitan Ltd
A2647,VN SPARE  INDIA
A2648,SHARMA BILLIARD ACCESSORIES
A2649,AMIT INDUSTRIES PVT LTD
A2650,S.R.INDUSTRIES
A2651,STEPSROVE
A2652,B.J International Private Limited
A2653,ESHA EXPORTS
A2654,STARKE MINE CHEM
A2655,LAXMI IMPEX.
A2656,ACCESSORIES HUB
A2657,RPJP ELECTRO INDIA PVT LTD
A2658,Anisun International
A2659,RATHI ENTERPRISES
A2660,STALLION STEELWARE PVT LTD
A2661,SAI INTERNATIONAL...
A2662,KHATRI TRADERS
A2663,SHIV SHAKTI FLOAT GLASSES PRIVATE LIMITED
A2664,UNISTAR ENTEPRISES
A2665,star traders
A2666,BHARAT SALES CORPORATION
A2667,GLS ENTERPRISES
A2668,ravi enterprises
A2669,ORIENTAL ENGG. WORKS PVT. LTD
A2670,Super Value trading pvt. ltd.
A2671,VSCT TRADING SOLUTIONS  OPC  PVT LTD
A2672,Argentium  International Pvt Ltd.
A2673,BANARASI DASS HARISH KUMAR
A2674,SHARMA PLASTIC
A2675,My star toys
A2676,TARA IMPEX
A2677,DENTSPLY INDIA PVT LTD
A2678,Manisha Exim Pvt Ltd
A2679,FAIZ ENTERPRISES
A2680,ANNU TRADERS
A2681,KRISHNA SALES
A2682,CHAUDHARY LABELS PVT LTD
A2683,KONTINENTAL CROSSLINK PRIVATE LIMITED
A2684,ARORA ENTERPRISES..
A2685,M D ENTERPRISES
A2686,MGR FRUITS PVT. LTD.
A2687,JAI ENTERPRISES
A2688,SOJITZ INDIA PVT. LTD.
A2689,BIOCON SWITCHGEAR PVT LTD
A2690,DE SOMA PLASTIC UDYOG PVT LTD
A2691,RATTAN PLASTICS INDUSTRIES
A2692,COSPO TOOLS CENTRE
A2693,santosh wood industries
A2694,KASHISH OVERSEAS PVT LTD
A2695,HAREKRISHNA ENTERPRISES
A2696,Goodword Books
A2697,R.R. INTERNATIONAL.
A2698,OPAL ENTERPRISES
A2699,R.K. International
A2700,UNIVERSAL PERFORMANCE CHEMICALS PVT LTD
A2701,RHL ENTERPRISES
A2702,HERBOSYNTH INDIA
A2703,GUPTA STATIONERY STORE
A2704,M.D. ENTERPRISES
A2705,ADITYA INFOSOLUTIONS PVT LTD
A2706,Shimroy Traders
A2707,GRAND LINK GLOBAL IMPEX
A2708,Pashupati Bearings Private Limited
A2709,HIGHLINK EXPORTS PVT LTD
A2710,DIVYANSH MEMENTO MART
A2711,SAMRAT INTERNATIONAL
A2712,INDIA EXPORTS.
A2713,Akash Indchi Import & Export Co.
A2714,R R WELDING CORPORATION
A2715,options unlimited
A2716,ZENITH INDUSTRIES
A2717,SWISS IMAGE INDIA PVT LTD
A2718,AMAN PAPER COMPANY
A2719,SHREE BABOSA IMPEX
A2720,VIDYA SAGAR FOODS PVT LTD
A2721,PARTH ENTERPRISES
A2722,A K FASHIONS
A2723,R P TRADERS
A2724,ALLIANCE INTERNATIONAL
A2725,EIH LIMITED
A2726,BLUE MOUNTAIN IMPEX PVT LTD
A2727,TERRATEC INDIA PRIVATE LIMITED
A2728,SBM OVERSEAS
A2729,SILIC INTERNATIONAL MERCHANDISING PVT LTD
A2730,now
A2731,NITIN ENTERPRISES
A2732,Gopal Yarns Pvt. Ltd.
A2733,UNIQUE IMPEX
A2734,Swastik Paper
A2735,AMAR SALES
A2736,DEVJAS TRADING COMPANY
A2737,Valley Iron And Steel Co Ltd
A2738,AUTO RECYCLING SERVICES LLP
A2739,KAPOOR BROTHERS..
A2740,S A POLYCOAST
A2741,PANACEA BIOTEC PHARMA LIMITED
A2742,SHREE BALAJI INTERNATIONAL..
A2743,Cable Tel Industries
A2744,MEGHA OVERSEAS IMPEX
A2745,J F B ENTERPRISES
A2746,POT ELECTRONICS
A2747,IMIGO WORLD PRODUCTS PVT. LTD.
A2748,PAPER RESOURCE CO
A2749,SIYARAM POLYMERS
A2750,Tipple Casa Pvt Ltd
A2751,RYAN IMPEX
A2752,R J International
A2753,Anytime Nature Foods LLP
A2754,SUNEJA SONS
A2755,PAVITT INTERNATIONAL
A2756,ITALIO PLAZA
A2757,SUPREME SAI CONSTRUCTION AND DEVELOPERS LLP
A2758,NAVNIT IMPEX
A2759,DECOR SOURCES
A2760,MARINO CABLES INDIA PRIVATE LIMITED
A2761,EXCEL COPIERS
A2762,MOHAN BROTHERSS LLP
A2763,R M ENTERPRISES
A2764,GANESH HEALTHCARE
A2765,RAMA SALES CORP
A2766,SMALL AND MEDIUM BUSINESS INDUSTRY
A2767,SHREE JI SALES
A2768,DO BEST INFOWAY
A2769,KESARA SYNTEX PRIVATE LIMITED
A2770,KITCHEN PALACE
A2771,R.K.GUPTA & SONS
A2772,SHYAM HARDWARE STORE
A2773,DDS INTERNATIONAL
A2774,Silver Stone Establishment
A2775,CTC INTERNATIONAL
A2776,KRISHA ENTERPRISES
A2777,SUBHIKSH STEEL IMPEX PVT LTD
A2778,MKT Marketing Technologies Private Limited
A2779,SEA HORSE TRADING COMPANY
A2780,TRIJITH INTERNATIONAL PRIVATE LIMITED
A2781,FLOOR STUDIO
A2782,Narayani Earthmovers
A2783,VISOTKA PRIVATE LIMITED
A2784,EKKO INERNATIONAL
A2785,FORTUNE STEEL IMPEX PVT LTD
A2786,PRAVIGA INTERNATIONAL
A2787,OMKARA INTERNATIONAL
A2788,CHINTAN TRADERS
A2789,VIJAY CHEMICALS
A2790,Allfine Industries Pvt Ltd.
A2791,H-SPACE MACHINERY CO
A2792,TRIDEV FOOTWEARS
A2793,UNNATI ENTERPRISES
A2794,AJANTA PACKAGING COMPANY
A2795,MODERN CONCEPT
A2796,QUANTUM HITECH MERCHANDISING PVT.LTD.
A2797,HANSA INTERNATIONAL
A2798,NEXGEN AUDIO SYSTEM
A2799,OM BOOK SERVICE
A2800,INDULGE FOODS PRIVATE LIMITED
A2801,SHIV ZARI EMPORIUM
A2802,SANJAY OVERSEAS
A2803,Hamsa India
A2804,R K INTERNATIONAL
A2805,M & D TAMRE KARNI INTERNATIONAL
A2806,SHRI VINAYAK PACKAGING MACHINE PVT. LTD.
A2807,GIFT EMPORIUM
A2808,RAVI MATERIAL HOUSE PVT. LTD.
A2809,medicare products inc
A2810,YASH VALVES PVT LTD
A2811,B.K.INTERNATIONAL PRIVATE LIMITED
A2812,S V INTERNATIONAL.
A2813,Sun Electronics
A2814,ALCOLITE INDIA
A2815,PR Innovations Pvt. Ltd.
A2816,PRAKASH CARPETS PVT LTD
A2817,SUNBEAM ELECTRONICS
A2818,SHAKMBRI KHADYA BHANDAR
A2819,Arihant Solution.
A2820,GLOBAL SOURCING
A2821,BONGCHIE INDIA PRIVATE LIMITED
A2822,MISHTHI ENTERPRISES
A2823,TRENCHLESS ENGINEERING SERVICES PRIVATE LIMITED
A2824,SHREE RADHEY KRISHNA INTERNATIONAL
A2825,SHRI RAM IMPEX  INDIA  PVT. LTD.
A2826,RPC FOODS
A2827,STASH BARN ENTERPRISES
A2828,LABH SINGH AUTO AGENCIES
A2829,CORLIM MARINE EXPORTS PRIVATE LIMITED
A2830,GOAN BOUNTY
A2831,GOA SHIPYARD LIMITED
A2832,QUALITY EXPORTS
A2833,ELSTEEL MODULAR PRODUCTS INDIA PRIVATE LIITED
A2834,VIC INDUSTRIES
A2835,FULLARTON DISTILLERIES PVT. LTD
A2836,ASIA PACIFIC ENGINEERING SERVICES
A2837,CHEMTROLS INDUSTRIES PRIVATE LIMITED
A2838,BLS POLYMERS LIMITED
A2839,ESTEEM INDUSTRIES PRIVATE LIMITED
A2840,PENTAIR WATER INDIA PRIVATE LIMITED
A2841,POWER ENGINEERING  INDIA  PVT. LTD.
A2842,SAVANNAH SURFACTANTS LTD
A2843,MARPOL PRIVATE LIMITED
A2844,Ocean King Distillers
A2845,Impala Distillery & Brewery Limited
A2846,Vaishnavi Enterprises
A2847,ATLAS FISHERIES PVT LTD
A2848,ALBYS AGRO PRIVATE LIMITED
A2849,Lourenco Marine
A2850,ENCUBE ETHICALS PVT. LTD.
A2851,SHRI BALAJI ROLLINGS PVT LTD
A2852,Champs
A2853,Astra Concrete Products
A2854,GLOBAL ISPAAT PVT LTD
A2855,ADINCO DISTILLERIES
A2856,GOA SPONGE AND POWER LIMITED
A2857,LUIS AND COMPANY
A2858,Siva Inotec Ltd
A2859,Goa Ispat Limited
A2860,europa enterprises
A2861,Himtech Castings
A2862,FOMENTO RESORTS AND HOTELS LTD
A2863,MEDISPRAY LABORATORIES PVT. LTD.
A2864,PRATHA LOGISTICS
A2865,MANDOVI CASTING PVT LTD
A2866,Rosenberger Electronic Co. India Pvt. Ltd.
A2867,HINDUSTAN EARTHMOVING SPARES
A2868,VEDANTA LIMITED
A2869,Pavnai Industries
A2870,Apollo Exim
A2871,SHIVAM ISPAT PRIVATE LIMITED
A2872,MOHIT STEEL INDUSTRIES PVT LTD
A2873,PRAGATI UDYOG
A2874,Mohit Ispat Limited
A2875,AR-MINES INDUSTRIES
A2876,SANOFI-SYNTHELABO  INDIA  PVT LTD
A2877,HARSHIT TRADE LINK PVT LTD
A2878,PRAGATI ENTERPRISES..
A2879,SANOFI HEALTHCARE INDIA PRIVATE LIMITED
A2880,H P Enterprises
A2881,Shraddha Ispat Pvt. Ltd.
A2882,KARTHIK INDUCTIONS LTD
A2883,Chowgule And Company Pvt. Ltd.
A2884,GOA GLASS FIBRE LTD
A2885,DE NORA INDIA LIMITED
A2886,SHIV SHAKTI TRADERS
A2887,Silicon Cortech Pvt. Ltd.
A2888,OSWAL EXTRUSION LTD
A2889,PLASTENE INDIA LTD
A2890,STEELCO GUJARAT LIMITED
A2891,JAINI IMPEX
A2892,GSP CROP SCIENCE PVT LTD
A2893,SHUBH PSYLLIUM INDUSTRIES
A2894,Praspack Polymers
A2895,REX TONE INDUSTRIES LTD
A2896,ANSUYA IMPEX PRIVATE LIMITED.
A2897,PRAKASH CHEMICALS INTERNATIONAL PVT. LTD.
A2898,GUJARAT AMBUJA EXPORT LTD
A2899,Dishman Pharmaceuticals& Chemicals Ltd
A2900,KORAI ENTERPRISES
A2901,SISECAM FLAT GLASS INDIA PRIVATE LIMITED
A2902,Ahlstrom Munksjo Fibercomposites India Pvt. Ltd.
A2903,SKAPS INDUSTRIES INDIA PVT LTD
A2904,SHREE GURUKRUPA COTTON INDUSTRIES
A2905,MAIZE PRODUCTS  A DIV. OF SAYAJI INDUSTRIES LTD
A2906,DYNAMIC AGRO INTERNATIONAL
A2907,BODAL CHEMICALS LTD
A2908,HN INDIGOS PVT LTD
A2909,Starco Ceramic
A2910,IDEX FLUID & METERING PRIVATE LTD
A2911,Shiva Pharmachem Ltd
A2912,GOLDEN TOBACCO LIMITED
A2913,Kalpataru Power Tansmission Ltd
A2914,BOMBAY MINERALS LIMITED
A2915,ROON AGRO EXPORTS
A2916,CADILA HELTH CARE LTD
A2917,Terram Geosynthetics Private Limited
A2918,MACRO POLYMERS PRIVATE LIMITED
A2919,TOYOTA CHEMICAL INDUSTRIES PVT LTD
A2920,LEGACY IMPEX PRIVATE LIMITED
A2921,ADITYA BIRLA NUVO LIMITED
A2922,LINCON POLYMERS PVT. LTD
A2923,KOSHAMBH MULTITRED PVT LTD
A2924,NABROS PHARMA PRIVATE LIMITED
A2925,SUJATA SYNTHETICS LTD
A2926,SWASTIK GUM INDS INDIA
A2927,MASARA IMPEX PRIVATE LIMITED
A2928,AGRI VENTURE
A2929,PNR INDUSTRIES LTD
A2930,Shah Zaverchand Bhurabhai
A2931,SCALLOPS LOGISTICS PVT. LTD.
A2932,ROYAL EXPORTERS
A2933,RAMA GUM INDUSTRIES  INDIA  LIMITED
A2934,Dhaval Agri Exports
A2935,KADAM EXPORTS PVT. LTD.
A2936,AHIR EXPORTS
A2937,Ahmedabad packaging Industries Ltd
A2938,SHAMBHUPRASAD & SONS.
A2939,CROSSWORD AGRO INDUSTRIES
A2940,Baxter Pharmaceuticals India Private Limited
A2941,Raghvani Textiles Pvt. Ltd.
A2942,ORCHID EXIM (INDIA) PVT. LTD.
A2943,SATYENDRA PACKAGING LIMITED
A2944,GUJARAT ALKALIES AND CHEMICALS LTD
A2945,JINDAL FIBRES
A2946,SANJEEVANI BIOTECH EXIM PVT.LTD
A2947,CYBER CERAMICS
A2948,SANTOSH LIMITED
A2949,BAROQUE PHARMACEUTICALS PVT.LTD.
A2950,VE - 7 CERAMIC
A2951,Aditya Timpack Pvt Ltd
A2952,Rajsha Chemicals Private Limited
A2953,CLARIS LIFESCIENCES LIMITED
A2954,KESHWANI EXIM PRIVATE LIMITED
A2955,Rajkamal Agro Industries
A2956,CARTON PLAST
A2957,SHAH INDUSTRIES
A2958,RAJESHREE POLYMERS
A2959,Turbo Bearings Pvt Ltd.
A2960,SINTEX INDUSTRIES LTD
A2961,SALET SEAFOODS PVT LTD
A2962,PESCA MARINE PRODUCTS PVT LTD
A2963,Bajaj Foods Limited
A2964,FAIRDEAL JUMBO PACKAGING PVT. LTD.
A2965,JOLLY ENTERPRISE
A2966,ANUPAM RASAYAN INDIA LIMITED.
A2967,ASIAN FOOD INDUSTRIES
A2968,CONDOR FOOTWEAR  I  LTD
A2969,PAAR GLOBAL
A2970,ORIENT ABRASIVES LTD
A2971,Maxim Exports
A2972,ASSOCIATED DYESTUFF PVT. LTD.
A2973,Rishi FIBC Solutions Private Limited
A2974,RAPID OVERSEAS
A2975,SHAKTI POLYWEAVE PVT LTD
A2976,CYTECH COATINGS PVT LTD
A2977,TAJ PERFUMERS
A2978,DELTA TILES LIMITED
A2979,COLOURTEX INDUSTRIES PRIVATE LIMITED
A2980,DIC FINE CHEMICALS PRIVATE LIMITED
A2981,Sanstar Bio Polymers Ltd
A2982,ATLANTIS PRODUCTS PRIVATE LIMITED
A2983,KLJ ORGANIC LTD  BENZYL UNIT
A2984,SUNSHINE TILES CO. PVT. LTD.
A2985,UMASREE TEXPLAST PVT LTD
A2986,AIA ENGINEERING LTD
A2987,ARCHIT ORGANOSYS LIMITED
A2988,KEJRIWAL INDUSTRIES LTD
A2989,panoli products pvt ltd
A2990,swastik ceracon limited
A2991,VISHVESHWARIAA EXPORTS
A2992,Jazz Creations
A2993,OMAX COTSPIN PRIVATE LIMITED
A2994,ADANI WILMAR LIMITED
A2995,Sterling chemicals
A2996,OTSUKA PHARMACEUTICALS INDIA PRIVATE LIMITED.
A2997,DIVYA IMPEX
A2998,VADILAL INDUSTRIES LTD.
A2999,PALVI INDUSTRIES LIMITED
A3000,PRAYAS WOOLLENS PVT LTD
A3001,INDO COLCHEM PVT. LTD.
A3002,SYMBOSA GRANITO PRIVATE LIMITED
A3003,MARS EXPORTS
A3004,ICON CERAMIC LTD
A3005,BHAVIN INDUSTRIES
A3006,JINDAL WORLDWIDE LTD
A3007,OHRI GLOBPPACK PVT. LTD.
A3008,Mishkat Agro Industries
A3009,VEER INTERNATIONAL
A3010,R K RECLAIM AND RUBBER PRODUCTS PVT LTD
A3011,NAVRANG POLYFILMS PRIVATE LIMITED
A3012,DEFI HEALTHCARE PRIVATE LIMITED
A3013,DEVAKARAN SONI
A3014,DELL CERAMIC PRIVATE LIMITED
A3015,GHORECHA EXIM Private Limited
A3016,AMARSAGAR SEAFOODS PVT LTD
A3017,G Square International Pvt. Ltd
A3018,VISION PRODUCTS PRIVATE LIMITED
A3019,SHYAM INDUSTRIES
A3020,ALEMBIC PHARMACEUTICALS LTD
A3021,GLOBE TEXTILES  INDIA   LIMITED
A3022,Chemtex Materials Private limited
A3023,Mahalaxmi Traders
A3024,Capital Dehydration
A3025,ELLFORD FINE CHEMICALS PRIVATE LIMITED
A3026,BALKRISHNA SPINTEX PRIVATE LIMITED
A3027,MAHADEV MANUFACTURES
A3028,GOKUL OVERSEAS
A3029,Sheth Multi-Link Pvt.Ltd.
A3030,INDUSTRIAL SOLVENTS & CHEMICALS PVT. LTD.
A3031,ANKUR CHEMFOOD LTD
A3032,VINAYAK INDUSTRIES
A3033,INDO-GSP CHEMICALS LLP
A3034,MONARCH INTERNATIONAL
A3035,CENGRES TILES LIMITED
A3036,OIL FIELD WAREHOUSE AND SERVICES LIMITED
A3037,Vina International
A3038,BHAVANI SEA FOODS
A3039,MODI EXPORTERS
A3040,J.J.PLASTALLOY PVT. LTD.
A3041,RATNAM STONE EXPORTS
A3042,JAI ASHAPURA SHIPPING AND LOGISTICS
A3043,SAGAR SAMRAT SEAFOODS
A3044,RAUNAQ ICE & COLD STORAGE
A3045,GEMSTONE GLASS PRIVATE LIMITED
A3046,ALTRAFINE GUMS
A3047,Sabic Innovative Plastics India Pvt Ltd
A3048,SHREEJI DEHYDRATE EXPORT
A3049,DORF KETAL SPECIALITY CATALYST PRIVATE LIMITED
A3050,SIMOLA VITRIFIED PVT. LTD.
A3051,RAGHUVIR EXIM LIMITED
A3052,S.RAJA EXPORT PRIVATE LIMITED
A3053,LEXUS GRANITO INDIA PVT LTD
A3054,MILAN SEEDS CORPORATION INDIA PRIVATE LIMITED
A3055,RATNAVEER METALS LIMITED
A3056,AL-MEEZAN INTERNATIONAL
A3057,RAHIL (CPP) FILMS PRIVATE LIITED
A3058,STAG  PRINT PRIVATE LIMITED
A3059,SAKRAT INDUSTRIES
A3060,SUNGRACIA TILES PVT LTD
A3061,STAC ENTERPRISE PRIVATE LIMITED
A3062,MEGHMANI INDUSTRIES LIMITED-DAHEJ SEZ
A3063,SAKAR HEALTHCARE PVT.LTD.
A3064,ITM SAFETY PRIVATE LIMITED
A3065,HEUBACH COLOUR PVT LTD
A3066,ASIATIC COLOUR CHEM IND LTD
A3067,LONSEN KIRI CHEMICALS INDUSTRIES LTD
A3068,ALFA ICA  I  LTD.
A3069,UMBERTO CERAMICS INTERNATIONAL PVT LTD
A3070,BARODA HI-TECH ALLOYS PVT. LTD
A3071,GOKUL AGRI INTERNATIONAL LTD
A3072,GOHEL EXPORTS
A3073,"20 MICRONS LIMITED"
A3074,Ideal Sheet Metal Stampings & pressings Pvt Ltd.
A3075,KRISHNA META CRAFT PRIVATE LIMITED
A3076,RAVIRAJ PLASTICS PVT.LTD.
A3077,RAJAN SEA FOODS
A3078,SHREE GANESH EXPORTS
A3079,HIMGIRI CASTINGS PVT. LTD
A3080,GOLD STAR INTERNATIONAL
A3081,INDO BAIJIN CHEMICALS PRIVATE LIMITED
A3082,KIRI INDUSTRIES LIMITED
A3083,RAGHUVIR LIFESTYLE PRIVATE LIMITED
A3084,RAINBOW PAPERS LIMITED
A3085,Gujarat Overseas Inc
A3086,VITAZ FOOD AND BEVERAGES PRIVATE LIMITED
A3087,MIDAS OVERSEAS
A3088,J LAL FOODS PRIVATE LIMITED
A3089,OHM EXIMP DISTRIBUTING PVT LTD.
A3090,MAHAVIR MINERALS
A3091,CHOKSI EXPORTS
A3092,Kaps Engineers
A3093,PROMACT PLASTICS LIMITED
A3094,SHREEJI INTERNATIONAL
A3095,Somnath marine export
A3096,J B ECOTEX LLP
A3097,J.K.GROUP OF INDUSTRIES
A3098,NUTRI BIO SOLUTIONS PRIVATE LIMITED
A3099,TRANSPEK INDUSTRY LIMITED
A3100,INDIANA CHEM-PORT
A3101,SAHIBA LIMITED
A3102,PRO-TECH SPORTS & SAFETY PRODUCTS PVT. LTD.
A3103,Grocon Exports
A3104,SHEETAL UNIVERSAL LIMITED
A3105,FLOVEL VALVES P LTD
A3106,SATYAM TRADERS
A3107,RAMESWAR UDYOG PVT. LTD.
A3108,MEGHA INDUSTRIES
A3109,AVLON CERAMIC PRIVATE LIMITED
A3110,Adgums Pvt. Ltd
A3111,KAYAVLON IMPEX PRIVATE LIMITED
A3112,ACCURA ORGANIC FOODS
A3113,STAR DYES & INTERMEDIATES
A3114,ABRA COTTON CREATIONS PRIVATE LIMITED
A3115,AROCHEM INDUSTRIES PRIVATE LIMITED
A3116,QREX FLEX PRIVATE LIMITED
A3117,GOVIND MADHAV INDUSTRIES
A3118,Gujarat Multi Gas Base Chemicals Private Limited
A3119,DYNAMIC INDUSTRIES LIMITED
A3120,John Energy Limited
A3121,ASENCE PHARMA PRIVATE LIMITED
A3122,SML FILMS LIMITED
A3123,Karam Multipack Private Limited
A3124,INDTECH MARKETING
A3125,ESSEN SPECIALITY FILMS PVT LTD
A3126,Varsha Industries Private Limited
A3127,Nimbus International
A3128,SAYONA COLORS PRIVATE LIMITED
A3129,PARAS LOGISTICS SERVICES
A3130,MATANGI INDUSTRIES LIMITED LIABILITY PARTNERSHIP
A3131,SHRI AMBICA POLYMER PVT. LTD.
A3132,K.I.Z. FOODS LIMITED
A3133,Lycos export
A3134,Vishawash Agri Exports (Guj.) Pvt Ltd
A3135,JYOT OVERSEAS PRIVATE LIMITED
A3136,REAL EXPORTS
A3137,WESTCOAST PHARMACEUTICALS WORKS LTD
A3138,MBH POWER PVT. LTD
A3139,WINDSOR MACHINES LIMITED
A3140,ITALAKE CERAMIC PRIVATE LIMITED
A3141,BURADON INCORPORATE
A3142,ADMARK POLYCOATS PRIVATE LIMITED
A3143,VISHRAVAI CNC MACHINE SHIP
A3144,MIRA SEA FOODS
A3145,BOSS CERAMICS
A3146,JAY CHEMICAL INDUSTRIES PRIVATE LIMITED
A3147,GIRIRAJ ENTERPRISE
A3148,RENSHOU INDUSTRIES
A3149,PLATINIUM TIE-UP PVT LTD
A3150,UNICURE REMEDIES PVT LTD
A3151,R C ENTERPRISE
A3152,MAHALAXMI EXPORTS
A3153,VIBFAST PIGMENTS
A3154,VARDHMAN STAMPINGS PVT. LTD.
A3155,Kartik Cold Storage
A3156,Val Organics Pvt. Ltd.
A3157,PAR DRUGS AND CHEMICALS PRIVATE LIMITED
A3158,Sebacic India Limited
A3159,Accura Enterprises Pvt. Ltd
A3160,B K FOODS
A3161,Mahendra cotton mills pvt.ltd
A3162,J J SEAFOODS
A3163,Kisan Foods
A3164,Mazda Limited
A3165,RANASARIA POLY PACK PVT LIMITED
A3166,V G.PLASTECH
A3167,ASTA CERAMIC PRIVATE LIMITED
A3168,BAJAJ HERBALS LIMITED
A3169,MADHAV AGRO FOODS PVT. LTD.
A3170,Shanpar Industries Private Limited
A3171,DHARA FOODS PVT LTD
A3172,ANIKA FARMING EQUIPMENT
A3173,RANGE CERAMIC PRIVATE LIMITED
A3174,Shyam Marine Foods
A3175,ADD POLYMERS PVT LTD
A3176,RAJ IMPORT-EXPORT
A3177,DIVINE TUBES PRIVATE LIMITED
A3178,PROLIFE  BIOCHEMICAL INDUSTRIES
A3179,FARMSON PHARMACEUTICALS GUJARAT PRIVATE LIMITED
A3180,YUSHIKA EXPORTS
A3181,UNIVERSAL AGRI EXPORTS
A3182,ELKINS TRADELINK LIMITED
A3183,WIND SKY INTERNATIONAL
A3184,SAMKIN INDUSTRIES
A3185,PRASHANT CASTECH PRIVATE LIMITED
A3186,LIVON CERAMIC
A3187,AGRAWAL INTERNATIONAL
A3188,Choksi Organics Pvt. Ltd.
A3189,EXZAKTA MECCANICA LIMITED
A3190,SADGURU EXPORT
A3191,SISA MOSAIC PVT LTD
A3192,AMARNATH FOODS
A3193,ASTRA LIFECARE INDIA PVT LTD
A3194,BLUETONE IMPEX LLP
A3195,OM IMPEX
A3196,SWATI ENTERPRIZE
A3197,JYOTI LTD
A3198,STEEFO ENGINEERING CORPORATION
A3199,ANAND INTERNATIONAL
A3200,ANUSHA IMPORTS & EXPORTS
A3201,BREEZE INTERMEDIATES PRIVATE LIMITED
A3202,Divine Ascent International
A3203,K G N MULTIMEDIA PRIVATE LIMITED
A3204,Toyo Ink India Pvt Ltd.
A3205,KITCHEN XPRESS OVERSEAS LIMITED
A3206,INNOVATIVE TYRES & TUBES LTD
A3207,MURTUZA FOODS PRIVATE LIMITED
A3208,EVEREST HEALTHCARE
A3209,Novopharm Formulations Private Limited
A3210,PARAS INDUSTRIES
A3211,KUSTERS CALICO MACHINERY PRIVATE LIMITED
A3212,ALPHA PLASTOMERS PRIVATE LIMITED
A3213,ATUL LIMITED
A3214,DN TUBES PRIVATE LIMITED
A3215,HARSH IMPEX
A3216,SUBHDI LOGISTICS
A3217,SHRI JAGDAMBA POLYMERS LTD.
A3218,ORNET INTERMEDIATES PVT. LTD.
A3219,KAUSHIK COTTON CORPORATIION
A3220,UNJHA AGRO COMPANY
A3221,KUTCH CHEMICAL INDUSTRIES LTD
A3222,HONEST FROZEN FOODS CO
A3223,NPF POLYFILMS PRIVATE LIMITED
A3224,SPARKLE GRANITES
A3225,TOPLAND EXPORTS
A3226,SHREE SAIBABA GLOBAL SERVICE
A3227,Shabnam Petrofils Private Limited
A3228,B.O. EXPORTS
A3229,OM SHREE LAXMI ENTERPRISE
A3230,MetalMech Engineering
A3231,SPX FLOW TECHNOLOGY INDIA  PRIVATE LIMITED
A3232,SHREE BHAGWATI FLOUR & FOODS PVT. LTD
A3233,AIRAN EXPORTS
A3234,Axiom Gas Engineering  Private Limited
A3235,ALFA MICRONS
A3236,ATUL AUTO LIMITED
A3237,GULBRANDSEN TECHNOLOGIES INDIA PRIVATE LIMITED
A3238,SWISS GLASCOAT EQUIPMENTS LIMITED
A3239,Towertech Cooling System Private Limited
A3240,Kerry Ingredients India Pvt. Ltd.
A3241,Meera Enterprise
A3242,NICO ORGO MANURES
A3243,CHOKSI COLOURS PVT. LTD.
A3244,Badani Corporation
A3245,STI INDUSTRIES
A3246,OMSUN POWER PRIVATE LIMITED
A3247,GUJARAT AUTOMOTIVE GEARS LIMITED
A3248,RICHTER THEMIS MEDICARE INDIA Pvt Ltd.
A3249,FRESHTROP FRUITS LIMITED
A3250,INTAS PHARMACEUTICALS LTD.
A3251,GEO-FRESH ORGANIC
A3252,S V EXPORTS
A3253,UNITED INC
A3254,YASHASHVI RASAYAN PRIVATE LIMITED
A3255,DOMS INDUSTRIES PVT. LTD.
A3256,Vision Trade Inc
A3257,RUKMI FOOD PRODUCTS PVT. LTD.
A3258,SHREE DATT AQUACULTURE FARMS PVT LTD
A3259,HEMLON SYNTHETICS PVT.LTD.
A3260,JAI SHIV AGRO INDUSTRIES
A3261,SOPARIWALA ENTERPRISES
A3262,lycos ceramic pvt.ltd
A3263,ROYAL MINERAL
A3264,NORRIS MEDICINES LTD
A3265,LIVA CERAMICS
A3266,NATURE PULSE BOTANICALS PVT LTD
A3267,META BUILD HARDWARE MFG.CO.
A3268,SHAH PAPERPLAST INDUSTRIES LIMITED
A3269,JINNY MARINE TRADERS
A3270,SUNWORLD VITRIFIED PRIVATE LIMITED
A3271,AGRAWAL EXPORTS
A3272,JEWEL CONSUMER CARE PRIVATE LIMITED
A3273,ATM Global Corporation
A3274,VEEGLOW ENGINEERING SOLUTIONS PVT LTD
A3275,J P EXTRUSIONTECH LIMITED
A3276,LOTUS RECYCLERS
A3277,ANEA TEXTILES
A3278,NEXTECH ENGINEERING
A3279,SUKHA CHEMICAL INDUSTRIES
A3280,SHREE RAM PROTEINS PRIVATE LIMITED
A3281,FIVEBRO INTERNATIONAL PVT.LTD
A3282,POLYOLS AND POLYMERS
A3283,MUSCAT POLYMERS PRIVATE LIMITED
A3284,SUBHASHISH PAPER PRODUCTS
A3285,HARSON COMMERCIAL SERVICES
A3286,Ayan International
A3287,SAFAL FLEXIBOND PRIVATE LIMITED
A3288,Mayur Wovens Private Limited
A3289,LAKOM ELECTRICALS PVT.LTD.
A3290,CLARION INDIA
A3291,MICROMOLE IONICS PVT LTD
A3292,NEMLAXMI BOOKS INDIA PRIVATE LIMITED
A3293,STAR IMPEX.
A3294,Grainspan Nutrients Private Limited
A3295,Kay Pigments
A3296,SUNRISE GLASS INDUSTRIES PRIVATE LIMITED
A3297,HEMTECH INDUSTRIES
A3298,GUJARAT CO-OP MILK MARKETING FEDERATION LIMITED
A3299,PELICAN ROTOFLEX PRIVATE LIMITED
A3300,Shreedheer Printers Private Limited
A3301,ENPAY TRANSFORMER COMPONENTS INDIA PRIVATE LIMITED
A3302,FLAIR IMPEX INDUSTRIES PRIVATE LIMITED
A3303,Shivam Minerals & Allied Industries Private Limite
A3304,MODERN PETROFILS
A3305,SARLA PERFORMANCE FIBERS LIMITED.
A3306,GARNETT NUEVO PAPERS PRIVATE LIMITED
A3307,NIRMA LIMITED
A3308,ELGA SHIPPING SERVICES
A3309,PACIFIC EXPORTS
A3310,LIBERO EXPORT HOUSE
A3311,TERRATECH CHEMICALS  INDIA  PRIVATE LIMITED
A3312,RAJ AND COMPANY
A3313,EXPOCITY GLOBAL
A3314,MAKCUR LABORATORIES LIMITED
A3315,BANCO PRODUCTS  INDIA  LIMITED
A3316,RUPAL COLORCHEM INDUSTRIES
A3317,ZED VITRIFIED PRIVATE LIMITED
A3318,PROLIFE INDUSTRIES LIMITED
A3319,EUROCOIN CERAMICS PVT .LTD
A3320,SHREE BHAVANI CLEANING
A3321,MaheshRaj Chemicals Pvt. Ltd.
A3322,Vivek Agro Products
A3323,LAKULISH TRADELINK
A3324,NEER ENTERPRISES
A3325,SIRIUM CERAMIC PVT LTD
A3326,MARUTI EXPORTS.
A3327,Apple Food Industries
A3328,ASIAN CLAYS
A3329,POOJA EXPORT
A3330,SAI INTERNATIONAL.
A3331,AMS FINE CHEMICALS
A3332,NAGNESH ENGINEERING
A3333,MAHENDRA CHEMICALS
A3334,Espee Pharma Chem Private Limited
A3335,ANJALI SEAFOOD LLP
A3336,SHREE RAGHVENDRA AGRO PROCESSORS
A3337,JAGAT AGRO
A3338,Ncraze Ceramic LLP
A3339,INTRACIN PHARMACEUTICAL P LTD
A3340,INDIAN EXPORTS
A3341,V G TECHNO PLAST
A3342,OSWAL INDUSTRIES LIMITED
A3343,KRISHNA EXPORTS
A3344,BHARAT EXPO
A3345,Neotex yarns private Limited
A3346,V & U Corporation
A3347,SURYAKANT EXIM LLP
A3348,Savaliya Agri Commodity Export Pvt Ltd.
A3349,ZAID ENTERPRISE
A3350,BHAGWATI TRADING COMPANY
A3351,KIRAN EXIM SERVICES
A3352,INFINITO ADVANCE PRODUCTS AND EXPORTS LLP
A3353,GLOBAL FOOD INSUTRIES
A3354,Khedut Feeds And Foods Pvt. Ltd.
A3355,LAVISH IMPEX
A3356,VINEET POLYFAB PRIVATE LIMITED
A3357,SHAH SANDIP MADHUSUDAN
A3358,KAILASH OIL CAKE INDUSTRIES
A3359,JAGDISH OVERSEAS
A3360,MACSON PRODUCTS
A3361,DEVSON INSULATORS PRIVATE LIMITED
A3362,INDUSTRIAL GUAR PRODUCTS PRIVATE LIMITED
A3363,RIDDHI PACKAGING
A3364,SHIVAM AGROPROCESS PRIVATE LIMITED
A3365,Amarjyot Chemical Limited
A3366,SONET SANITARY WARES
A3367,Sun Industries
A3368,SHAKO FLEXIPACK PRIVATE LIMITED
A3369,Miltop Exports
A3370,H.J. INDUSTRIES  INDIA  PRIVATE LIMITED
A3371,AFIRST LIFESCIENCE PRIVATE LIMITED
A3372,Kayomin Enterprise
A3373,SUCHI FASTENERS PRIVATE LIMITED
A3374,ANAND FOOD AND DAIRY PRODUCTS
A3375,AJAY AUTO AGENCY
A3376,Brass Turnomatics
A3377,LUCY ENGINEERING WORKS PRIVATE LIMITED
A3378,MINERALS & TRADING COMPANY
A3379,SERAP INDIA PRIVATE LIMITED
A3380,DEV ENTERPRISE
A3381,ORCHEV PHARMA PRIVATE LIMITED
A3382,Madhav Export
A3383,Fusion Marketing
A3384,SALASAR LAMINATES LTD
A3385,DECO MICA LIMITED
A3386,Gujarat Microwax Private Limited
A3387,MAHALAXMI FABRIC MILLS  AUNIT OF MAHALAXMI RUBTECH
A3388,INDO BRINE INDUSTRIES LIMITED
A3389,SHYAM AGENCIES
A3390,KEM-TRON TECHNOLOGIES PRIVATE LIMITED
A3391,GUJARAT POLYSOL CHEMICALS PVT LTD
A3392,NEELSON CERAMIC LLP
A3393,Kunvarji Comtrade Retail Private LImited
A3394,JRV INTERNATIONAL
A3395,Zen Overseas
A3396,Aerolex Cables Private Limited
A3397,M R CORPORATION
A3398,HLE ENGINEERS PVT LTD
A3399,VARIETY ART STONES LIMITED
A3400,Sky Corporation
A3401,CAPSON TILES PRIVATE LIMITED
A3402,LAVISH CERAMICS
A3403,EXCELL TRADING
A3404,ASHA EXPORTS
A3405,DELTA TIME PRIVATE LIMITED
A3406,YOMAXX ENTERPRISES
A3407,LOMISCO EXPORTS PVT LTD
A3408,BABU INTERNATIONAL
A3409,INDO MULTI TRADE LINK LLP
A3410,SHANTA COTTON INDUSTRIES PRIVATE LIMITED
A3411,Royal Electronics Sales & Services
A3412,ATUL ENGINEERING WORKS
A3413,ACCUWRITE STATIONERY PRODUCTS
A3414,National Industries
A3415,PGP Glass Private Limited
A3416,MANICO MINERALS INTERNATIONAL PRIVATE LIMITED
A3417,GAYATRI PSYLLIUM INDUSTRIES
A3418,angiplast pvt ltd
A3419,N R BROTHERS MULTITRADE LLP
A3420,APEX PLASTICON
A3421,SWIM CERAMIC
A3422,DESIRE FOODS
A3423,Sagar Polytechnik Limited
A3424,Nishan Products
A3425,MEERAJ PLAST PVT. LTD.
A3426,LINA IMPEX
A3427,FUTUREPUMP    INDIA    PRIVATE LIMITED
A3428,BHAGWATI SEEDS
A3429,PULSE EXIM CORPORATION
A3430,JAMNAGAR CHICORY INDUSTRIES
A3431,Winsor World Export
A3432,USHA INDUSTRIAL CORPORATION
A3433,AADESH ENTERPRISE
A3434,Nandan Terry Private Limited
A3435,PEARLITE STEEL
A3436,VARMORA INTERNATIONAL
A3437,SODIUM METAL  P  LTD
A3438,PRASHANT CASTINGS PVT LTD
A3439,SUD CHEMIE INDIA PRIVATE LIMITED
A3440,CANTON LABORATORIRES PVT.LTD.
A3441,J.M.Marine Export
A3442,HI-TECH INKS PRIVATE LIMITED
A3443,HINDPRAKASH LONSEN INDUSTRIES PRIVATE LIMITED
A3444,ADVAIT AGROTECH PRIVATE LIMITED
A3445,WIPTECH PERIPHERALS PVT LTD
A3446,BELL GRANITO CERAMICA LIMITED
A3447,K.R.SEAFOODS
A3448,TEJAL SEA FOODS
A3449,Cadila Pharmaceuticals Ltd
A3450,SHIVANGINI AIR CONTROLS
A3451,Anita Exports
A3452,Goran Pharma Pvt Ltd
A3453,PHOENIX FOILS PRIVATE LIMITED
A3454,CURTEX CHEMICALS INDIA PVT LTD
A3455,SPC LIFE SCIENCES PVT.LTD.
A3456,RAJARANA IMPEX PVT. LTD
A3457,MANSI FOODS PRODUCTS
A3458,GLOBIZZ SYNERGY PRIVATE LIMITED
A3459,ANNAPURNA UNIVERSAL FOODS PRIVATE LIMITED
A3460,DEEPAK NITRITE LIMITED
A3461,Crystal Impex
A3462,VISHVAM AUTOMOBILES
A3463,SILVERA INTERNATIONAL
A3464,HUBERGROUP INDIA PRIVATE LIMITED
A3465,TODI RAYONS PVT LTD
A3466,R. SUMEET
A3467,Navratna International
A3468,DVKSP IMPEX PRIVATE LIMITED
A3469,NAVIN FLUORINE INTERNATIONAL LIMITED
A3470,VERONA GRANITO PRIVATE LIMITED
A3471,MAHAK DYE CHEM INDUSTIRES
A3472,ETHOS HVAC SYSTEMS LIMITED
A3473,JAYSHREE AROMATICS PRIVATE LIMITED
A3474,HINDUSTHAN M-I SWACO LIMITED
A3475,DEEP POLYMERS LTD
A3476,J.TEX EXPORT
A3477,OSWAL AGRIMPEX
A3478,Agrigain Export Company
A3479,Octavius Pharma Private Limited
A3480,AHIR AQUASOFT SALT INDUSTRY
A3481,PAUSHAK LIMITED
A3482,MODTECH MACHINES PRIVATE LIMITED
A3483,Saraf Natural Stone
A3484,OSWAL OVERSEAS
A3485,Mamata Extrusion systems Private Limited
A3486,SANICERA SHIPPING AND EXPORT PVT. LTD.
A3487,HCP ENTERPRISE LIMITED
A3488,HARI VALLABH & CO.
A3489,HAIDERI TIMBER PRIVATE LIMITED
A3490,MA KHODAL TRADERS
A3491,AHIR SALT TRADERS
A3492,ASHA GANGA EXPORTS
A3493,PIYA INTERNATIONAL TRADING COMPANY
A3494,SHRIJIKRUPA EXPORTS
A3495,ZRENIE HEALTHCARE
A3496,MAHAKALI EXIM LLP
A3497,MAGNAM NETLINK PRIVATE LIMITED
A3498,KAVYA ENTERPRISE
A3499,Antique Marbonite Pvt Ltd
A3500,NATURE EXPORTS CO
A3501,ELITE GREEN PRIVATE LIMITED
A3502,JAI RADHE SALES
A3503,Alang Auto and General Engineering Co. Pvt Ltd
A3504,shubham corporation
A3505,STONEX EXIM PRIVATE LIMITED
A3506,ITACA CERAMIC PRIVATE LIMITED
A3507,Ajita Sil-chem pvt ltd
A3508,JAIRAM STRAP PRIVATE LIMITED
A3509,FIOTEX TRADELINKS
A3510,ADITYA FORGE LIMITED
A3511,SCIENTIFIC REMEDIES PVT LTD
A3512,ROMY INTERNATIONAL
A3513,EMRISE ENGINEERING PRIVATE LIMITED
A3514,Seal For Life India Pvt Ltd
A3515,RUDRAKSH PLASTICS PVT LTD
A3516,STERLING CERAMICS PVT LTD
A3517,DHARMDEEP COMMODITIES PVT. LTD.
A3518,M.L.ENTERPRISES
A3519,JAY DINESH CHEMICALS
A3520,GOPAL SEAFOODS
A3521,JYOTI EXPORTS
A3522,UDAY INDUSTRIES
A3523,ADMARK CERAMIC INDUSTRIES
A3524,CHALLENGE IMPEX
A3525,ASIAN GRANITO INDIA LIMITED
A3526,SAAZ FOODS
A3527,Chamaria fashions p Ltd
A3528,WESTERN INDIA BONE & FERTILISER CO.
A3529,MINAXI MULTI PRODUCT  INDIA  PVT. LTD.
A3530,GMP Machineries & Packaging
A3531,PRINCE TRADERS
A3532,TEXPOLY IMPEX
A3533,UNIVERSAL TRADING
A3534,China Steel Corporation India Private Limited
A3535,RUSHABH FOREX SERVICES PVT LTD
A3536,VIRTUS TRADE
A3537,ARIHANTANAM LIFE CARE PVT LTD
A3538,ORAZONE PAPER PVT LTD
A3539,SEZON PAPERS PRIVATE LIMITED
A3540,EAGLE ENTERPRISE
A3541,SHREE SHANKAR VIJAY SAW MILL
A3542,ENVIRO PLASTECH PVT.LTD
A3543,ASTRON PAPER AND BOARD MILL LTD
A3544,LIGHTCITY CERAMIC PRIVATE LIMITED
A3545,AMPLE CERAMIC
A3546,GLOBAL EXPORTS
A3547,UNIQUE POLYPACK
A3548,KRISHNA WALL AND GLAZE TILES PRIVATE LIMITED
A3549,MONARCH DYESTUFFS INDUSTRIES AND EXPORTS LTD.
A3550,CENTRAL WAREHOUSING AND TRADING
A3551,NEO DECOR
A3552,DHN International
A3553,Fast Track CFS Pvt Ltd
A3554,SHREE RAM EXPORTS
A3555,R MANUBHAI AND  SONS
A3556,MAHAN POLYMERS
A3557,GODAVARI PIPES PVT. LTD.
A3558,Ascent Ceramica Pvt Ltd
A3559,ZIP ZAP EXIM PVT LTD
A3560,CRYSTAL CLEAR PRODUCTS
A3561,AGLON INDUSTRIES PRIVATE LIMITED
A3562,Anjani Udyog Private Limited
A3563,Greenfields Derivatives Private Limited
A3564,Mayur Plastic Industries
A3565,GUJARAT CORK & RUBBER PVT LTD
A3566,shree rung agro
A3567,NIDHI IMPEX
A3568,Blow Kings
A3569,DYNAMIC EXIM CORPORATION
A3570,PARAMOUNT VENTURES
A3571,EQUINOX IMPEX
A3572,SRI SAIRUKMANI ENTERPRISES
A3573,VRAJ POLYMERS PRIVATE LIMITED
A3574,RENEW PLASTICS
A3575,VEE DEE ENTERPRISES
A3576,U S Clothing  India  Pvt. Ltd.
A3577,PRISM INTERNATIONAL
A3578,BLUEART GRANITO PRIVATE LIMITED
A3579,CANPAC TRENDS PRIVATE LIMITED
A3580,H.P.INTERNATIONAL CORPORATION
A3581,NARAYAN INDUSTRIES
A3582,GUJARAT PICKERS INDUSTRIES LTD
A3583,SHREEJI AGRO
A3584,AMBICA ADHESIVE PRODUCTS
A3585,K.R.SEA FOODS PRIVATE LIMITED
A3586,Italiya International
A3587,HYGIENIC FOODS
A3588,RUBAMIN LTD
A3589,PHOENIX FLEXIBLES PVT. LTD.
A3590,Vimal Agro Products Pvt Ltd
A3591,FINETEX IMPEX
A3592,STAR INTERNATIONAL
A3593,CREATIVE CARBON PVT LTD
A3594,SHREEJI KRUPA ENTERPRISE
A3595,STITCHWELL GARMENTS
A3596,VASUDEV ENTERPRISE
A3597,EXCEL  INDIA  INC.
A3598,HITECH  LITHO PRIVATE LIMITED
A3599,POLYFILL TECHNOLOGIES PVT. LTD
A3600,GULBRANDSEN CHEMICALS PVT. LTD.
A3601,Esteem Auto Pvt.Ltd.
A3602,gujarat polybonds pvt. ltd.
A3603,ROHAN DYES & INTERMEDIATES LTD
A3604,SHRI AMBIKA ENGINEERING CO.
A3605,ANISH CHEMICALS
A3606,SHREE MATANGI WOVEN SACK PVT LTD
A3607,SARNA CHEMICALS PRIVATE LIMITED
A3608,VICKY CARD
A3609,ANJALI VENTURES LTD.
A3610,Aeshaa Impex
A3611,GUJARAT FLOTEX PRIVATE LIMITED
A3612,AURAMINE DYESTUFF PVT. LTD.
A3613,TRANSATLANTIC PACKAGING PRIVATE LIMITED
A3614,ICON GRANITO PRIVATE LIMITED
A3615,ATLAS METAL INDUSTRIES
A3616,INTERNATIONAL SALT AND CHEMICALS
A3617,SAATHI INTERNATION
A3618,Turbo Industries
A3619,PBM POLYTEX LIMITED
A3620,OMEGA PLASTO COMPONDS PRIVATE LIMITED
A3621,RAMESHWAR COLD STORAGE
A3622,GREENAGE INDUSTRIES
A3623,AMBER ENTERPRISE
A3624,SHREE YASH STAINLESS PRIVATE LIMITED
A3625,AGRINO GREEN FARMS LLP
A3626,NAHTA SALT AND CHEMICAL PRIVATE LIMITED
A3627,S M CORPORATION
A3628,Jindal Saw Limited
A3629,PRINT VISION PVT. LTD
A3630,SCHOTT GLASS INDIA PRIVATE LIMITED
A3631,BHAGIRATH FIBRE PRIVATE LIMITED
A3632,KALPATARU EXPORTS
A3633,Acme Housewares  India  Pvt. Ltd.
A3634,Phi Phi marketing
A3635,FAIRCHEM SPECIALITY LIMITED
A3636,SWASTIK INTERNATIONAL
A3637,MATANGI EXPORTS
A3638,MAYUR ENTERPRISE
A3639,AMEE CASTOR AND DERIVATIVES LTD.
A3640,SHREENATHJI ENTERPRISE
A3641,Ajanta Private Limited
A3642,SAYONA ENTERPRISE
A3643,KIRIT TRADERS
A3644,Malwi Marine Enterprises
A3645,LABDHI ENTERPRISE
A3646,SIDDIQ SEA FOOD
A3647,AALIDHRA TEXTOOL ENGINEERS PVT LTD
A3648,Aavid Thermalloy India Private Limited
A3649,Missionpharma Logistics  I  Private Limited
A3650,PARIKH ENTERPRISES PRIVATE LIMITED
A3651,BION INTERNATIONAL
A3652,MAXXIS RUBBER INDIA PVT LTD
A3653,INNOVATIVE CUISINE PVT LTD
A3654,Sunrise Imports And Exports Co
A3655,GYPTECH SYSTEMS PVT LTD
A3656,YASH IMPEX
A3657,VEDA EXCOM PRIVATE LIMITED
A3658,ACE LIFECARE  P  LTD
A3659,SHISH INDUSTRIES
A3660,PRECISION BEARING PVT LTD
A3661,ARTEK EXPORTS LLP
A3662,ADVATECH CERA TILES LIMITED
A3663,FLAX APPARELS PVT LTD
A3664,Mehta Enterprise
A3665,PRIME EXPORTERS
A3666,INTERNATIONAL WAREHOUSING AND TRADING
A3667,KETAN AGARBATTI WORKS
A3668,BENCHMARK POLY TECHNIK PVT LTD
A3669,AMBUJA INTERMEDIATES PRIVATE LIMITED
A3670,RAJAT VINYLS PRIVATE LIMITED
A3671,RAVIRAJ FOILS LIMITED
A3672,PRADIP POLYFILS PRIVATE LIMITED
A3673,STANDARD RADIATORS LTD.
A3674,D.M.EXPORTS
A3675,DEV INDUSTRIES
A3676,FLEX STONE INC
A3677,ASHUTOSH FIBRE PRIVATE LIMITED
A3678,MAKTECH
A3679,GLOBELA PHARMA PVT.LTD.
A3680,ANTIQUE TEXTILE PVT LTD
A3681,SARLACHEM INDIA PRIVATE LIMITED
A3682,ARYAN CHEMICALS
A3683,RIDDHI SIDDHI RECYCLERS PVT LTD
A3684,ARIES COLOR CHEM PVT LTD
A3685,SIMBEL CERAMIC PRIVATE LIMITED
A3686,ASIA BULK SACKS PRIVATE LIMITED
A3687,ADANI FOOD PRODUCTS PVT LTD
A3688,B.R. VYAS BAG MFG.
A3689,KAVERI METALLISING & COATING INDUSTRIES PVT. LTD.
A3690,VERTEX INDUSTRIES
A3691,PANAMA SYNDICATE
A3692,SARLA CHEM
A3693,JAYSHRI IMPEX
A3694,TOP LINE EXIM INC.
A3695,LIVON INTERNATIONAL PVT LTD
A3696,SHREE TIRUPATI GLOBAL IMPEX
A3697,IMPERIAL OVERSEAS PVT.LTD.
A3698,AAKRAA PRIVATE LIMITED
A3699,POWDERTECH COATINGS
A3700,WOCO TECH POLYMERE KANDLA LIMITED
A3701,Rising Hotel Limited
A3702,SAHAJ HEALTHCARE AND MANAGEMENT
A3703,SOLO CERAMICS
A3704,TECHNOVAA PLASTIC INDUSTRIES PRIVATE LIMITED
A3705,Tulip Exim Private Limited
A3706,Sree Shyam Sahare Exports
A3707,Shivani Trendz Pvt Ltd
A3708,Simpolo Vitrified Private Limited
A3709,Shubhlaxmi Industries
A3710,CROMA CERAMIC PRIVATE LIMITED
A3711,savorite prahmaceuticals
A3712,DHAVAL AGRI EXPORTS LLP
A3713,VICTORY CERATECH PVT LTD
A3714,DEEPMALA FOODS
A3715,Deepak Industries
A3716,PAL SHELCAST PVT.LTD.
A3717,DEV FOOD INTERNATIONAL
A3718,Techno Industries Ltd
A3719,KINARIVALA MACHINERY TRADERS PVT LTD
A3720,FUGEN STONE PRIVATE LIMITED
A3721,MANDHANA PLASTICS PVT.LTD.
A3722,COLOURFLEX LAMINATORS LTD.
A3723,VISHNUDHARA KNITS
A3724,RAJ EXPORTS
A3725,PANTHER OVERSEAS
A3726,Excelsource International Private Limited
A3727,HAKIMI TIMBERS PRIVATE LIMITED
A3728,REINHARDT ROTO MACHINES
A3729,BSS WORLDWIDE PRIVATE LIMITED
A3730,PARMESHWAR IMPEX PRIVATE LIMITED
A3731,DEVIKA FIBERS PVT LTD
A3732,NEO CERAMICS
A3733,BHARAT PARENTERALS LIMITED
A3734,HAITIAN HUAYUAN MACHINERY INDIA PVT LTD
A3735,KOMAL FIBRES
A3736,PARAD CORPORATION PRIVATE LIMITED
A3737,YAHSKA POLYMERS PRIVATE LIMITED
A3738,ANAND SEAMLESS TUBES PVT LTD.
A3739,Mahavir Import Export
A3740,INDO AGRO DEHY FOODS
A3741,REAL PRINCE SPINTEX PVT. LTD.
A3742,B & B Machines
A3743,SHRI RANCHHOD OIL MILL CO.
A3744,Brandstream Inc.
A3745,Alpha Pigments
A3746,COTO CERAMIC PVT LTD
A3747,CHAMUNDA INDUSTRIES
A3748,RUDRA ENTERPRISE
A3749,AAKASH POLYFILMS LTD
A3750,K.B. GLOBEX
A3751,ANUNAY FAB LIMITED
A3752,SHREE MAHALAXMI SHIPPING SERVICES
A3753,SARAF DYECHEM INDUSTRIES
A3754,CAMEX LIMITED
A3755,Shubham Tex O Pack Pvt Ltd.
A3756,BI KI DYES AND CHEMICALS PVT LTD
A3757,A.A. COMODITIES
A3758,SHIVAM PLASTIC INDUSTRIES
A3759,OM RUDRA ENGINEERING
A3760,Harsons Ventures Pvt Ltd
A3761,VIMSONS CHICORY CORPORATION
A3762,SUNIL IMPEX
A3763,BIOMATRIX HEALTHCARE PVT.LTD.
A3764,CHHATARIYA DEHYDRATES ONION EXPORTS
A3765,MOKSHA THERMO PLASTICS PVT LTD
A3766,SURYA EXIM LTD
A3767,Vadraj Cement Limited
A3768,ANUPAM STEEL
A3769,KING FISH EXPORTS
A3770,KHUSHALI ENG.
A3771,s k enterprise
A3772,MANSI IMPEX
A3773,NARAYAN POWERTECH PVT LTD
A3774,Modi Plast
A3775,STEELHACKS INDUSTRIES
A3776,LUBI INDUSTRIES LLP
A3777,MEET MARKETING INDIA PVT LTD
A3778,EDDICA CERAMICS LLP
A3779,H R & SONS
A3780,SHANTI SMELTING PVT LTD
A3781,VANDANA TIMBER PRIVATE LIMITED
A3782,MEGA INNOVATIVE CROPS PVT LTD
A3783,Apex Engineers
A3784,MUNDRA EXIM
A3785,MOKSHSTAR INTERNATIONAL
A3786,SHANKER WOOD PVT LTD
A3787,shiv polytech pvt ltd
A3788,SHIVAM SALES
A3789,PIRAMAL ENTERPRISES LIMITED
A3790,RONAK ROCKS PRIVATE LIMITED
A3791,PLASTENE POLYFILMS LIMITED
A3792,KAPILA EXPORTS
A3793,SAILGANGA EU EXPORTS
A3794,FISHFA AGRI WORLD LTD
A3795,Everest Starch India Pvt. Ltd.
A3796,SINGATURE CERAMIC PRIVATE LIMITED
A3797,PAVAN COTTON INDUSTRIES
A3798,VISHAKHA SOLAR FILMS PVT. LTD.
A3799,KEISHDALE PVT LTD
A3800,PACKKOID INDUSTRIES PVT LTD
A3801,SAKAR INDUSTRIES PVT LTD
A3802,ARVIND LIMITED
A3803,GOKUL AGRO RESOURCES LIMITED
A3804,SHUBHAM POLYSPIN PVT LTD
A3805,JAYA TEXTILES
A3806,PACE PACKAGING MACHINES PVT LTD
A3807,NEW INDIA DETERGENTS LTD
A3808,SILVERLINE PLASTPACKS PVT LTD
A3809,LTI IMAGING PVT LTD
A3810,PRAKASH AGARBATTI WORKS
A3811,RESINOVA CHEMIE LIMITED
A3812,UNIQUE INDUSTRIES
A3813,ELECTROTHERM  I  LTD
A3814,JINDAL FIBRES.
A3815,DHAIRYA INTERNATIONAL
A3816,MYSORE SCENTS COMPANY
A3817,NATURE FOODS
A3818,ALPS CHEMICALS PVT LTD.
A3819,COLOROBBIA CHEMICALS INDIA PVT. LTD.
A3820,LAXCON STEELS LIMITED
A3821,MARUTI ENTERPRISE
A3822,RAMAAZEST FOODS & BEVERAGES LLP
A3823,SHREE VARIA TILES WORKS CO
A3824,Royal Impex  India
A3825,Bhavani Industries
A3826,GANESH AGRO EQUIPMENTS
A3827,KRISHNA G EXPORTS
A3828,D V ENTERPRISE
A3829,NAHTA CHEMFOOD INDUSTRIES
A3830,JUBELY TILES LLP
A3831,MAXSUN POLYSHRINK PVT LTD
A3832,STRONG ENTERPRISE
A3833,KRYSTAL INDENTING AGENTS
A3834,UMA CONVERTER LIMITED
A3835,SHREE CHAMUNDA MULTIMAX
A3836,Crystal Quinone Pvt Ltd.
A3837,ZOTA HEALTH CARE LIMITED
A3838,SNOW WELL METAL SALES
A3839,HORIZON UNLIMITED
A3840,SWISS EXPORTS PVT.LTD.
A3841,COOLINE MANUFACTURERS PVT LTD
A3842,shree patidar traders
A3843,GIRIRAJ SPECIALITY PRIVATE LIMITED
A3844,INOX INDIA PRIVATE LIMITED
A3845,Milan Plastic industries
A3846,AUM STRUCTBUILD PVT LTD.
A3847,THE BTTCO OVERSEAS
A3848,TIKKU TRADERS PVT. LTD.
A3849,RSJ INDUSTRIES
A3850,GLOBAL ENTERPRISE..
A3851,ARYA IMPEX
A3852,MANGALAM ENTERPRISES.
A3853,universal group of exports industries
A3854,PARMESHVAR INTERNATIONAL
A3855,PURE TONERS AND DEVELOPERS PRIVATE LIMITED
A3856,Colour India
A3857,GOVARDHAN POLYPLAST PRIVATE LIMITED
A3858,SUGAM PRODUCTS
A3859,JECO TRADING CO.PVT.LTD.
A3860,MADHU SILICA PVT LTD
A3861,FLAIR STATIONARIES PRIVATE LIMITED
A3862,STRETCH BANDS (GUJARAT) PRIVATE LIMITED
A3863,SUYOG DYE CHEMIE PVT  LTD BARODA
A3864,LAVISH GRANITO PRIVATE LIMITED
A3865,Vistaar Commodities
A3866,SKH Y-TEC INDIA PVT. LTD.
A3867,MEHTA CAD CAM SYSTEMS PVT LTD
A3868,DIGICON MACHINERY
A3869,VIMAL TRADING
A3870,BANGA SOLAR PRIVATE LIMITED
A3871,Leevams Incorporated
A3872,MARBOCERA INTERNATINAL PRIVATE LIMITED
A3873,AMMANN APOLLO INDIA PVT LTD
A3874,LAXMI TRADING AGENCY
A3875,JAKSHANI FABRICS
A3876,UNIQUE CORP
A3877,JALARAM METAL ALLOYS
A3878,MAN INDUSTRIES INDIA LIMITED
A3879,CIRCUIT SYSTEMS  INDIA  LTD
A3880,KRISHNA TRADING
A3881,DHARMESH FOODS COMPANY
A3882,PITHADAI E COMMERCE PVT LTD
A3883,KRYSTAL GLOBAL ENGINEERING LIMITED
A3884,DACHSER INDIA PRIVATE LIMITED
A3885,ADITYA COLOR CHEM
A3886,ANYA COMPOSITES PRIVATE LIMITED
A3887,RADICI PLASTICS INDIA PRIVATE LIMITED
A3888,POLY PLAST INDIA
A3889,BINAYKIA IMPEX PVT.LTD.
A3890,GOLD METAL EXTRUSION
A3891,AGRIGOLD INCORPORATION INDIA
A3892,ICE MAKE REFRIGERATION LTD
A3893,VERSATILE GLASS SOLUTION LLP
A3894,CONTIL INDIA LIMITED
A3895,KESHODWALA FOODS
A3896,MOUMIN GROUP INDIA
A3897,B.S. METALS
A3898,SAHIL IMPEX.
A3899,KEWIN CHEMICALS PVT LTD
A3900,RIYA EXIM
A3901,NEHA EXIM
A3902,Daxal Cosmetics Pvt Ltd
A3903,V2 IMPEX
A3904,OAK INTERNATIONAL
A3905,DHORAJIWALA AND CO
A3906,RATNAMANI HEALTHCARE PVT.LTD
A3907,VIBFAST PIGMENTS PRIVATE LIMITED
A3908,saptek impex
A3909,S K INTERNATIONAL
A3910,STEEFO INDUSTRIES
A3911,MAANAS FOODS AND SPICES IMPEX
A3912,Medicare Industries
A3913,GOLD INDIA IMPEX
A3914,NEEL CERAMICS
A3915,Rajiv Petrochemicals Pvt.Ltd.
A3916,PRECISION INDUSTRIAL PRODUCTS
A3917,ZEAL AQUA LIMITED
A3918,KAYLEE INTERNATIONAL PRIVATE LIMITED
A3919,POOJAWESTERN METALINKS LIMITED
A3920,VISHAL GLASS SHOTS
A3921,COMFIT AND VALVES PVT.LTD
A3922,PAN HEALTH CARE PVT LTD
A3923,HARSHLAXMI CHEMISOLV
A3924,SYMPHONY LTD
A3925,BHAKTI VELFAB
A3926,Shreeji Exim Incorp
A3927,SHRI RAM AGENCIES
A3928,EARTH ENTERPRISE
A3929,SAMRAT REMEDIES LIMITED
A3930,Manish Printing & Packaging
A3931,LOK PRAKASHAN LTD
A3932,Jolly Agri Exim Private limited
A3933,dcinternational
A3934,DEV KUNWAR TECHNOFAB
A3935,RUDOLF ATUL CHEMICALS LIMITED
A3936,GKN ENTERPRISES
A3937,RAGHAV ENTERPRISES
A3938,Labh Projects P Ltd
A3939,AMNEAL PHARMACEUTICALS PVT LTD
A3940,PARK SHELDRAKE
A3941,Vantage Surgical Pvt Ltd
A3942,COLOR SORTEX MACHINERY PVT LTD
A3943,ASIAN AEROSOL OAN PVT. LTD
A3944,RECMET ALLOYS PRIVATE LIMITED
A3945,Rubberking Tyre private limited
A3946,KAMBAIJ INTERNATIONAL
A3947,SALMON AQUATIC PRODUCTS
A3948,MUNDRA OIL PRIVATE LIMITED
A3949,SANGHI INDUSTRIES LIMITED
A3950,KANAIYA EXPORTS PVT. LTD.
A3951,Ganga International
A3952,Malani Impex
A3953,SHREE AK IMPEX LLP
A3954,RAJDEEP CORPORATION
A3955,ASIATIC INDUSTRIES
A3956,Punia Zinox Private Limited
A3957,GHIYA EXTRUSIONS PVT LIMITED
A3958,Ishaan Bio Private Limited
A3959,CONDOR FOOTWEAR LTD
A3960,The Anup Engineering Limited
A3961,MARKWELL INTERNATIONAL
A3962,IPLAST INDUSTRIES PVT LTD
A3963,R R VIBRANT POLYMERS LIMTED
A3964,NILDHARA LIMITED
A3965,BHAVYA TUBE PVT LTD
A3966,PRATHAM FABRICS
A3967,BEST VALUE CHEM PRIVATE LIMITED
A3968,anup enterprise
A3969,PUNJABHAI MERAMAN KESHWALA
A3970,SHIVNATH INDUSTRIES
A3971,TEX-POLY INDIA LIMITED
A3972,Akhil Healthcare Pvt Ltd
A3973,MUDRIKA CERAMICS  I  LTD
A3974,JYOTI PRINTERS
A3975,B.R. METAL & ALLOYS  GUJ.  PVT. LTD.
A3976,CROWN DECOR PVT LTD
A3977,GUJARAT OIL & CHEMICALS
A3978,VAP CHEM
A3979,CRYOGAS  EQUIPMENT PRIVATE LIMITED
A3980,SILVER SEA FOOD
A3981,CANAM INTERNATIONAL PVT LTD
A3982,KAVERI POLYMERS PVT LTD
A3983,ET ELASTOMER TECHNIK INDIA PRIVATE LIMITED
A3984,Sphere Rays Technolabs Pvt. Ltd
A3985,VRAJRAJ TEXTILE
A3986,LIVOLLA GRANITO LLP
A3987,SERVEWELL HOUSEHOLD APPLIANCES
A3988,ACER GRANITO PRIVATE LIMITED
A3989,HIGHLY ELECTRICAL APPLIANCES INDIA PVT.LTD
A3990,GRYPHON CERAMICS PVT LTD
A3991,Lamberti Hydrocolloids Private limited
A3992,PANOLI INTERMEDIATES  INDIA  PRIVATE LIMITED
A3993,WATERFLO PIPING SYSTEM
A3994,SPECTRUM DYES AND CHEMICALS PRIVATE LIMITED
A3995,ARVIND ENVISOL LTD
A3996,SHYAM TIMBER PRIVATE LIMITED
A3997,MACSON COLOR CHEM PRIVATE LIMITED
A3998,M.R.AGRO INDUSTRIES
A3999,G. A. Foods (India) Private Limited
A4000,AMRUT COLD STORAGE PVT LTD
A4001,TECHROLL INDUSTRIES
A4002,KIRTI OVERSEAS
A4003,MBR FLEXIBLES LIMITED
A4004,MUDIT GLASSWORKS PVT LTD
A4005,SHUBH ENTERPRISE
A4006,C P AQUACULTURE INDIA PRIVATE LIMITED
A4007,IRIS IMPEX
A4008,UNIQUE IMPEX.
A4009,VERNI GASTECH PRIVATE LIMITED
A4010,PATEL CORPORATION
A4011,AHMEDABAD STRIPS PVT. LTD.
A4012,RAAJRATNA ELECTRODES PVT LTD.
A4013,GHANSHYAMLAL & CO.
A4014,Sahajanand Timber Mart
A4015,REPUTE FOODS PVT LTD
A4016,A B CREATION
A4017,FINAL TOUCH ENTERPRISE
A4018,NILKANTH GLOBAL TRADE
A4019,SUMO POLYPLAST PVT LTD
A4020,BALAJI OVERSEAS
A4021,PRAMUKH OPTICALS
A4022,SHREEJI CHEMICAL INDUSTRIES
A4023,PSL LIMITED
A4024,Quix International Private Limited
A4025,RV ENTREPRISE
A4026,Advance Petrochemicals Ltd
A4027,UTPAN CHEMPRO
A4028,FISHFA RUBBER LTD
A4029,CARITAS HEALTHCARE PRIVATE LIMITED
A4030,VAN-BENT MINERALS PRIVATE LIMITED
A4031,ACRYSIL LIMITED
A4032,Tirth Agro Technology Private Limited
A4033,B V M Overseas Limited
A4034,MACFIL INDUSTRIES
A4035,NAVKAR TRANSCORE PRIVATE LIMITED
A4036,PANCHSHIL EXIM PVT LTD
A4037,AMI ORGANICS LTD
A4038,S B OVERSEAS
A4039,NARAYAN ORGANICS PVT LTD
A4040,ARFIN INDIA LIMITED
A4041,M S ENTERPRISES.
A4042,RIVIERA POLYMERS PVT LTD
A4043,STALMEC ENG. PVT. LTD
A4044,MARUTI METAL INDUSTRIES
A4045,MAPLE IMPEX
A4046,Janki Metal Strips Pvt Ltd
A4047,DUKE PIPES PVT LTD
A4048,SKY POLYMERS
A4049,SHREE BHAVANI EXTRUSION
A4050,CZAR EXPORTS PVT LTD
A4051,ALPHA PACKAGING PVT. LTD.
A4052,VIRAJ INDUSTRIES
A4053,Corel Pharma Chem
A4054,ASHIMA DYECOT PVT. LTD
A4055,GYSCOAL ALLOYS LIMITED
A4056,SHANTI MARBLE
A4057,THAR SHIPPING LINES LLP
A4058,RUPAL IMPEX
A4059,INNER METALWARE PRIVATE LIMITED
A4060,LABHDE ENTERPRISE
A4061,AARCHI ENTERPRISE
A4062,SNEH CORPORATION
A4063,AAA NANO MINERALS PVT LTD
A4064,IGNIS INTERNATIONAL INDUSTRIES PVT LTD
A4065,S TEN LIGHTING
A4066,Neutrical International
A4067,VIHITA CHEM PVT  LTD
A4068,EMMAR EXIM
A4069,DHIRAJLAL DEVCHAND BHAGAT
A4070,Gujarat Cotton Corporation
A4071,R P INDUSTRIES
A4072,AMRUT ENTERPRISE
A4073,SONIC TECHNOLOGY  INDIA  INC
A4074,JALARAM AGRIEXPORTS LTD
A4075,TEXPLORE TRADING PRIVATE LIMITED
A4076,EVERGREEN INDUSTRIES
A4077,STEELCON IMPEX PVT LTD.
A4078,K P SALES
A4079,K B UDHYOG
A4080,JAAYO PLAST
A4081,sal logistics
A4082,Nootan Enterprise
A4083,B R STEEL
A4084,CHAITANYA ENTERPRISES
A4085,LEAN THERMAL SYSTEM
A4086,SHRI VIKAS METAL
A4087,UMA POLYPLAST
A4088,JAIN ENTERPRISES
A4089,LOXIM INDUSTRIES LIMITED
A4090,MAHARSHI PACKAGING INDUSTRIES
A4091,Gujarat Tea Processors and Packers Ltd.
A4092,VIMAL CROP CARE PVT LTD
A4093,MADANIS TRADERS LLP
A4094,PARAS TRADERS
A4095,NAMAN MARKETING
A4096,MAA ALLUMINIUM  INDIA  PRIVATE LIMITED
A4097,IRAKI ENTERPRISE LIMITED
A4098,TORRENT PHARMACEUTICALS LTD
A4099,VINAV REFRACTORIES
A4100,JAY MANSHAVI TRADE LINK
A4101,SHREEJI FERRO ALLOYS PVT LTD
A4102,HANS ISPAT LTD
A4103,VIJAY STEEL INDUSTRIES
A4104,ACCUTECH PACKAGING PRIVATE LIMITED
A4105,CELITE TYRE CORPORATION
A4106,LIFEBOND MACHINES PVT. LTD.
A4107,STEAMLINE INDUSTRIES LIMITED
A4108,TATA CHEMICALS LIMITED
A4109,RISHI VISTARA
A4110,OLYMPIC DECOR LLP
A4111,M.K. ENTERPRISE
A4112,SALASAR FILAMENTS PVT.LTD.
A4113,SUNIL FIBRES PVT. LTD.
A4114,HI-TECH SWEET WATER TECHNOLOGIES PVT LTD
A4115,FUSION INTERNATIONAL
A4116,SARKAR PLYWOOD PRIVATE LIMITED
A4117,JALARAM AGRICO EXPORTS PRIVATE LIMITED
A4118,SJR PLAST
A4119,MAHALAXMI ENTERPRISE
A4120,TECHNO ELECTROMECH PVT LTD
A4121,A.P. TIMBER
A4122,OSWAL LUMBERS PVT LTD
A4123,J K EXPORTS
A4124,JYOTI TIMBERS
A4125,PERFECT METACRAFT LLP
A4126,SKOF INDIA
A4127,SUN METEC ASIA
A4128,LAXMI EXPORTS
A4129,LANCER SPICES PVT LTD
A4130,KRISHNA ENTERPRISES..
A4131,GULSHAN EXIM PVT LTD
A4132,MAX ELECTRONICS.
A4133,DADHIMATI ENTERPRISE
A4134,NESSA ILLUMINATION TECHNOLOGIES PRIVATE LIMITED
A4135,M R PRODUCT MOVERS
A4136,SWAPNIL ORGANICS P. LTD
A4137,RAJSHANTI METALS PVT. LTD.
A4138,HAMLAI INDUSTRIES PVT LTD.
A4139,MAGUS TRADEX PRIVATE LIMITED
A4140,HATKESHWAR IMPEX
A4141,J.K. ENTERPRISES
A4142,ZEALTOP GRANITO PRIVATE LIMITED
A4143,DURACON VITRIFIED PRIVATE LIMITED
A4144,LINK INDIA MACHINERY PRIVATE LIMITED
A4145,Amit pomeg-Tech Private Limited
A4146,Skytouch Ceramic Private Limited
A4147,The Standard Agro Engineers
A4148,NIMISHA ENTERPRISE
A4149,AGROCEL INDUSTRIES PRIVATE LIMITED
A4150,EURO SOLAR SYSTEM
A4151,PRITI TEXTILES
A4152,SEKHANI INDUSTRIES PVT LTD
A4153,UBIX INC
A4154,SPRING MASTER SLEEP PRODUCTS  iI  PVT LTD
A4155,GEO FRESH NUTRACEUTICALS
A4156,KENOOR ORGANICS PRIVATE LIMITED
A4157,MILAK WAREHOUSE
A4158,GLOBOTECH ENTERPRISE
A4159,MILESTONE PRESERVATIVES PRIVATE LIMITED
A4160,DYNAMIC OVERSEAS (INDIA) PVT LTD
A4161,SAGA OVERSEAS
A4162,SHIVAM SCRAP RECYCLING PVT LTD
A4163,LEOMI INSTRUMENTS PVT. LTD.
A4164,DEEP PNEUMATICS PVT LTD
A4165,RUDRAKSH POLYCHEM
A4166,BULKCORP INTERNATIONAL PVT LTD
A4167,JOLLY SPINNERS PRIVATE LIMITED
A4168,HINDPRAKASH TRADELINK PVT.LTD.
A4169,STAINMETAL INC
A4170,Gujarat State Fertilizers & Chemicals Limited
A4171,SOLAIRE IMPEX PRIVATE LIMITED
A4172,MARWAH MULTI TRADE
A4173,ZEPHYR SYNTHESIS PVT LTD
A4174,Ranka International
A4175,santosh traders
A4176,D S TRADING CO
A4177,Pursuit Pharma
A4178,URMIT CHEMICALS PVT LTD
A4179,MODERN MACHINERY
A4180,ELEMENTS INDIA
A4181,MAHARAJA DEHYDRATION PVT LTD
A4182,C R COMMTRADE PRIVATE LIMITED
A4183,JAIN PLASTIC
A4184,DHRUV IMPEX
A4185,GUJARAT PRECISION CAST PVT. LTD.
A4186,SHREERAJ INDUSTRIES
A4187,YASHASHVI METALS
A4188,STARCHEM POLYTRADE PRIVATE LIMITED
A4189,Annie Chemie Private Limited
A4190,VADHADIYA INDUSTRIES
A4191,LUCKYSTAR INTERNATIONAL PVT LTD
A4192,HINDUSTAN CELLULOID & PLASTIC INDUSTRIES
A4193,TRANSGLOBE EXPORT
A4194,RESONANCE PAPER MILL PVT LTD
A4195,MARUTI TRADERS
A4196,DYTINT SPECIALITIES PRIVATE LIMITED
A4197,LEMSTONE CERAMIC LLP
A4198,DHALL EXPORTS
A4199,KOTHARI IMPEX
A4200,PANKAJ ENKA PRIVATE LIMITED
A4201,SHAKTI OVERSEAS
A4202,ROYAL PETRO OIL REFINERY LLP
A4203,TRISTAR INTERMEDIATES PVT LTD
A4204,GARG LUMBERS PVT. LTD.
A4205,ANSA POLYMERS LTD
A4206,MAHADEV FERRO CAST PRIVATE LIMITED
A4207,NIYON ENTERPRISE
A4208,NUPUR MERCHANDISE PRIVATE LIMITED
A4209,MAYUR STRAPS AND PACKAGING INDUSTRIES
A4210,AMAR FLAVOURS PVT LTD
A4211,STERLING METAL INC
A4212,SAFARI FINE CLOTHING PVT LTD
A4213,ITOLI GRANITO LLP
A4214,NEWAGE FIRE FIGHTING COMPANY LIMITED
A4215,VENUS DENIM
A4216,CASTORGIRNAR INDUSTRIES PRIVATE LIMITED
A4217,CENTURION LABORATORIES PVT LTD
A4218,ACCUMAX LAB TECHNOLOGY
A4219,SARTHAK INTERNATIONAL
A4220,ZIRCON EXPORTS PVT LTD
A4221,CRONIMET INDIA METALS PVT.LTD.
A4222,GURUKRUPA KRAFTS PVT LTD
A4223,SHREEJI BAPA DYE CHEM
A4224,D 3 INTERNATIONAL
A4225,TIKI TAR DANOSA INDIA PVT LTD
A4226,AFRINEXT OVERSEAS PVT LTD
A4227,WORLD CHEM CORPORATION
A4228,AKSHARCHEM   INDIA   LIMITED
A4229,Basil Commodities Private Limited
A4230,GANESH GLOBALCOMMODITIES PRIVATE LIMITED
A4231,POLYOLS & POLYMERS PRIVATE LIMITED
A4232,Rasamrut Forge and Cast
A4233,TATHASTU INTERNATIONAL PVT. LTD.
A4234,FOOD CRAFT SPICES
A4235,DEEPAK POLYPLAST PVT LTD
A4236,NICE ENTERPRISE
A4237,SVARA GLOBAL
A4238,AQUILA CERAMIC PRIVATE LIMITED
A4239,NARWAL FOOD PRODUCTS PVT LTD
A4240,AMVIAN AUTOMOTIVE PVT LTD
A4241,TATVA CHINTAN PHARMA CHEM PVT LTD
A4242,SHIVDHARA SPINNERS & SPINNERS PVT. LTD.
A4243,MORESCO HM&LUB INDIA PRIVATE LIMITED
A4244,GUJARAT TOUGHNED GLASS PVT LTD
A4245,THE SANDESH LIMITED
A4246,GREEN GOLD TIMBERS PVT. LTD.
A4247,Jyoti Plastics
A4248,VIDHI ENTERPRISE
A4249,BHARAT CATTLEFEED INDUSTRIES
A4250,ASTRAL LIMITED
A4251,DRASHTI TRADING CO
A4252,SHRADDHA IMPEX
A4253,gopal plastics
A4254,OSWAL POLYMERS  DIV. OF OSWAL AGRICOMM PVT LTD
A4255,YASHMEET METAL IMPEX
A4256,MAHADEV MATERIALS
A4257,Vibrant Impex
A4258,SBS Polychem Pvt Ltd
A4259,ASHIT IMPEX
A4260,VIP INTERNATIONAL
A4261,LINCOLN PHARMACEUTICALS LIMITED
A4262,APL VALUECLAY PRIVATE LIMITED
A4263,YOGESHWAR POLYMERS
A4264,Subhash Metal Industries
A4265,ARETE EXIM
A4266,SARVODAYA INDUSTRIES
A4267,PRASAD KOCH TECHNIK PVT. LTD.
A4268,ITALICA FLOOR TILES LTD
A4269,T. D. Impex.
A4270,WORLDTECH INDUSTRIES PVT. LTD.
A4271,BLUE TIT INTERNATIONAL
A4272,Lowfreights
A4273,ITC OVERSEAS
A4274,JET TECH PRIVATE LIMITED
A4275,Valsad Navsari Jilla Fal Ane S S Sangh Ltd.
A4276,ZENELYFOODS OPC  PRIVATE LIMITED
A4277,SUN CORPORATION
A4278,DEEPAK PHENOLICS LIMITED
A4279,HARIHAR FOODS PVT LTD
A4280,PARAM INTERNATIONAL
A4281,RUSHIL DECOR LIMITED
A4282,LAKCONS GLOBAL
A4283,RATNAMANI METALS & TUBES LTD
A4284,KUTCH POLYMERS
A4285,SHREEJI POLYMERS
A4286,SHREE SAI TRADING
A4287,GSH METALS
A4288,SWAYAM CORPORATION
A4289,JESMA SOURCEPRO
A4290,SAMA TEX
A4291,LATIN PAPER INDUSTRIES LLP
A4292,SPARSH BIO-TECH PVT. LTD.
A4293,NATIONAL TRADERS
A4294,JYOTI PRODUCTS
A4295,shree vaibhav corporation
A4296,TURAKHIA OVERSEAS PVT LTD
A4297,GEOTEX TEXTILE PVT.LTD.
A4298,EXIMIUS DISPOSABLES
A4299,SOLVAY SPECIALITIES INDIA PRIVATE LIMITED
A4300,Mansi Enterprise
A4301,REGAL ALUMINUM COMPANY
A4302,NAVARTAN SPECIALTY CHEMICALS LLP
A4303,Adidev group of Industries
A4304,SIEMENS GAMESA RENEWABLE POWER PRIVATE LIMITED
A4305,m s international.
A4306,DURLAX INDIA PRIVATE LIMITED
A4307,Kiran International.
A4308,CHERYAL TEXTILE
A4309,NAVIN MINERALS
A4310,ARHAM EXPORTS
A4311,MAYURA OVERSEAS
A4312,SMALTICERAM INDIA PVT LTD
A4313,AGATSYA ENGINEERING
A4314,OSWAL TRADEX
A4315,SHREEJI PRINTS PVT LTD
A4316,LION FOODS PVT LTD
A4317,MUSKAN INTERNATIONAL
A4318,DHRUVIL IMPEX
A4319,SHANGHAI COLOUR CHEM
A4320,Raajratna Ventures Limited
A4321,Bludigit Technologies
A4322,WEST COAST FOODS
A4323,ARAVALLI CASTOR DERIVATIVES PVT. LTD
A4324,oceano international
A4325,SHREE KHOSIYAR TRADING CO
A4326,TRISHA SPECIALITY CHEMICALS PVT LTD
A4327,ORKAY CERAMIC LLP
A4328,PASHUPATI ENGINEERING SERVICE
A4329,ACT AGROCHEM PRIVATE LIMITED
A4330,KANABAR FOAM PVT LTD
A4331,SONA AGROTEX PVT LTD
A4332,RAGHUVIR SYNTHETICS LIMITED
A4333,SHREEJI IMPEX.
A4334,OPAQUE CERAMICS PVT. LTD.
A4335,SANRHEA TECHNICAL TEXTILES LTD
A4336,SHREE MAHADEV METAL
A4337,VIBRANT STEEL TRADEX PVT LTD
A4338,ENDEAVOUR INDUSTRIES
A4339,VISHAKHA RENEWABLES PRIVATE LIMITED
A4340,GIMPEX-IMERYS INDIA PRIVATE LIMITED
A4341,TRINITY PIGMENT INDUSTRIES
A4342,LAKSH IMPEX
A4343,GMM COATINGS PVT LTD
A4344,Exsan Overseas Pvt Ltd
A4345,RIDDHI FOOD PRODUCTS
A4346,Galaxy Industries
A4347,CONCOR INTERNATIONAL
A4348,Chemical partners India
A4349,ANTIQA CERAMIC PVT.LTD.
A4350,Deepmala Fisheries
A4351,SAGAR FOODS
A4352,KAIZEN METALS INDIA
A4353,FRESH N FRESH
A4354,ARGIL CERAMICS
A4355,MIKU POLYMERS & PLASTICS LIMITED
A4356,KG INTERNATIONAL
A4357,MACWELL AUTO ENGINEERING PRIVATE LIMITED
A4358,ELMEX ELECTRIC PRIVATE LIMITED
A4359,Palco Recycle Industries Limited
A4360,GLOBAL AGRO COMMODITIES
A4361,BLEACH CHEM
A4362,IMS QUALITY CONTROL
A4363,SHREEJI  TRADING
A4364,Positive Chemicals Pvt Ltd
A4365,CHIRAG ORGANICS PVT LTD
A4366,AVIS HARDMETAL
A4367,NEW TECH CARBON
A4368,UNITE ENTERPRISE
A4369,SURVIVAL TECHNOLOGIES PVT LTD
A4370,SUNLEX FABRICS PVT LTD
A4371,VILAS TRANSCORE LTD
A4372,OMKAR SYNTHETICS PVT LTD
A4373,KRUSHI FOOD INDUSTRIES
A4374,HEMSPAN INDUSTRIES LLP
A4375,Atharva International
A4376,Mili Export
A4377,JAINSON CABLES INDIA PRIVATE LIMITED
A4378,KEMCOLOUR INTERNATIONAL
A4379,STERLING ABRASIVES LTD
A4380,COSMIC MACHINES
A4381,DHRUVANSHI INTERNATIONAL
A4382,AESHA TEX
A4383,VEL IMPEX
A4384,J. Korin Spinning Pvt Ltd
A4385,SURANA METACAST PVT. LTD.L
A4386,BHARTI INC
A4387,RAJAT METAL AND ALLOYS
A4388,Hiyaan Impex
A4389,RAJKAMAL STEEL FURNITURE
A4390,VITAL LABORATORIES PVT. LTD.
A4391,EXCEL PAPER TECH ENGINEERS
A4392,STERLING TECHNOLOGY
A4393,RADHESHYAM SPINNING MILL PVT LTD
A4394,SNESH RESORTS PVT LTD
A4395,KANDLA EXIM PRIVTAE LIMITED
A4396,SMC INDUSTRIES
A4397,ANANT INOX
A4398,SYNPOL PRODUCTS PRIVATE LIMITED
A4399,RUDRAA ENTERPRISE
A4400,HONEST THE WHOLESALE HUB
A4401,ARPIT INDUSTRIES
A4402,NISHIINDO FOODS PRIVATE LIMITED
A4403,ADF FOODS LIMITED
A4404,JAGSON COLORCHEM LIMITED
A4405,Ascent Finechem Private Limited
A4406,BITTU EXIM
A4407,S. G. METALS
A4408,MARUTI ALLUMINIUM PVT LTD
A4409,R FOR RABBIT BABY PRODUCTS PRIVATE LIMITED
A4410,PARMESHWAR ALLOYS PRIVATE LIMITED
A4411,MAHAVIR TRADELINK
A4412,NAVDEEP TRRADEX
A4413,PRIMO PLAST
A4414,DEEKAY PINE BOARD PVT LTD
A4415,FRITTA INDIA PVT. LTD.
A4416,FEEDCHEM INC
A4417,SHUBHAM EXTRUSION TECHNIK PVT LTD
A4418,TECH PRO ENGINEERING SERVICES
A4419,M K FOOD AND CHEMICALS
A4420,DIAMINES AND CHEMICALS LIMITED
A4421,PARAS BHAVANI STEEL PVT LTD
A4422,CABISCO PLAST PVT LTD
A4423,RAMKRIPA INTERNATIONAL
A4424,NIJANAND STEEL
A4425,ROLLWELL FORGE PVT LTD
A4426,KUSH TRADERS
A4427,DESAI FRUITS AND VEGETABLES PVT LTD
A4428,SHREE SAI ENTERPRISE
A4429,ICL MANAGEMENT & TRADING INDIA PRIVATE LIMITED
A4430,A.D. INTERNATIONAL
A4431,HK Concepts
A4432,SHYAMA PACKART PVT LTD
A4433,ACE MICA PVT LTD
A4434,INDIA INTERNATIONAL
A4435,Shree shantmohanam Peanuts
A4436,AFCAN IMPEX PVT LTD
A4437,SHREE TIRUPATI POLYPACK
A4438,CSP PRODUCTS INDIA PRIVATE LIMITED
A4439,VSR AUTO (E) PVT LTD
A4440,GAJUMAL MULCHAND FRUITS PVT LTD
A4441,JAY METAL ALLOYS
A4442,ORBIT BEARINGS INDIA PVT LTD
A4443,STARK INTERNATIONAL
A4444,KAUSHIK COTTON CORPORATION
A4445,GIFT TOUCH
A4446,SHAH TRADERS
A4447,RIK EXIM PVT LTD
A4448,SHALIGRAM LAMINATES PVT LTD
A4449,Vishwa Enterprise
A4450,TREE INDIA
A4451,RAVAGO MANUFACTURING INDIA PRIVATE LIMITED
A4452,DAFFODIL CORPORATION
A4453,KEVAL EXPORTS
A4454,SUN EXPORTS
A4455,S A ENTERPRISE
A4456,PPG ASIAN PAINTS PVT LTD
A4457,MANGALAM ALLOYS LIMITED
A4458,KALYAN IMPEX
A4459,FARMWORLD AGROTECH PRIVATE LIMITED
A4460,JYOTI PLASTIC WORKS PVT LTD
A4461,RBS ENTERPRISE
A4462,ASHUTOSH POWER TRANSBELTS LIMITED
A4463,VELLPLAST
A4464,Parikh Packaging Pvt. Ltd.
A4465,"3B FILMS PVT LTD"
A4466,S.B. METAL UDYOG
A4467,MAHESH EXIM
A4468,Aalfa International
A4469,NATU OIL SERVICES INDIA PVT LTD
A4470,Chemesys Industries
A4471,MJ ADDICT
A4472,NEXUS LOGISTICS.
A4473,SILVER FOILS PRIVATE LIMITED
A4474,KGSK Alliance Pvt Ltd
A4475,METALLUM SMELTERS
A4476,TRANSOCEAN SHIPPING SERVICE
A4477,Madhusudan Special Sections Pvt ltd
A4478,SURYA SHIPPING & INNOVATIONS
A4479,UDAAN INTERNATIONAL
A4480,FATEMI LIFTING CORPORATION
A4481,LIMPIO CHEM LLP
A4482,STAR MINT FIELDS PRIVATE LIMITED
A4483,BAOSTEEL INDIA COMPANY PVT LTD
A4484,ABARIS HEALTHCARE PRIVATE LIMITED
A4485,PAREKH TIMBER AND CO
A4486,Jai Bhawani Shipping & Logistics
A4487,New food
A4488,URON ENERGY LLP
A4489,Meera International Exim
A4490,AGARWAL ENTERPRISES
A4491,CONCEPT CHEMICALS
A4492,ANTALYA INTERNATIONAL
A4493,HIPAN TRADING COMPANY
A4494,PEARL INTERNATIONAL
A4495,HARISH PROCESSORS PVT LTD
A4496,SHREE RAMA MULTI-TECH LIMITED
A4497,SHREENATHJI EXTRUSION
A4498,DRASHTI TIMBER PRIVATE LIMITED
A4499,Sunrise Agro Industries
A4500,AMEE INTERNATIONAL
A4501,AYUKALP UAP PHARMA PRIVATE LIMITED
A4502,C TRIVEDI & CO
A4503,AMBICA EXPORTS
A4504,LEAPFROG VENTURES
A4505,EPSON VITRIFIED PVT. LTD.
A4506,AQSA POLYPACK PVT. LTD.
A4507,MADHAVI OFFSET
A4508,CREATIVE FREE TRADE WAREHOUSING PVT. LTD.
A4509,ESSEL MINING AND INDUSTRIES LIMITED
A4510,NANDRAM AGRI FRESH
A4511,TRANS INDIA CERAMICS PVT LTD
A4512,TIDE INDUSTRIES
A4513,KHUSHAL CLOTHING LLP
A4514,ANGEL SOLUTIONS
A4515,FASTRACK DEALCOMM PVT.COM
A4516,EURO MARINE SERVICES
A4517,Gahena Enterprise Pvt Ltd
A4518,BALAJI MARKETING
A4519,SHIVGANGA MARINE PRODUCTS
A4520,BHUMI ELECTRO INDIA PRIVATE LIMITED
A4521,SUNPRO FOIL PACK
A4522,Coral Marketing
A4523,PRASAR ENTERPRISES
A4524,FIVE STAR DEHYDRATION PVT.LTD
A4525,NAVKAR TRADERS
A4526,MARUTI SPINTEX PRIVATE LIMITED
A4527,LAXMI CORPORATION
A4528,INBISCO INDIA PRIVATE LIMITED
A4529,NEXUS TRADELINK
A4530,DHRUVESH INDUSTRIES
A4531,Vasa Pharmachem OPvt. ltd.
A4532,RAJBANDHU POLYMERS
A4533,J R SHAH EXPORTS LIMITED
A4534,SKC INDUSTRIES LLP
A4535,Gujarat Enterprise
A4536,REKHA SUPERFINE EXPORTERS
A4537,SHREE GANESH PLAST PRODUCTS
A4538,Jay Water Management Pvt Ltd
A4539,MAXMECH EQUIPMENTS PRIVATE LIMITED
A4540,United Office Systems Pvt. Ltd.
A4541,Vasko Metalloys Pvt Ltd
A4542,YELLOW GOLD COMPONENTS
A4543,STALLION ENTERPRISE
A4544,Centenary Polytex Pvt. Ltd.
A4545,AHSB STEEL PRIVATE LIMITED
A4546,SHARBIN INTERNATIONAL
A4547,ARA SCRAP RECYCLERS LLP
A4548,MILACRON INDIA PRIVATE LIMITED
A4549,ENRICH ENTERPRISE
A4550,TECHNOTURN ENGINEERING
A4551,SITA RAM AND CO.PVT.LTD
A4552,VINITECH METAL PRIVATE LIMITED
A4553,VIJI FOODS & EXPORTS LLP
A4554,vashudham overseas
A4555,M I ALLOYS PRIVATE LIMITED
A4556,RAMDEV PLASTICS
A4557,UNIVERSE ALLOYS PRIVATE LIMITED
A4558,L.S CHEMICALS & PHARMACEUTICALS
A4559,RADHA RAMAN METAL PVT.LTD.
A4560,LABDH TRADERS
A4561,anand enterprise
A4562,VERITAS OVERSEAS
A4563,PHEROMONE CHEMICALS PRIVATE LIMITED
A4564,RAJ INTERNATIONAL..
A4565,D P TRADERS
A4566,IDEAL EXTRUSIONS INDIA
A4567,SUZLON ENERGY LIMITED
A4568,Coreflow Chemi Private Limited.
A4569,Nitya Corporation
A4570,EMORE HORN MACHINERY INDIA PRIVATE LIMITED
A4571,GHCL LIMITED
A4572,ALISIA FABRIC -O-LAND
A4573,ADK ENGINEERING & SOLUTIONS
A4574,SIDDHARTH CHLOROCHEM PVT LTD
A4575,GALAXY CHAINS PRIVATE LIMITED
A4576,PRAYOSHA SALES CORPORATION
A4577,ITALIA CERAMICS LTD.
A4578,RUCHIR TRADERS
A4579,R MAHADEOLAL SYNTHETICS LIMITED
A4580,PYRAMID PLY AND WOOD PRODUCTS PVT.LTD
A4581,DEVAL ENTERPRISE LLP
A4582,SHUBHAM CORPORATION.
A4583,ALCON BIOSCIENCES PVT. LTD.
A4584,Nandeshwari Steel Limited
A4585,ADVANCE ADDMINE PVT LTD
A4586,UMESH TECHNO
A4587,AKASH FASHION PRINTS PVT. LTD
A4588,NOTIONAL SPECIALITIES PRODUCTS CO.
A4589,PRAMUKH PAPER PRODUCTS PVT. LTD.
A4590,ACE POLYMERS
A4591,SHREENATHJI TEXTILES
A4592,MICRO CHEM
A4593,LUBRIZOL ADVANCED MATERIALS INDIA PVT LTD
A4594,SHAKUN POLYMERS PRIVATE LIMITED
A4595,KANDLA AGRO AND CHEMICALS PVT. LTD.
A4596,B & E Diagnostic India Pvt.Ltd
A4597,OCEANKING LOGISTICS PVT.LTD.
A4598,AMAR FOOD PRODUCTS
A4599,SHIVSHAKTI SEALINK PVT LTD
A4600,AHIR SALT INDUSTRIES
A4601,JYOTINDRA INTERNATIONAL
A4602,REFORM PACKAGING PRIVATE LIMITED
A4603,KEYUR INDUSTRIES
A4604,SURYA INTERNATIONAL
A4605,METRO WORLD TILES PVT LTD
A4606,ADI SPINTEX PRIVATE LIMITED
A4607,AHMED OVERSEAS
A4608,Simandhar Enterprises Private Limited
A4609,GLOBAL GOURMET PRIVATE LIMITED
A4610,BLEACH CHEM EXIM  INDIA  PRIVATE LIMITED
A4611,ORGANIC INDUSTRIES PVT. LTD.
A4612,J K AGRO FOODS
A4613,VARAHI STEEL & TUBES
A4614,MANHAR MIRRORS
A4615,NATIONAL STEEL CENTRE
A4616,SHREE DEV METAL
A4617,DEEP PLAST INDUSTRIES
A4618,SUN CASHEW INDUSTRIES
A4619,SUNQURO CERAMIC PRIVATE LIMITED
A4620,OWS WAREHOUSE SERVICES LLP
A4621,MOTIBA SILICONE PRIVATE LIMITED
A4622,JINAY AUTOMOBILES
A4623,ELEGANT VINYL PVT LTD
A4624,MARC BEARINGS PRIVATE LIMITED
A4625,MAHAMAYA CONSTRUCTION AND ENGINEER
A4626,Ultra Denim Pvt. Ltd.
A4627,KANDLA POLYPLAST  INDIA  PVT LTD
A4628,R.D.KAPUR AND SONS
A4629,PLAST-O-FINE INDUSTRIES
A4630,RAMESHWAR ENGINEERING
A4631,AASTANA ENTERPRISE
A4632,SHEEL OIL AND FATS PVT LTD
A4633,CHAROTAR CASEIN CO.
A4634,KLJ PETROPLAST LIMITED
A4635,PAREKH TRADING CO
A4636,BORANA SALES CORPORTION
A4637,KOSOL ENERGIE PVT LTD
A4638,AGROSYN IMPEX
A4639,VELCOME FURNITURE
A4640,CEFONE CERAMIC LLP
A4641,SHREE R. K. PRINTERS & BINDERS
A4642,HANNING MOTORS INDIA PVT LTD
A4643,Ajay Traders
A4644,HEENA ROTO PRINTS
A4645,LAXMI METAL WARE CORPORATION
A4646,SHINE IMPEX INDIA
A4647,BRENTWOOD INDUSTRIES INDIA PRIVATE LIMITED
A4648,M-Kat India
A4649,Super Lifecare Pvt Ltd
A4650,INDO ASIA MACHINES PVT LTD
A4651,Dhiraj Can Co Pvt Ltd
A4652,NILKANTH AGRI IMPEX
A4653,BTSS OVERSEAS PVT. LTD.
A4654,ATHOS COLLAGEN
A4655,Fabian Life Sciences
A4656,CMR CHIHO INDUSTRIES INDIA PRIVATE LIMITED.
A4657,JANKI INTERNATIONAL
A4658,HONEY METALS
A4659,HOLZWOOD INDUSTRIES PVT LTD
A4660,TRIBENI WORLDWIDE PRIVATE LIMITED
A4661,MARUTI POLYMER
A4662,Shreeji Enterprise
A4663,ONE WORLD
A4664,ANIL ORGANICS
A4665,BITTU SYNTHETICS PRIVATE LIMITED
A4666,CHOKSHI TEXLEN PRIVATE LIMITED
A4667,LAXMINARAYAN TRADING CO
A4668,SALASAR YARNS PRIVATE LIMITED.
A4669,PHENIX ENTERPRISE
A4670,STANDARD ALLOYS INDUSTRIES
A4671,EURO TROUSERS MFG PVT LTD
A4672,RELIANCE SIBUR ELASTOMERS PVT. LTD
A4673,GURUKRUPA WOOD PRODUCT
A4674,ANJANI WOOD PRODUCTS
A4675,MAHESHWARI TEXTILE
A4676,LIFT AND LASH PVT LTD
A4677,Shyam Sales Corporation
A4678,SHRINATH ADHESIVE PRODUCTS PVT LTD
A4679,DVK IMPEX
A4680,zoomtexturisers.pvt ltd
A4681,STEINWEG SHARAF INDIA PRIVATE LIMITED
A4682,SEASTAR MARINE IMPEX
A4683,JALDHARA PLASTICS
A4684,CAST AND BLOWER CO  GUJ  PVT LTD
A4685,TULSI ENTERPRISES
A4686,UTPAL ENGINEERING COMPANY
A4687,Onkar Enterprises
A4688,LA CHANDRA PHARMALAB PVT LTD
A4689,SARJU IMPEX LIMITED
A4690,HARIZON INTERNATIONAL
A4691,PRIME EXPORTERS.
A4692,DEW LIFECARE PVT LTD
A4693,VOLTSON INDIA.
A4694,VASUDHAPRO NOURISHING MEAL PVT LTD
A4695,PAREKH VENTURES LLP
A4696,REEMA INTERNATIONAL
A4697,RKRISHNA INTERNATIONAL
A4698,JANUS GLOBAL TRADE PVT. LTD.
A4699,RY MIDAS METACAST PRIVATE LIMITED
A4700,BALKRISHNA TEXTILES
A4701,ELAVIN CHEMTECH PVT LTD
A4702,UNITED CHEMIE PVT LTD
A4703,MEET SCIENTIFIC WORKS
A4704,SARVESH PHARMA GLASS
A4705,SILVICS WOOD VENEERS PRIVATE LIMITED
A4706,HILOTEX INTERNATIONAL PVT. LTD.
A4707,GURU RAJENDRA METALLOYS INDIA PVT. LTD.
A4708,SANWALIYA SALES PVT LTD
A4709,MAA PANEL INDIA PRIVATE LIMITED
A4710,SHREYA TRADERS
A4711,UNIGATE FORWARDING INDIA PVT. LTD.
A4712,DSM NUTRITIONAL PRODUCTS INDIA PRIVATE LIMITED
A4713,KERAKOLL INDIA PRIVATE LIMITED
A4714,MILLENNIUM OVERSEAS
A4715,IKAA GRANITO PRIVATE LIMITED
A4716,Meril Diagnostics Private Limited
A4717,MALARATRADERS
A4718,KUSH TRADING
A4719,KRONOX LAB SCIENCES LTD
A4720,SAHJANAND TEXFAB
A4721,MOHIT INDUSTRIES LIMITED
A4722,NEBULA SURGICAL PVT. LTD.
A4723,MANU CREATION
A4724,PERFECT METACRAFT LLP.
A4725,RAJAL EXPORT
A4726,GOPINATH CHEM TECH LIMITED
A4727,UMA OFFSET
A4728,PON PURE CHEMICAL INDIA PRIVATE LIMITED
A4729,KOMAL WORLDWIDE PVT LTD
A4730,DONATO VITRIFIED PRIVATE LIMITED
A4731,ROLYPLAST INDUSTRIES
A4732,GIRIVARYAN ONW OVENF ABRiCSP VT.L TD.
A4733,AMBIKA ENTERPRISE
A4734,MASCOT METAL TRADERS
A4735,SWASTIK PLY BOARD
A4736,PLASTIC HOUSE
A4737,SOLANO CERAMIC PRIVATE LIMITED
A4738,Chiripal Poly Films Limited
A4739,ELEC STEEL PROCESSING INDUSTRIES
A4740,KINGS LUMBER PRIVATE LIMITED
A4741,UMIYAJI ENTERPRISE
A4742,D M METAL POWDER
A4743,Paradise Sanitary Ware Private Limited
A4744,VISHAL DHULKOTIYA
A4745,MURUGAPPA MORGAN THERMAL CERAMICS LTD.
A4746,NYSA INTERNATIONAL
A4747,PRAGNA INDUSTRIES
A4748,TAIKAI ELECTRIC  INDIA  PVT LTD
A4749,CHINMAY IMPEX PRIVATE LIMITED
A4750,RAJA CRAFT MILLS LLP
A4751,PRECERA EXIM
A4752,NISSAN SYNTEX PVT LTD
A4753,ASTELL IMPEX
A4754,DHARMIKA MARINE EXPORTS
A4755,SNB METALS AND ALLOYS
A4756,KANUNGO STEEL  INDIA
A4757,ZENISH RECLAMATION
A4758,SHREE SHYAMSUNDER ALLOYS PVT. LTD
A4759,REY IMPEX
A4760,MEERA DYESTUFF INDUSTRIES
A4761,JYOTI & CO.
A4762,WINCRAFT INDUSTRIES PVT.LTD
A4763,KAVYA ENTERPRISE.
A4764,JAYAM INDUSTRIES
A4765,PRAGATI SILICHEM
A4766,ARMANO VITRIFIED LLP
A4767,Burhani Impex
A4768,JAGDISH MARINE EXPORTS
A4769,SAGAR MARINE IMPEX
A4770,DML EXIM PVT LTD
A4771,ROYAL GROUP
A4772,AIROIL FLAREGAS PRIVATE LIMITED
A4773,Shivam Fibres
A4774,RITUL ENGINEERING COMPANY
A4775,Shakti Agric Foods  I  Pvt Ltd
A4776,Inkart Retail
A4777,NEWSALEHBHAI ABDULHUSAIN AND SONS
A4778,Global Speciality Swap LLP
A4779,POOJA DEHY FOODS PVT LTD
A4780,SHREE BALAJI FOAM INDUSTRIES
A4781,TECHNOPACK
A4782,ADVYA PACKAGING LLP
A4783,Ramniklal Jamandas
A4784,BHAGWATI POLYMER
A4785,CEDAR DECOR PRIVATE LIMITED
A4786,Shree Niddhi Sea Food
A4787,GTEX FABRICS PRIVATE LIMITED
A4788,METALLICS MINECHEM PVT LTD
A4789,TOP INDIA ELEVATOR PVT. LTD.
A4790,KRISHNA ENTERPRISE
A4791,Marshal pipes
A4792,H SQUARE UNIVERSAL
A4793,Genetic Industries Pvt Ltd
A4794,FRIENDS TRADING FZC
A4795,PADMAVATI DECOR PRIVATE LIMITED
A4796,EARTH EXPO COMPANY
A4797,HP TRADING
A4798,JANKI STAINLESS INDIA PVT LTD
A4799,COLORBI INKJET INKS
A4800,AGRAWAL ENTERPRISES
A4801,MARSHAL POLYMERS
A4802,AMIN EXPORTERS
A4803,Veenita Enterprise Private Limited
A4804,Prince Care Pharma Private Limited
A4805,ANKITA EXTRUSION
A4806,VISHAL FABRICS LIMITED
A4807,LAXMI BEADS MFG CO PVT LTD
A4808,MOTTO TILES PRIVATE LIMITED
A4809,TEXFAB ENGINEERS INDIA P LTD.
A4810,OYSTER INDUSTRIES PVT LTD
A4811,ARINE TECHNOLOGIES PVT LTD
A4812,LIMBAD SALES CORPORATION
A4813,N.B.AGRI EXPORT
A4814,KRUTI SEA FOODS
A4815,MACWORLD INDUSTRIES
A4816,TEXEL INDUSTRIES LTD
A4817,SUNIL ENTERPRISE
A4818,Fabulous Inc.
A4819,Navpad Pigments Pvt. Ltd.
A4820,DCMHQ AUTOMOTIVE PRIVATE LIMITED
A4821,SHINRAI TEXTILE PRIVATE LIMITED
A4822,Satva Industries
A4823,ORIILON INDIA PRIVATE LIMITED
A4824,GLOBUS MARINE EXPORTS
A4825,GAYATRI ENTERPRISE
A4826,ANUJ TRADERS
A4827,KAPSUN RESOURCES CORPORATION
A4828,YOGLEELA SULPHUR & AGCHEM IND. PVT. LTD.
A4829,BOBBY TRADERS
A4830,PPE SAFETY PRIVATE LIMITED
A4831,KOIL HARDWARE PVT LTD
A4832,AK RUBBER
A4833,ROOP DYES & INTERMEDIATES
A4834,EAGLE FASHIONS PRIVATE LIMITED
A4835,TBEA Energy India Privated Limited
A4836,LOYAL POLYPACK PVT LTD
A4837,MARC INDUSTRIES
A4838,G R METALLOYS PVT LTD
A4839,ORICCA CORPORATE PVT LTD
A4840,PARASMANI INDUSTRIES
A4841,PARAS OVERSEAS
A4842,SHIVANI ENTERPRISE
A4843,RENIN PIPING PRODUCTS
A4844,ANNANT GLOBES
A4845,WINGS IMPEX
A4846,GANGOTRI INORGANIC PVT LTD
A4847,CHANDRASHILA EXPORTS
A4848,LAVIOSA INDIA PRIVATE LIMITED
A4849,AARVEE DENIMS AND EXPORTS LIMITED
A4850,DAKLE INDUSTRIAL PLASTICS
A4851,Vovantis Laboratories Private Limited
A4852,INDIAN CHEMICAL INDUSTRIES
A4853,Tube Products Incorporate
A4854,Dynamic Duty Free Warehouses
A4855,MARUTI TRADELINK
A4856,DOSHION POLYSCIENCE PVT. LTD.
A4857,TERAFLO ENGINEERING PVT LTD
A4858,KENT EQUIPMENT COMPANY
A4859,NEELKANTH INTERNATIONAL
A4860,DELUXE DIGITAL PRINT
A4861,SATYAM ENTERPRISE
A4862,KHUSHI ENTERPRISES..
A4863,WORTHWHILE INDUSTRUES
A4864,NIKKI EXPORTS INDIA
A4865,Yashasvi Recyclers Private Limited
A4866,BLUEBELL POLYMERS PVT LTD
A4867,SALASAR POLYTEX PVT LTD.
A4868,KARTIK TRADERS
A4869,GUJARAT NARMADA VALLEY FERTILIZERS AND CHEMICALS L
A4870,PHOENIX IMPEX..
A4871,KHUSHI ENTERPRISES
A4872,FABCORD INTERNATIONAL
A4873,Reliance Naval And Engineering Limited
A4874,AKSHAR IMPEX.
A4875,RISHI ENTERPRISE
A4876,MYRIAD CHEMICAL TECHNOLOGIES
A4877,SHREE RAM TRADING CO
A4878,AV MATTERS DISTRIBUTION PVT LTD
A4879,QUALITY AGRO FOOD INDUSTRIES
A4880,INDEX MEDIA
A4881,Shri Sai Exim
A4882,STARLON EXIM PRIVATE LIMITED
A4883,Zero1 Tektronics LLP
A4884,H J AROCHEM PVT LTD
A4885,SHRI KHATUSHYAM TRADELINKS
A4886,NISUN INC.
A4887,GRAYSTONE CERAMIC LLP
A4888,RIDDHI IMPEX
A4889,PRINCE FAB
A4890,TOYCRA
A4891,Deri Overseas Pvt Ltd
A4892,DHRUV ELECTRONICS
A4893,NOBLE ENTERPRISE
A4894,EAGLE CHEMICAL WORKS
A4895,KALPANA EXIM
A4896,INANI METAL & ALLOYS PVT. LTD
A4897,M P METALS & ALLOYS
A4898,MEDWISE OVERSEAS PVT LTD
A4899,JAGDUSHAH INTERNATIONAL PRIVATE LIMITED
A4900,SHREE SWASTIK FOOD PRODUCTS
A4901,ZUMA CORPORATION
A4902,REDSTONE EXIM
A4903,PRESTO INDUSTRIES EXPORTS
A4904,Sea Shore Logistics
A4905,PICCOLO MOSAIC LIMITED
A4906,EXIDE LECLANCHE ENERGY  PRIVATE LIMITED
A4907,CENTER ONE WOOD VENEER PRIVATE LIMITED
A4908,B.P. TEXTILES
A4909,SHRILL ORGANIC INDUSTRIES
A4910,PRATIMAN TEXTILES PRIVATE LIMITED
A4911,DIVYA POLYTECH
A4912,SHREE AGRO INTERNATIONAL
A4913,SHAYONA ENTERPRISE
A4914,SIPL PLYWOOD PRIVATE LIMITED
A4915,Maahir Foods
A4916,UNIVERSE ENTERPRISE
A4917,CHEMTRADE
A4918,ELIXIR PHARMA
A4919,PARAG METAL
A4920,TALCO EXTRUSION LLP
A4921,MARUTI RECYCLING
A4922,ADITYA BIRLA POWER COMPOSITES LTD
A4923,SWASTIK AGRO FOODS INDUSTRIES
A4924,SANSTAR LIMITED
A4925,ABHINAV INCENSE
A4926,Trend Impex Pvt Ltd
A4927,ENVITECT COMPOSITE PVT LTD
A4928,WELSPUN CORP LTD
A4929,Singha Industries Pvt. Ltd.
A4930,SHREE RAM TWISTEX PVT. LTD.
A4931,VINIT ASHVINBHAI DESAI
A4932,Dolphin polyfill Pvt. Ltd
A4933,FACE IMPEX PRIVATE LIMITED
A4934,DHANLAXMI META IMPEX LLP
A4935,KAMAL INDUSTRIES
A4936,Stretch N Wrap International
A4937,BANSAL POLYPLAST PRIVATE LIMITED
A4938,ALLIED REFRACTORY PRODUCTS INDIA PVT. LTD.
A4939,indian hydrocolloids
A4940,PRAKASH CHEMICALS PVT LTD
A4941,ELLIGHT EXPORT HOUSE
A4942,Jai Shree Shyam Timber
A4943,CRYSTAL TRADING
A4944,RAJOO INNOVATION CENTRE LLP
A4945,AMITY INTERNATIONAL
A4946,FRESHY FOOD INGREDIENTS
A4947,ANKIT ENTERPRISES
A4948,VISION PLYPIPES
A4949,BGR INTERNATIONAL
A4950,GRACE BIO-CARE PVT LTD
A4951,XYLONE POLYBLEND INDUSTRIES
A4952,GREPL INTERNATIONAL
A4953,AMBICA COTSEEDS LIMITED
A4954,JM PLASTOPACK
A4955,EQUATOR EXIM
A4956,INDUSTRIAL TECHNOLOGIES LLP
A4957,DELICIOUS FOOD
A4958,S&J GRANULATE SOLUTIONS PVT LTD
A4959,SHIDDHANT SHIPPING SERVICES
A4960,GUNINA  ALLOYS & STEELS PVT LTD
A4961,IMMORTAL IMPEX
A4962,SAKSHI YARNS PVT LTD.
A4963,SAMEEP FABRICS PRIVATE LIMITED
A4964,Sagar Rubber Products Pvt.Ltd
A4965,ARIHANT ENTERPRISES
A4966,Yash polyplast
A4967,VASKO ISPAT PRIVATE LIMITED
A4968,SAARK INDUSTRIES
A4969,INDOFIL INDUSTRIES LIMITED
A4970,AR TRADING
A4971,MANGALMURTI POLYMERS PRIVATE LIMITED
A4972,HAGEN AQUA PRIVATE LIMITED
A4973,HLS ASIA LIMITED
A4974,AMBILAX INTERNATIONAL
A4975,I TECH PLAST INDIA PVT LTD
A4976,STAR IMPEX..
A4977,DHANASVI ALUMINIUM PRIVATE LIMITED
A4978,BHARAT CORRUB INDUSTRIES LLP
A4979,SAFILO HEALTHCARE
A4980,DZIRE LIFE CARE LLP
A4981,R3 TRADING COMPANY INC
A4982,BAGORA DEHYDRATES
A4983,Ronson Pigments Private Limited
A4984,PAPRO INDUSTRIES LLP
A4985,Deepmala Marine Exports
A4986,DIGITAL CERAMICS PVT. LIMITED
A4987,BAPAS WEAVE TEX
A4988,OPERA POLYPACK PVT LTD
A4989,RONAK TRADERS
A4990,S. V. ENTERPRISES
A4991,SKYROS CERAMIC PRIVATE LIMITED
A4992,PRANAV CHEMICALS
A4993,ARVIND IMPEX
A4994,ANA INDUSTRIES PVT LTD
A4995,Classic Food Exports
A4996,BHADRESH YARN TRADERS
A4997,HARSH FABRICS
A4998,KANAIYA MARINE EXPORTS
A4999,HIMALAYA POLYURETHANE PVT. LTD.
A5000,NABROS EXPORTS
A5001,SURNI LABS
A5002,SUMANGAL CASTINGS PRIVATE LIMITED
A5003,TEXPOLY POLYMERS
A5004,GUJARAT AIRCONNECT PRIVATE LIMITED
A5005,SAHJANAND OVERSEAS
A5006,Pentagon Plastics Industries Private Limited
A5007,MOHIT INDUSTRIES.
A5008,WESTERN METAL INDUSTRIES
A5009,MUSTAFA FOODS
A5010,AALAM UNIVERSAL LLP
A5011,GOLDEN IMPEX
A5012,Gujarat Raffia Industries Limited
A5013,BRASSOTECH INTERNATIONAL
A5014,GROCON EXPORTS PRIVATE LIMITED
A5015,MAYUR TRADING COMPANY
A5016,Steefo Engineering Corporation.
A5017,ATONE MICRONS PVT LTD
A5018,RACHANA HYDRAULIC & ENGINEERING
A5019,VIP OVERSEAS
A5020,CONCEPT STEEL
A5021,MODERN FOOD PRODUCTS
A5022,ZYDEX INDUSTRIES
A5023,RONAK INTERNATIONAL
A5024,SHUBH INTERNATIONAL
A5025,JAMADAR EXPORTS
A5026,R And B International
A5027,READY NETWORK MARKETING PVT LTD
A5028,DIVYANSH EXPORT & IMPORT PVT. LTD.
A5029,BASIC PHARMA LIFE SCIENCE P LTD
A5030,Natural Dehydrated Vegetables Pvt Ltd
A5031,CREST SPECIALITY RESINS PVT LTD
A5032,S P ENTERPRISE
A5033,ELICA VITRIFIED PVT LTD
A5034,CATERPILLAR SIGNS PVT LTD
A5035,GOPANI PRODUCT SYSTEMS
A5036,Seven Overseas
A5037,AKASH EXPORTS
A5038,PRUDENCE PHARMA CHEM
A5039,VEER PLASTICS PVT. LTD
A5040,ULTIMO EXPORT
A5041,VIJI FOODS
A5042,AMAX INTERNATIONAL WAREHOUSING PRIVATE LIMITED
A5043,ATUL INTERMEDIATES
A5044,JINCO MARKETING
A5045,Kavya International.
A5046,BAJRANG STEEL CENTRE
A5047,GOLDMINE MULTITRADE PVT LTD
A5048,SUNPRO BARRIER PACK
A5049,DALFO FLEXIPACK PRIVATE LIMITED
A5050,KORB CERAMIC INKJET SOLUTION
A5051,SHANTI SNACKS PVT. LTD.
A5052,Vardhman Impex
A5053,ARYAN ENTERPRISE
A5054,GEO SOURCE
A5055,MULTI TRADE OVERSEAS
A5056,MUMUKSH IMPEX
A5057,ASHAPURA SHIPPING SOLUTIONS
A5058,MEHER INTERNATIONAL
A5059,UMALAXMI ORGANICS P LTD
A5060,City Tiles Ltd
A5061,KAN VICTUAL PRIVATE LIMITED
A5062,Cementation India Private limited
A5063,Arham Petrochem Pvt Ltd
A5064,INDOPLAST ENGINEERS
A5065,Tattva Enterprises LLP
A5066,GOVERDHAN POLYGRAN PVT LTD
A5067,GELTEC PRIVATE LIMITED
A5068,RAJPUTANA STAINLESS LTD
A5069,SHAH ALLOYS LIMITED
A5070,BAHETI METAL & FERRO ALLOYS LTD.
A5071,ARYAN STAINLESS PRIVATE LIMITED
A5072,SHRI IMPEX
A5073,GRANNYS SPICES  INDIA  LLP
A5074,VEER DYE CHEM
A5075,NIRMALA BRASS INDUSTRIES
A5076,PRAKASH IMPEX.
A5077,VNKC AGROCOM PVT LTD
A5078,RICHA IMPEX
A5079,VINAYAK PRINTS
A5080,CORAL CREATIONS
A5081,Econs Crop Protection Private Limited
A5082,SHREE SAI CHEM
A5083,DEEPEE CHEM INDUSTRIES
A5084,RUDRA INTERNATIONAL
A5085,MAMTA COLD STORAGE
A5086,DURAVIT INDIA PRIVATE LIMITED
A5087,JACS SHIPPING PVT LTD
A5088,CROWN LAMINATES PRIVATE LIMITED
A5089,ACULIFE HEALTHCARE PRIVATE LIMITED
A5090,KARMA ASSOCIATES
A5091,Brothers Pharmamach  India  Pvt. Ltd.
A5092,UNIVERSAL TRADE SERVICES
A5093,SUNTEC ENERGY SYSTEMS
A5094,SHREE SAHJANAND INTERNATIONAL
A5095,Krosyl Pharmaceutical Pvt Ltd.
A5096,SHRI TECHTEX PRIVATE LIMITED
A5097,EXIM WAREHOUSING
A5098,HOF FURNITURE SYSTEM PRIVATE LIMITED
A5099,LA-GAJJAR MACHINERIES PRIVATE LIMITED
A5100,D. B. INTERNATIONAL
A5101,LN ENTERPRISES
A5102,CHANDAN STEEL LIMITED
A5103,APASH GLOBAL PRIVATE LIMITED
A5104,STEELCAST LTD.
A5105,KUTCH BRINE CHEM INDUSTRIES
A5106,KANAKGOLD INDUSTRIES PVT LTD
A5107,REPRO RESINS PVT.LTD.
A5108,Komal Texfab Pvt. Ltd.
A5109,SHREE RAM SILICA SAND
A5110,SHREE IMPEXT
A5111,BRIJESH IMP. & EXP.
A5112,ZEPHYR INTERNATIONAL
A5113,ALLE INTERNATIONAL
A5114,ARAC INTERNATIONAL LLP
A5115,GASIBA ENTERPRISE
A5116,Juniper Green Sigma Pvt. Ltd.
A5117,Rayma Cargo Handling
A5118,JYOTI INDUSTRIES
A5119,UMIYA FOUNDRY FTUXES AND ATLOYS
A5120,Sakar Granito  India  Private Limited
A5121,VOLETY INTERNATIONAL
A5122,PERFECT ROTO MOULD INDIA
A5123,GBP INDUSTRIES LLP
A5124,SYNERGIA SCIENCES PRIVATE LIMITED
A5125,NEW ROYAL FROZEN FOODS
A5126,THEIS PRECISION STEEL INDIA PRIVATE LIMITED
A5127,Bombaywalla Puranpoli Private Limited
A5128,CONCORD OVERSEAS
A5129,Patson Foods India Private Limited
A5130,AASHIRVAD INTERNATIONAL
A5131,ABHINANDAN METAL INDUSTRIES
A5132,PV Pharma Healthcare Pvt. Ltd.
A5133,KANAKRATNA METAL INDUSTRIES
A5134,INTERCRAFTS INDIA
A5135,Ganesh inductocast llp
A5136,VINAYAK METAL CRAFT LLP
A5137,GRK ALLOYS LLP
A5138,DAYANAND POWER TOOLS
A5139,RATNARAJ FOODS
A5140,ICA PIDILITE PVT LTD
A5141,RUPAREL FOODS PVT LTD
A5142,NIDHI CORPORATION
A5143,MAGNUS OVERSEAS
A5144,SWASTIK TEXTILE ENGINEERS PRIVATE LIMITED
A5145,Mamata Machinery Private Limited
A5146,SRI SRI INTERNATIONAL
A5147,KAISER EXPORTS
A5148,SHREE SAHAJ METAL
A5149,EAGLE FIBRES LIMITED  PIPODARA
A5150,INFINITE INTERNATIONAL
A5151,HKC INTERNATIONAL
A5152,JEEVAN CHEMICALS PVT LTD
A5153,RAJESHWAR RECYCLING CO.
A5154,ASIO HELTCARE PVT LTD.
A5155,DENISH TEXTILES
A5156,NIDHI SYNTHETICS
A5157,J.D. PRODUCTS  INDIA
A5158,SAFAYAR CERAMICS PRIVATE LIMITED
A5159,Techno Industries
A5160,Shree Soaps & Chemical Industries Packing Division
A5161,MONO STEEL  INDIA  LTD
A5162,ASSOCIATED FINECHEM PRIVATE LIMITED
A5163,SACHIN INDUSTRIES LIMITED
A5164,DEEDY CHEMICALS PVT LTD
A5165,shivani network
A5166,BHUWARIA WINDOW DECORATION TRADING & MANUFACTURING
A5167,SATGURU POLYFAB PVT LTD
A5168,Convergence Chemicals Pvt. Ltd.
A5169,BLAZE INTERNATIONAL
A5170,HI-TECH POLYMERS
A5171,LEOPARD VITRIFIED PRIVATE LIMITED
A5172,NISHANT MARKETING
A5173,RIVIL AGRO FOODS PVT LTD
A5174,JAVA INDUSTRIAL
A5175,Dev Packaging
A5176,Aum Impex
A5177,HITEMP POLYMERS PRIVATE LIMITED
A5178,Cupro Recycling Pvt Ltd
A5179,Aviva Equipments Pvt. Ltd.
A5180,WESTERN ALLOY STEELS PVT LTD
A5181,AHMED FOODS
A5182,KALPVRUX CONVERTING PRODUCTS PRIVATE LIMITED
A5183,J.S.CHEMICALS
A5184,SAURASHTRA SPECIALITIES PVT. LTD.
A5185,SOLITAIRE MACHINE TOOLS LIMITED
A5186,RAMDEV FOOD PRODUCTS PRIVATE LIMITED
A5187,GIR ENTERPRISE
A5188,photokina chemicals pvt ltd
A5189,VRN CERAMICS LTD
A5190,VIKRAM THERMO INDIA LIMITED
A5191,CRYSTAL CERAMIC INDUSTRIES PRIVATE LIMITED
A5192,METROCITY TILES PRIVATE LIMITED
A5193,POLYREC PROCESSORS PRIVATE LIMITED
A5194,Shalini Impex
A5195,HANIEL IMPEX LLP
A5196,NEW FAIZAN FOODS
A5197,SIPOC CERAMIC
A5198,BLUEBELL EXIM
A5199,S K COLD STORAGE
A5200,PATEL INDUSTRIES
A5201,KOSTWEIN INDIA CO.PVT.LTD.
A5202,SUDANSH INCORPORATION
A5203,KORE INTERNATIONAL
A5204,NAHTA SEA BRINES
A5205,ZILLION INTERNATIONAL PVT. LTD
A5206,PL INTERNATIONAL
A5207,Vikas Traders
A5208,KALYANI CASHEW
A5209,PAVIT CERAMICS PRIVATE LIMITED
A5210,BLEACH PETROCHEMICALS
A5211,JAY KISHAN ENGINEERING CO.
A5212,ASAHI SONGWON COLORS LTD.
A5213,UTECH FASTEN PVT LTD
A5214,SHREE PARMESHWAR MACHINE TOOLS
A5215,LANCER LASER TECH LTD
A5216,ZONETO TECHNITEX
A5217,BHAILAL TRIKAMLAL AND CO
A5218,ARINA FABRICS
A5219,PRAGATI ENTERPRISES
A5220,SHIV GURU TIMBER
A5221,JIYAJEE SYNTHETICS
A5222,Chemclone Industries
A5223,SHREE ARIHANT TRADE LINKS INDIA PVT LTD
A5224,SHIVAM ENTERPRISE
A5225,KHUSHI CREATION
A5226,KAILASH CHEMICALS
A5227,JANAK PERFUMERS
A5228,Gajanan Trades
A5229,SURAJ IMPEX
A5230,KESAR CRAFT PACKAGING PVT LTD
A5231,SHREE VALLABH ENTERPRISE
A5232,AMW AUTO COMPONENT LTD
A5233,CALDEN Exim
A5234,STAR SHINE CLOTHING PVT LTD
A5235,SHREE SALASAR TOOLS
A5236,H.S. IMPEX
A5237,ADANI TEXTILE INDUSTRIES
A5238,HALDYN GLASS LIMITED
A5239,ARBUDA TRADERS
A5240,PLASTMACH GLOBAL
A5241,HEMSTAR FILAMENTS LLP
A5242,NATIONAL INDUSTRIES.
A5243,CERA SANITARYWARE LIMITED
A5244,SUVIN ENTERPRISE
A5245,M.PANKAJ
A5246,"20 MICRONS NANO MINERALS LIMITED"
A5247,HINDUSTAN ALLUMINIUM
A5248,Dishman Carbogen Amcis Limited
A5249,KRS POLYFAB
A5250,SHAZ PACKAGING LLP
A5251,NILKANTH CONCAST PVT LTD
A5252,CAMROLA QUARTZ LIMITED
A5253,SOBER CERAMICS
A5254,BANASKANTHA DIST. CO-OP. MILK PRODUCERS UNION LTD.
A5255,SHIV SHAKTI EXPORT
A5256,WORLDWIDE SAFETY PRIVATE LIMITED
A5257,Shakti Foods
A5258,DIVYA CORPORATION
A5259,DEUTSCHE LABS INC
A5260,VIDRES INDIA CERAMICS PVT LTD
A5261,CHIRAG ENTERPRISE
A5262,SWASTIK TIMBERS
A5263,GOLDI GREEN TECHNLOGIES PVT. LTD
A5264,SHREERAJ CORPORATION
A5265,NISHANT CERA IMPEX
A5266,YAMUNA METACHEM
A5267,International Traders.
A5268,JAGTAT WOOD PACKSAFE
A5269,KALPATARU PAPERS LLP
A5270,Jyot Exports
A5271,K.P. WOVEN PRIVATE LIMITED
A5272,PHOENIX COMPONENTS INC
A5273,SAMEER INDUSTRIES
A5274,VISION IMPEX
A5275,ADINATH ENTERPRISES.
A5276,TIRUPATI CHEMICALS AND SPECIALITIES
A5277,SCHMETZ INDIA PVT LTD
A5278,SUVJAY INDUSTRIES INDIA LLP
A5279,FORTUNE POLYTECH PVT LTD
A5280,Absolute Machine Technologies
A5281,DB CORP LTD
A5282,RAVI TECHNOFORGE PVT. LTD.
A5283,SITARAM EXIM
A5284,MANGLAM PAPER PRIVATE LIMITED
A5285,NEXTENG ENVIRO PVT LTD
A5286,LUCKY PLY & LAMINATES
A5287,ZENTIVA PRIVATE LIMITED
A5288,MADHU GLASSTEX PRIVATE LIMITED
A5289,RAJABALI MAMADBHAI
A5290,RUDRA INDUSTRIES
A5291,VAIBHAVLAXMI CORPORATION
A5292,DASHMESH RUBBER INDUSTRIES PVT LTD
A5293,HARSHA TEXTILES
A5294,SAJEELEE CREATION PVT.LTD
A5295,SHREEJI POLYTEK
A5296,ITALIK METALWARE PVT LTD
A5297,V S MUSICALS
A5298,KANA METAL CORPORATION
A5299,MANOJ TRADING COMPANY
A5300,ADITYA AGRITECH COMPANY
A5301,ABELLON CLEANENERGY LTD.
A5302,RADHE SHYAM MINERALS
A5303,PARTH TRADING CO
A5304,Venus Pipes and Tubes Pvt Ltd
A5305,CHEMCON SPECIALITY CHEMICALS PVT. LTD.
A5306,ASIA OTR TIRE CO
A5307,SHREE BHAGWATI ENTERPRISE
A5308,FLOCK CREATION PVT LTD
A5309,RUPAM OVERSEAS
A5310,WEARRESIST TECHNOLOGIES PVT LTD
A5311,EY TUBES INDIA
A5312,PARSHWA LAM & CORE IND.
A5313,ARCATA TRADE LINKS PVT LTD.
A5314,SUNFLEX RECYCLING PVT LTD
A5315,Cheross Impex
A5316,SURESH TIMBER CO
A5317,UNICO TILES PRIVATE LIMITED
A5318,SHREE LAXMI TRADING CO
A5319,SUNIL METAL CORPORATION
A5320,ANTANIA CERAMICA
A5321,RUDRAKSH TERMINAL LLP
A5322,Reema Trading
A5323,FAITH LUMBER PRIVATE LIMITED
A5324,ATCO ATMOSPHERIC & SPECIALITY GASES PVT LTD
A5325,NAKODA IMPEX.
A5326,OM EXPORT CO.
A5327,SHRI GANESH TIMBER
A5328,SOLAR CLEAN ENERGY
A5329,AnZ Spices Private Limited
A5330,RKP TRADING COMPANY PRIVATE LIMITED
A5331,RASHTRIYA METAL INDUSTRIES LTD
A5332,GHANSHYAM METAL UDYOG
A5333,IMPERARE ALLOYS PVT. LTD.
A5334,ZYDUS HOSPIRA ONCOLOGY PRIVATE LIMITED
A5335,MAHESH METALLOYS PRIVATE LIMITED
A5336,WELLHEAD EQUIPMENT ENGINEERS PVT. LTD.
A5337,MEPANI INDUSTRIES
A5338,RSA BIZCORP
A5339,LIVENZA GRANITO LLP
A5340,ROSHANI ALLOYS
A5341,VINAYAK CHANNEL MFGS PVT.LTD
A5342,KIMS IMPEX PVT LTD
A5343,SAHAJ METAL
A5344,SHIVAM EXIM
A5345,AYUSH TEXLENE LIMITED.
A5346,KRISHNA TIMBERS CO.
A5347,Abhay Indction Tech Pvt Ltd
A5348,PRIME PANELS
A5349,TIRTH CORPORATION
A5350,CRUSO GRANITO PRIVATE LIMITED
A5351,SUNRISE INTERNATIONALS
A5352,Aether Industries Limited
A5353,VISION
A5354,GANESH IMPEX
A5355,P.RAKESH INDUSTRIES
A5356,SILICON PRODUCTS  P.  ASSOCIATES
A5357,MANOHAR INTERNATIONAL
A5358,INDUSTRIAL BAG PACKAGING
A5359,AASTHA NANOCHEM PVT. LTD.
A5360,Bectochem Loedige Process technology Pvt Ltd
A5361,Druk Exporting Company
A5362,KOTHARI METALS LTD
A5363,SHUBHAM ENTERPRISE.
A5364,PASHKA STAINLESS LLP
A5365,KNACK TECHNOPACK
A5366,SALONI FOREST PRODUCTS PVT.LTD.
A5367,New Century Filaments Pvt Ltd
A5368,SATVA IMPEX
A5369,MADHAV METAL WORK
A5370,ALLMET WASTE AND SCRAP RECYCLING PRIVATE LIMITED
A5371,WELSPUN SPECIALTY SOLUTIONS LTD
A5372,AMBAR EXPORTS
A5373,ROLEX RINGS PRIVATE LIMITED
A5374,PAPER BAG MANUFACTURING COMPANY
A5375,H.M.PATEL & CO
A5376,Pursuit Industries Pvt Ltd
A5377,H J POLYMERS
A5378,MANSI PLASTICS
A5379,NM ENTERPRISES
A5380,ACECON VITRIFIED PRIVATE LIMITED
A5381,Aditi Cera Minerals
A5382,M. S. SYNTHETICS
A5383,HAQ STEEL METALINKS
A5384,ARYAN PETROCHEMICALS PVT LTD
A5385,PALMON EXPORTS KASEZ
A5386,MARUTI FROZEN FOODS
A5387,NILESH RAMESHBHAI ARIYA
A5388,MANGAL TEXTILE MILLS  INDIA  PVT.LTD.
A5389,EMPERIAL FILMS LLP
A5390,VIJAY TANKS & VESSELS  P  LTD
A5391,BERYL IMPEX PRIVATE LIMITED
A5392,KAVYA MONOFIL
A5393,GREEN IMPEX
A5394,SHREEJI POLYMIX INDUSTRIES
A5395,DEEPKIRAN FOODS PRIVATE LIMITED
A5396,IMPRESS ENGINEERS
A5397,RAAJRATNA METAL INDUSTRIES LIMITED
A5398,HEMANG INTERNATIONAL
A5399,MULTICHEM COLORANTS PRIVATE LIMITED
A5400,GENUS ELECTROTECH LTD
A5401,RISHABH COLOURS PRIVATE LIMITED
A5402,RONKASH INTERNATIONAL
A5403,Valenza Ceramic LLP
A5404,DHS INTERNATIONAL
A5405,AMBAR FROZEN FOODS
A5406,AAGAAZ WORLDTRADE PVT LTD
A5407,HALAL EXPORTS
A5408,GURAVE TRADE LLP
A5409,FOSROC CHEMICALS  INDIA  PRIVATE LIMITED
A5410,SHREENA METAL & FERRO ALLOYS
A5411,SS TRADE INC.
A5412,MAMTA POLYCOATS
A5413,EMPIRE INDUSTRIES
A5414,Gurukrupa Polymer
A5415,Oswal Castings Private Limited
A5416,TANGERINE DESIGN PVT LTD
A5417,BILT GRAPHIC PAPER PRODUCTS LIMITED
A5418,ADVANCED TECHNOCRACY INC
A5419,SHIVALIK PRINTS LIMITED
A5420,VEEGEE INDUSTRIAL ENTERPRISE PVT LTD
A5421,Riviera Home Furnishings Pvt. Ltd.
A5422,INFO CAPITAL LOGISTICS CO
A5423,SHAHI EXPORTS PRIVATE LIMITED
A5424,Kanematsu India Pvt. Ltd.
A5425,PROTECH BIOSYSTEMS PVT LTD
A5426,SRF LIMITED
A5427,MAP TRADERS
A5428,Intech Organics Limited
A5429,JCB INDIA LIMITED
A5430,GRM OVERSEAS LIMITED
A5431,Firesafety Devices Pvt. Ltd.
A5432,Gupta Exim ( India ) Pvt Ltd.
A5433,TECHNO KITCHENEWARE PRIVATE LIMITED
A5434,INDO RAMA SYNTHETICS  I  LTD
A5435,KEVENTER AGRO LIMITED
A5436,VAMAN RUGS
A5437,DUNAR FOODS LIMITED
A5438,SHREE GIRNAR TEXTILES
A5439,REX CONSOLIDATED
A5440,SUNSTAR OVERSEAS LTD
A5441,SHIV SHAKTI INTERNATIONAL
A5442,DHRUV GLOBALS LTD
A5443,ORIENT HOMETEX
A5444,Nippon Konpo India Pvt. Ltd.
A5445,SHREE KRISHNA SCIENTIFICS
A5446,Frigoglass India Private Limited
A5447,MAURIA UDYOG LIMITED
A5448,OLAM AGRO INDIA PRIVATE lIMITED
A5449,AMPERSAND DESIGN PRIVATE LTD
A5450,MDG FOOTWEAR PRIVATE LIMITED
A5451,Reed and Pick
A5452,Hindustan Gum & Chemicals Ltd
A5453,IRLE KAY JAY ROLLS PRIVATE LIMITED
A5454,ALLROUND  INDIA  VEGETABLE PROCESSING MACHINES PVT
A5455,JINDAL SPINNING MILLS LTD
A5456,ADARSH FABS
A5457,JAY PEE KNIT FAB
A5458,HAYDA NATURAL STONE INDIA
A5459,MARUICHI KUMA STEEL TUBE PVT. LTD.
A5460,NARESH IMPEX
A5461,VARDHMAN INTERNATIONAL
A5462,HIEMENS BOTTLING MACHINE
A5463,The Shivalika Rugs
A5464,V G OVERSEAS
A5465,Kansal Udyog
A5466,WEAVETEX EXPORTS
A5467,THE SLATE AND SANDSTONE CO
A5468,STAR EXPORTS
A5469,GARG RICE MILLS
A5470,SVAM PACKAGING INDUSTRIES PRIVATE LIMITED
A5471,GUPTA METAL SHEETS LIMITED
A5472,PERFETTI VAN MELLE INDIA PRIVATE LIMITED
A5473,Fair Exports
A5474,JAINSONS WOVEN ART
A5475,ROYAL STAR AGROTECH PVT LTD
A5476,MEHTA STONE EXPORT HOUSE
A5477,ANAND MOTOR PRODUCTS PRIVATE LIMITED
A5478,HARYANA LEATHER CHEMICALS LIMITED
A5479,KIWI ENTERPRISES PVT. LTD.
A5480,GLASSCO LABORATORY EQUIPMENTS PVT. LTD.
A5481,KNOTS INTERNATIONAL
A5482,BEST FOODS LIMITED
A5483,MPG STONE PRIVATE LIMITED
A5484,SPL INDUSTRIES LTD
A5485,DHINGRA EXPORTS
A5486,PAN OVERSEAS
A5487,SIDHARTHA OVERSEAS
A5488,DEVGIRI EXPORTS
A5489,INDO ARAB GRAIN SUPPLIERS
A5490,PCL FOODS PVT. LTD.
A5491,DSM SINOCHEM PHARMACEUTICALS INDIA PVT LTD.
A5492,MERINO PANEL PRODUCTS LIMITED
A5493,SHARAD EXPORTS
A5494,PRATIGYA ENTERPRISES PRIVATE LIMITED
A5495,SAVA INTERNATIONAL PRIVATE LIMITED
A5496,MEDIPLUS INDIA LIMITED
A5497,JK METAL INDUSTRIES
A5498,SHREE KRISHNA RICE MILLS
A5499,FIELDFRESH FOODS PRIVATE LIMITED
A5500,PARAMOUNT IMPEX PVT. LTD.
A5501,HANDFAB A LIVING
A5502,DIAMOND RENEWABLE SOLUTIONS PRIVATE LIMITED
A5503,NOBLE ALCHEM PVT. LTD.
A5504,EMMFORCE INC
A5505,JAVI HOME PRIVATE LIMITED
A5506,Asian Colour Coated Ispat Limited
A5507,AXIS INTERNATIONAL
A5508,THE MALT COMPANY INDIA PRIVATE LIMITED
A5509,D.D.INTERNATIONAL INC.
A5510,BHARAT CEREALS PRIVATE LIMITED
A5511,M M IMPEX
A5512,VEER VARDHMAN TEXTILES
A5513,SUPERON SCHWEISSTECHNIK INDIA LTD
A5514,LASANY INTERNATIONAL
A5515,DEE DEVELOPMENT ENGINEERS LIMITED
A5516,RAMSONS ORGANICS LTD
A5517,JAI BHARAT RICE MILLS
A5518,SIDH MASTERBATCHES PRIVATE LIMITED
A5519,SAS EXPORTS
A5520,BHARAT ENTERPRISES
A5521,KAARAV INTERNATIONAL
A5522,Silverline chemicals
A5523,VARDHMAN CREATIONS PVT LTD
A5524,HARIOM EXPORT
A5525,Veer Overseas Ltd
A5526,MAHARISHI HERBAL COSMETICS PRIVATE LIMITED
A5527,Krishna International
A5528,APOLLO TYRES LTD
A5529,FLSMIDTH PRIVATE LIMITED
A5530,ASPEN ONLINE PVT LTD
A5531,Effective laboratory Supplies
A5532,STORK RUBBER PRODUCTS PVT LTD
A5533,RELIANT PACKAGING FILMS PVT LTD
A5534,Indo Laminates Pvt Limited
A5535,INNOV ENGINEERING PRIVATE LIMITED
A5536,Om SAI TEXTILES
A5537,GOODYEAR INDIA LIMITED
A5538,HARSORIA HEALTHCARE PVT LTD
A5539,WEAVERS INDIA
A5540,CARGILL INDIA PRIVATE LIMITED
A5541,NM FOODIMPEX PVT. LTD
A5542,G.V. GOD VISHNU RICE UNIT
A5543,Ten on Ten Rubtech Pvt Ltd
A5544,S J RUBBER INDUSTRIES LTD
A5545,RIZANA GLOBAL PRIVATE LIMITED
A5546,AL Movers Pvt Ltd
A5547,AMBEY SPINNING MILLS
A5548,UNICHARM INDIA PVT LTD
A5549,CENTURY NF CASTING
A5550,TONI INDUSTRIES PVT.LTD.
A5551,SANTOSH WOOLLENS PVT LTD
A5552,Nitto Denko India Pvtt. Ltd.
A5553,ASL Recycling Co.
A5554,Gupta International
A5555,INOX WORLD INDUSTRIES PVT. LT
A5556,SANJAY MEHTA
A5557,PARAMOUNT IRON & STEEL WORKS PVT LTD
A5558,AA INTERNATIONAL
A5559,Stalwart Alloys India Private Limited
A5560,BKRS PHARMA PRIVATE LIMITED
A5561,Goodrich Carbohydrates Limited
A5562,GEOBRUGG INDIA PVT LTD
A5563,Avtar Steel Ltd
A5564,Avitech Nutrition Pvt. Ltd.
A5565,SHREE LAKSHMI ENGINEERING & WOOLLEN INDUSTIES
A5566,AVEE INDUSTRIES
A5567,JASCH PLASTICS INDIA LIMITED
A5568,Ultimate Industries Limited
A5569,THE  HOME TRENDS
A5570,TRISHUL EXOTIC PVT. LTD
A5571,ADITYA INTERNATIONAL
A5572,Meh India Overseas Pvt Ltd.
A5573,LC INTERNATIONAL
A5574,E R AUTOMOTIVES LIMITED
A5575,Applied Felts India Private Limited
A5576,Guetermann India Pvt Ltd
A5577,SAWAN MAL AMIR CHAND
A5578,VRINDA INTERNATIONAL
A5579,A CLASS FASTENERS
A5580,KRISHNA TRADERS
A5581,TIRUPATI BASMATI EXPORTS PRIVATELIMITED
A5582,VARDHMAN SALES AGENCY
A5583,HIMSAGAR FIBRES
A5584,cosmo zincox industries
A5585,BRAWN BIOTECH LIMITED
A5586,CHAWLA TEXTILES
A5587,ESTER INDUSTRIES LIMITED
A5588,Ess Pee Exports
A5589,WELCOME FOOTWEARS
A5590,INDIAN CORK INDUSTRIES
A5591,Crystal Caps
A5592,JINDAL COTSPIN PVT LTD
A5593,VASUNDHARA IMPEX
A5594,NATURE PEARLS PVT. LTD.
A5595,ANKUR EXPORTS.
A5596,GROW MAX INDIA PVT LTD
A5597,MM Aqua Technologies Lltd.
A5598,TEMPESTA LUXURY PRODUCTS PRIVATE LIMITED
A5599,BHARTI OIL AND FIBRE MILLS
A5600,ANMOL TRADING
A5601,DISPOSAFE HEALTH AND LIFE CARE LIMITED
A5602,NARENDRA FLEXIPACK CO. PVT LTD
A5603,GEM INTERNATIONAL
A5604,DANBLOCK BRAKES INDIA PRIVATE LIMITED
A5605,SKYPACK INDIA PVT. LTD.
A5606,NARMADA POLYMERS
A5607,EAST AFRICAN INDIA OVERSEAS
A5608,GREEN VILLAGE AGROS PRIVATE LIMITED
A5609,AMPLE AUTO TECH PRIVATE LIMITED
A5610,Charanjeet Engg. Works
A5611,FASHION ACCESSORIES
A5612,AKS RUGS CO
A5613,MARU FIBRE TECH PVT LTD
A5614,DISHA PLASTICS
A5615,GLOBE CAPACITORS LIMITED
A5616,IAN MACLEOD DISTILLERS INDIA PVT LTD
A5617,RHYTHM POLYMERS PVT LTD
A5618,ELITE CHEMICALS
A5619,Handtex
A5620,YKK INDIA PRIVATE LIMITED
A5621,YORKER ENGINEERING PVT LTD
A5622,GKN INTERNATIONAL
A5623,OM METAL INFRAPROJECTS LIMITED
A5624,LANYA CHEMICAL INDIA  PVT. LTD.
A5625,COLENCE INTERNATIONAL PRIVATE LIMITED
A5626,Landmark Apartments Pvt.Ltd.
A5627,K.K.INDUSTRIES
A5628,NEEL METAL PRODUCTS LIMITED
A5629,ACTION CONSTRUCTION EQUIPMENT LTD.
A5630,PANTEX INDIA
A5631,Y S OVERSEAS
A5632,NAVEEN JAIN METAL UDYOG
A5633,ADO INDIA PRIVATE LIMITED
A5634,RIBBEL INTERNATIONAL LTD
A5635,INNOVATIVE METAL RECYCLING PVT.LTD
A5636,GEA Westfalia Separator India Pvt. Ltd.
A5637,LUCKY MACHINES PVT. LTD.
A5638,IMPERIL AUTO INDUSTRIES LTD.
A5639,VIMLESH INDUSTRIES PVT. LTD.
A5640,North India Compressors
A5641,COAST TO COAST DESIGNS PVT LTD
A5642,SHREE SYNTHETICS
A5643,PANIPAT WOOLLEN YARN CENTRE
A5644,Ultra Wiring Connectivity System Ltd
A5645,TIRUPATI MARKETING
A5646,INABATA INDIA PVT LTD
A5647,AEROKRAFT OVERSEAS BUSINESS
A5648,XO FOOTWEAR PVT. LTD.
A5649,MV ELECTROSYSTEMS PVT LTD
A5650,Bansal Engineers  Grain Milling  Private Limited
A5651,Skipperseil ltd
A5652,CHANANA UDYOG
A5653,PRECISION TECH ENTERPRISES
A5654,RELIC FOOTWEAR
A5655,APPLETREE BUILDING MAINTENANCE PVT LTD
A5656,Orion Conmerx Pvt. Ltd.
A5657,ECOCAT INDIA PVT. LTD.
A5658,RELX INDIA PVT LTD
A5659,SANKEI PRAGATI INDIA PRIVATE LIMITED
A5660,RESHMA FOOTWEARS PVT. LTD.
A5661,SAURAV CHEMICALS LIMITED
A5662,DREAM HOME CARPETS PRIVATE LIMITED
A5663,PEERLESS CASHEW CHEMICALS
A5664,Mansui TRading Pvt Ltd
A5665,GALLANT SPORTS & INFRA PVT.LTD
A5666,Sanden Vikas  India  Pvt Ltd
A5667,SHRI GANESH AGRO FOODS
A5668,D.P. HANDLOOM
A5669,Autotronics Industries Pvt. Ltd.
A5670,SHREE BALAJI CHEMICALS
A5671,POWERGRID CORPORATION OF INDIA LIMITED
A5672,VIRAJ VENNER
A5673,INDOCAN HONEY PVT.LTD.
A5674,MI TORICA INDIA PRIVATE LIMITED
A5675,ASHOKA TESSILES
A5676,Advanced Silicones Pvt Ltd
A5677,SWAN INTERNATIONAL
A5678,MAHARANI INNOVATIVE PAINTS PVT. LTD
A5679,AMBALA BELTING HOUSE
A5680,PRIME INDIA POLYMIX PVT.LTD.
A5681,SRI BHAWANI HANDLOOM
A5682,GABA OVERSEAS PVT LTD
A5683,RAVI METALS
A5684,RUBICON EXIM PRIVATE LIMITED
A5685,ESCORTS LIMITED
A5686,SATO AUTO-ID INDIA PRIVATE LIMITED
A5687,HINDUSTAN SYRINGES AND MEDICAL DEVICES LTD.
A5688,Whitefields Overseas Limited
A5689,EBRO INDIA PRIVATE LIMITED
A5690,INDO BRITISH GARMENTS PRIVATE LIMITED
A5691,CG MINERALS LIMITED
A5692,HANSRAJ SCIENTIFIC METAL WORKS
A5693,MITTAL INTERNATIONAL.
A5694,KAR MARKETING CO.
A5695,PAPER MART TRADING CO.
A5696,SANDHAR TECHNOLOGIES LTD
A5697,H.S. MARKETING COMPANY
A5698,KALYAN TRAYS
A5699,RAVI INTERNATIONAL
A5700,Nestle India Limited
A5701,THOMSON PRESS INDIA LTD
A5702,RV COMTRADE
A5703,AGRO COOL INDIA LTD
A5704,KOBELCO COMPRESSORS INDIA PRIVATE LIMITED
A5705,JONSON RUBBER INDUSTRIES LTD
A5706,GLOBAL FASHION INDIA
A5707,SUNBEAM AUTO PVT LTD
A5708,SHUBHAM JAIN HUF
A5709,RIBA TEXTILES LIMITED
A5710,R V S FABRICATORS PVT LTD
A5711,KUMAR FOOTCARE INC
A5712,LABORATE PHARMACEUTICAL INDIA LIMITED
A5713,OFFICENOW INDIA PVT LTD
A5714,PACIFIC TECHNOPRODUCTS INDIA PVT LTD
A5715,PEERLESS INTERNATIONAL
A5716,Victora Auto Pvt. Ltd
A5717,S.G OVERSEAS
A5718,ARORA ENTERPRISES
A5719,EASTERN BEARINGS PVT. LTD.
A5720,TREK BICYCLE INDIA PRIVATE LIMITED
A5721,SUNRISE OVERSEAS
A5722,BEUMER INDIA PRIVATE LIMITED
A5723,ARIHANT INDUSTRIES
A5724,FS INTERNATIONAL
A5725,BIKANERVALA FOODS PVT LTD
A5726,MARATHON ELECTRIC INDIA PRIVATE LIMITED
A5727,ZENAT SLIMMING G SYSTEMS
A5728,YOKOHAMA INDIA PVT. LTD.
A5729,Dor Tech doors india Pvt Ltd
A5730,TOKYO ZAIRYO INDIA PVT.LTD.
A5731,SHREE SUBHAM VENEERS PVT LTD
A5732,STERLING GRAPHICS PVT LTD
A5733,TIRUPATI TEXTILE
A5734,GARG GARMENTS & CLOTH MERCHANT
A5735,Super Seeds Pvt Ltd
A5736,AA ENTERPRISES
A5737,GENNEW TECHNOLOGY PRIVATE LIMITED
A5738,CMR NIKKEI INDIA PVT LTD
A5739,TODAY FOOTWEAR PVT. LTD.
A5740,Golden Rolls Private Limited
A5741,Elite Air Techniques Pvt. Ltd
A5742,KOSHIKA PLYWOOD PVT LTD
A5743,EURONICS INDUSTRIES PVT. LTD.
A5744,MOHAN OVERSEAS
A5745,POOJA FORGE LIMITED
A5746,BODY DRENCH INDIA PVT. LTD.
A5747,sachdeva fabric world pvt. Ltd.
A5748,KAPILA INDUSTRIES
A5749,COIM INDIA PVT LTD
A5750,NIRAJ INDUSTRIES PVT LTD
A5751,SUKRITI DOORS AND HARDWARE PVT LTD
A5752,SRI BALAJI OVERSEAS
A5753,BHARAT GLUCOSE PVT. LTD.
A5754,VICTOR AGENCIES
A5755,GANPATI WOOD PRODUCTS
A5756,EDGETECH AIR SYSTEMS PVT LTD
A5757,CMI LIMITED
A5758,Maruti Paper India Company
A5759,SHREE BALAJI ALUMNICAST PVT LTD
A5760,STUMPP SCHUELE AND SOMAPPA SPRINGS PVT LTD
A5761,BRB SPINNERS PVT LTD
A5762,SILVERCORD HOME FURNISHING PVT LTD
A5763,STALWART OVERSEAS
A5764,Suminoe Teijin Techno Krishna India Pvt. Ltd.
A5765,SHARMAN UDYOG PVT. LTD.
A5766,INNOVATIVE GROUP
A5767,FACKELMANN INDIA KITCHENWARE PVT.LTD.
A5768,SHREE KESHAV AGRO PVT LTD
A5769,Shiraishi Calcium India Pvt. Ltd.
A5770,AARYAN ENTERPRISES
A5771,OSAW AGRO INDUSTRIES PVT LTD
A5772,GANPATI TEXTILE
A5773,Luster Automotive Pvt. Ltd
A5774,MOORTI INVESTMENTS LTD
A5775,S S Metals
A5776,ASHNOOR TEXTILE MILLS LTD
A5777,SSF POLYMERS LTD
A5778,ANKUR EXPORT INDIA
A5779,NAUGRA EXPORT
A5780,ASSOCIATED ELECTROCHEMICALS PRIVATE LIMITED
A5781,VINYL PRODUCTS
A5782,ESSKAY BEAUTY RESOURCES P LTD
A5783,STAR RICE LAND PVT. LTD.
A5784,FJM CYLINDER
A5785,R T OVERSEAS
A5786,K.S.PIPE FITTINGS PVT.LTD.
A5787,PRICON ENGINEERING SERVICES
A5788,Tipple Vault
A5789,ATC PRECISION COMPONENTS PVT LTD
A5790,MADHAV TRADING COMPANY
A5791,MITSA INTERNATIONAL
A5792,BERI UDYOG PRIVATE LIMITED
A5793,BHARAT INDUSTRIAL ENTERPRISES  LTD.
A5794,Talbros Marugo Rubber Pvt Ltd
A5795,G S EXPORTS.
A5796,Mittal Chemical
A5797,CAPITAL SALES
A5798,RAMS ODHNA BICHONA PVT LTD
A5799,Veer Electrometals
A5800,GMT INDUSTRIES LIMITED
A5801,Mittal Trading Corporation
A5802,REGIONAL CENTRE FOR BIOTECHNOLOGY
A5803,DANGUS RM INDIA CO.
A5804,SUNRISE IMPEX
A5805,dharmesh textiles ltd
A5806,METAFIL
A5807,STARK INDUSTRIES.
A5808,SHREE JAI LAL EXPORTS
A5809,SNB ENGINEERING PVT LTD.
A5810,UNIVERSAL KNITWEARS
A5811,AVLIGHT AUTOMOTIVES PVT LTD
A5812,Becton Dickinson India Pvt Ltd
A5813,S.A.N. International  A Division of S.G.M.P.L.
A5814,MICROSOFT NONWOVENS
A5815,LEPRO HERBALS PVT.LTD.
A5816,GURU KIRPA TEXTILES
A5817,Shri Bee Cee International
A5818,ANTHEM HEALTHCARE
A5819,SUN YARNS
A5820,ADSUN TELECOM INDUSTRIES PRIVATE LIMITED
A5821,PRESTAMP ELECTROBLECH LLP
A5822,DAZZLE OVERSEAS
A5823,Taikisha Engineering India Pvt. Ltd.
A5824,SURAJ WOOD PRODUCTS PVT. LTD.
A5825,ROTOFFSET CORPORATION
A5826,KNJ LOGISTICS P.V.T LTD
A5827,MCCOY SOUDAL SEALANTS ADHESIVES & FOAMS PVT. LTD.
A5828,ORCHID
A5829,SHINE STAR POLYMER
A5830,NAMO ALLOYS PVT LTD
A5831,STAR WIRE INDIA LTD
A5832,EXQUISITE ENTERPRISES PVT. LTD
A5833,A S SHOE ACCESSORIES PVT LTD
A5834,Madras Polychem
A5835,ULTRACON INFRACHEM PRIVATE LIMITED
A5836,Jagan Lamps Limited
A5837,EUROPER PERFUMES INDIA PVT LTD
A5838,hawon hospitality and trading Pvt Ltd
A5839,MANOCHA POLYMERS LIMITED
A5840,TDT COPPER LIMITED
A5841,KHUSBHU INTERNATIONAL
A5842,RAM GOPAL & SONS
A5843,VAMANI OVERSEAS PVT. LTD
A5844,JANKIDASS RICE MILLS
A5845,SARASWATI RICE & GENERAL MILLS
A5846,OMEGA VENEERS
A5847,R.K. ENTERPRISES.
A5848,RADIMAGE TECHNOLOGIES PVT LTD
A5849,MEHR LINENS
A5850,S AND G ENGINEERS PRIVATE LTD
A5851,NOBLE ENTERPRISES
A5852,UNIVERSAL PRECISION SCREWS
A5853,EXCEL ABRASIVES PVT LTD
A5854,KAAVA AIR INNOVATION PRIVATE LIMITED
A5855,LORD SHIVA WOOLLEN MILLS
A5856,JAGE RAM OMVIR
A5857,P.A.R.K. NON-WOVEN PRIVATE LIMITED
A5858,SHIVAAY METAL
A5859,JAI SHREE INDUSTRIES
A5860,ARITRON SERVICES PVT. LTD.
A5861,FRESH FOOD AGRO INDIUSTRIES
A5862,ELEGANT TEXTILES PVT. LTD.
A5863,ARUNODYA FEEDS PVT LTD
A5864,ARB BEARINGS LIMITED
A5865,MAHOU INDIA PRIVATE LIMITED
A5866,B .P CHEMICALS
A5867,JOYSON ANAND ABHISHEK SAFETY SYSTEMS PVT LTD
A5868,HOME TRENDS
A5869,JUPITER LAMINATORS PVT LTD
A5870,SARASWATI PLYWOOD INDUSTRIES
A5871,Consolidated Coin Company Pvt.Ltd.
A5872,Paramount Powders Pvt. Ltd.
A5873,SIKRI FARMS
A5874,PLATINUM TEXTILE WORLD
A5875,ARHAM ALLOYS & STEEL PVT LTD
A5876,AURAINE BOTANICALS PVT LTD
A5877,Enormous Industrial Trade Pvt. Ltd
A5878,ESS KAY FABRICATION
A5879,SHIVALIK RECLAMATIONS PVT LTD
A5880,LIBERTY INDIA
A5881,FLOCK FBAS INDIA
A5882,Innovative Enterprises
A5883,RADHEY RADHEY YARNS PVT LTD
A5884,MANOHAR FILAMENTS PVT LTD
A5885,KUKA ROBOTICS India Private Limited
A5886,LAVITH TRADING CO.
A5887,DURGA AGROEQUIP  P  LTD
A5888,JYOTI STRIPS PRIVATE LIMITED
A5889,TODAYS DIARIES INDIA PVT LTD
A5890,PRIME LEATHER INDUSTRIES
A5891,Central Park Infrastructure Development Private lt
A5892,SAI AAINA FARMS PRIVATE LIMITED
A5893,paramount intercontinental pvt ltd.
A5894,SOLTEC
A5895,KABEER INDUSTRIES
A5896,K W Engineering & SIgns Pvt Ltd
A5897,G INDIAN WEAVERS
A5898,SPECIAL STEEL COMPONENTS CORP
A5899,SWASTIK MOTORS INDIA PVT. LTD.
A5900,Federal mogul Goetze  India  Ltd.
A5901,VISHAL METAL INDUSTRIES
A5902,WORLDFA EXPORTS PVT LTD
A5903,Sona BLW Precision Forgings Limited
A5904,MM AUTO INDUSTRIES LIMITED
A5905,AKSHAY ALUMINIUM ALLOYS LLP
A5906,D&M Cables Pvt. Ltd.
A5907,Pharmaffiliates Analytics & Synthetics  P  Ltd.
A5908,SEERAT FIBERS
A5909,AMAR NATH & SONS
A5910,SUPREME PACKERS
A5911,AMBEY OVERSEAS
A5912,BHATI HEALTHCARE  OPC  PRIVATE LIMITED
A5913,FANTABULOUS TOWN DEVELOPERS PVT LTD
A5914,NIPA INTERNATIONAL PVT LTD
A5915,PARAS STEEL INDUSTRIES
A5916,JAY BHARAT MARUTI LIMITED
A5917,POLARIS INDIA PVT. LTD.
A5918,AVZA Move Private Limited
A5919,Shiroki Technico india Pvt ltd
A5920,SWASTIK ARMAAN STEELS PVT LTD
A5921,Roshan Industries
A5922,FLOVEL ENERGY PVT LTD
A5923,DAOMING REFLECTIVE MATERIAL INDIA PRIVATE LIMITED
A5924,VEFA ILAC LLP
A5925,NHK Spring india Ltd.
A5926,SKYLARK EQUIPMENT
A5927,EUROKON GLOBAL EXPORTS PVT. LTD
A5928,HEIGHT BUILDCON PVT LTD
A5929,Sri Kripa Stones & Granites Pvt Ltd
A5930,KYNDAL INDIA PRIVATE LIMITED
A5931,KUNVAR OVERSEAS
A5932,ACSEN HYVEG PRIVATE LIMITED
A5933,DHINGRA EXPORTS.
A5934,MODERN LAMINATORS PVT LTD
A5935,HANKOOK TIRES INDIA LLP
A5936,GARG INTERNATIONAL
A5937,LEXUS DECOR
A5938,EMINENT TRIO
A5939,SHINEROAD FOODS INDIA PVT. LTD.
A5940,agni carbons
A5941,COLUMBUS PREMIER SHOES PRIVATE LIMITED
A5942,INDUS GREEN OVERSEAS
A5943,WOODVER COATINGS PVT LTD
A5944,FABSOL
A5945,LUXFER UTTAM INDIA PRIVATE LIMITED
A5946,KUNJ BIHARI METALS
A5947,FAB WORLD
A5948,STARTLING GMP CLEAN ROOM PRIVATE LIMITED
A5949,HARDWARE HUB
A5950,WUTONG TELECOMMUNICATIONS INDIA PRIVATE LIMITED
A5951,V.I.P TRADING
A5952,Honda Trading Corporation
A5953,BAJRANG CERAMICS
A5954,Garg Overseas
A5955,rajesh export and import co
A5956,Apex Textiles India
A5957,HSIL LTD
A5958,Premier Chemicals
A5959,AANYA FABRIC
A5960,SUMIT TEXTILE INDUSTRIES
A5961,MULTITEC INDUSTRIES
A5962,KNORR BREMSE INDIA PVT LTD
A5963,PANASONIC INDIA PVT. LTD.
A5964,GOLDEN CHOCOLATES PVT LTD
A5965,BACATI ASIA
A5966,TRIVENI HOME FURNISHING
A5967,WAHE INTERNATIONAL
A5968,PARAMOUNT POLYMERS PRIVATE LIMITED
A5969,AKS POLYCHEM PVT.LTD
A5970,SAGAR ENTERPRISES
A5971,BALLMAN STEEL BALL INDUSTRIES
A5972,DBG TECHNOLOGY PVT LTD
A5973,STERIMED SURGICALS INDIA PVT LTD
A5974,BJK FURNITURE INDIA
A5975,DATT MEDIPRODUCTS PVT.LTD
A5976,YOGI TRADERS
A5977,AUMEX GLOBAL ENERGY LLP
A5978,TEQTURE INDUSTRIES PVT LTD
A5979,PADAM SHREE POLYTUBE
A5980,GREENDOT HEALTH FOODS PVT. LTD.
A5981,Haworth India Pvt Ltd
A5982,MITIL POLYMER PVT. LTD
A5983,PALIHA MACHINERY PVT.LTD
A5984,SPUR TECHNOLOGIES PRIVATE LIMITED
A5985,SAANVI INTERNATIONAL
A5986,AARYAN MIRAI  INDUSTRIES LLP
A5987,CLIMAX OVERSEAS PVT LTD
A5988,The Dreams
A5989,IMV INDIA PVT LTD
A5990,POSH PERSONALCARE LLP
A5991,INDIA TRADING COMPANY
A5992,Mectech Knitfabs Pvt. Ltd.
A5993,SHIVATEX INDUSTRIES LLP
A5994,Anand Emballage Pvt Ltd
A5995,JD OVERSEAS
A5996,LDDN IMPEX
A5997,HIND METAL TRADERS
A5998,Piyush Ploymers
A5999,RS PROCESSORS
A6000,CHOPAL TIMBER CO.
A6001,PANKAJ TRADING COMPANY
A6002,SHANKER WOOLLEN MILLS
A6003,ANIL SPINNERS
A6004,LAKSHMI METALS
A6005,SHRI BALAJI TRADING CO.
A6006,ABBIE IT MART PRIVATE LIMITED
A6007,V M PLYWOOD INDUSTRIES
A6008,RIDGE WOOD CONSTRUCTIONS LTD.
A6009,A K MACHINE TOOLS
A6010,FLANNEL WORLD LLP
A6011,HUDEI METALS PVT LTD
A6012,MAXBROS VENTURES INDIA LIMITED
A6013,RADIANT SALES CORPORATION
A6014,S.S.AUTO INDUSTRIES
A6015,H u international
A6016,SHIVAM FABS
A6017,NEW RISHTA AGRO INDIA LIMITED
A6018,SHANTI OVERSEAS
A6019,GLS FILMS INDUSTRIES PVT LTD
A6020,AVON CONTAINNERS PVT LTD
A6021,Ellecha Global Pvt Ltd
A6022,IMPRESSIVE INTEX PRIVATE LIMITED
A6023,P R COMPONENTS PRIVATE LIMITED
A6024,GROVER AGRO FOOD PVT LTD
A6025,NF METALS CORPN
A6026,Advance Ventilation Pvt. Limited
A6027,SM FRUITS & BEVERAGES PRIVATE LIMITED
A6028,STARWOOD VENEERS PVT. LTD
A6029,Yuhua Electric Appliances India Pvt. Ltd.
A6030,ARTSANA INDIA PVT. LTD.
A6031,RAMA KRISHNA WOOLLEN INDUSTRIES
A6032,MITTAL ENTERPRISES.
A6033,KPC FLEXI TUBES LTD
A6034,MULTI SEAS PVT LTD
A6035,Stoker Concast Pvt Ltd
A6036,WELDFORCE INTERNATIONAL
A6037,BAXTER INDIA PRIVATE LIMITED
A6038,DHARAMA MOBITEL INDUSTRIES PRIVATE LIMITED
A6039,ARS INFRASTEEL PRIVATE LIMITED
A6040,Bohra Rubber Pvt. Ltd.
A6041,BARREL HONE
A6042,KAYZER FLEXIBLES PVT LTD
A6043,VSR ENGINEERS
A6044,BANSAL ADDITIVES
A6045,BARKHA INTERNATIONAL
A6046,MANISH AUTO INDUSTRIES
A6047,A.B.POLYMERS
A6048,BAJAJ MACHINES INDIA  PVT LTD
A6049,NAND KISHORE AND SONS
A6050,Delhi Plywood & Veneers
A6051,MANIDHARI METAL UDYOG
A6052,"4S SYNERGIES PVT LTD"
A6053,Sandeep Intenrational
A6054,KISCO Trading India Pvt Ltd
A6055,AMIT DECORATIVE PLYWOODS PVT LTD
A6056,PEARL METAL CAST
A6057,JAY FE CYLINDERS LIMITED
A6058,ROYAL PLASTOCRAFT PRIVATE LIMITED
A6059,KINGSPAN JINDAL PVT LTD
A6060,TAITECH MACHINE TOOLS
A6061,SYNERGY ADDITIVES
A6062,TEKSHIV SYSTEMS PVT LTD
A6063,carus laboratories pvt. ltd
A6064,SHIV SHAKTI INTER GLOBE EXPORTS PVT LTD
A6065,M S ENTERPRISES
A6066,SKYLARK FEEDS PVT LTD
A6067,RONS TECHNOLOGIES LLP
A6068,A.G. ENGINEERING & TOOLS
A6069,KARMATH KARYASHALA
A6070,JAWALA TRADING CO
A6071,DURATUF GLASS INDUSTRIES PVT. LTD
A6072,RENUKA INC.
A6073,VERAGE INDUSTRIES
A6074,Sanjay Electricals
A6075,BUNDY INDIA LTD.
A6076,IONIC CHEMICALS PRIVATE LIMITED
A6077,MAPLE INDUSTRIES
A6078,Ingress Autoventures  India  Pvt. Ltd.
A6079,AVAYA NEOTEX PVT. LTD.
A6080,AIRAVAT  FFOD PRODUCTS
A6081,ARIHANT TRADING CO
A6082,GANDHI SPRINGS PVT LTD
A6083,PALLAVI COPPER PIPES PVT LTD
A6084,Toc Tech India Pvt Ltd
A6085,PIONEER HYGIENE INDUSTRIES LLP
A6086,JAQUAR AND COMPANY PVT LTD
A6087,Bloom Impex Pvt. Ltd.
A6088,S B PACKAGINGS PRIVATE LIMITED
A6089,BALAJI INTERNATIONAL..
A6090,PMA TRADING CO.
A6091,RSRS AUTO COMPONENTS
A6092,BRIGHT SPINNING MILLS
A6093,SACHDEVA HOME FURNISHING PVT LTD
A6094,Omax Autos Limited
A6095,GANPATI METALS
A6096,jai shree shyam textiles
A6097,COLUMBUS INTERNATIONAL SHOES PRIVATE LIMITED
A6098,EXIGO RECYCLING PRIVATE LIMITED
A6099,SHRI KRISHNA POLYURETHANE INDUSTRIES PVT LTD
A6100,PRECISION STAMPINGS UNIT-II DIV. OF GUPTA MACHINE
A6101,Punch Ratna Fasteners Pvt. Ltd.
A6102,LAXMI ENTERPRISES.
A6103,Glocot Silicone Private Limited
A6104,Astonea Labs Private Limited
A6105,BIZCOM INNOVATIONS PVT LTD
A6106,SANVARU TECHNOLOGY
A6107,LIXIL Window Systems Private Limited
A6108,ASHIMA PAPER PRODUCTS
A6109,ZAVENIR DAUBERT INDIA PRIVATE LIMITED
A6110,AS INTERNATIONAL
A6111,JAI PACKAGING INDUSTRIES
A6112,Victora Automotive Inc
A6113,SWIFT CORPORATION LTD
A6114,FITNUSS 365
A6115,SIGNATUREGLOBAL DEVELOPERS PRIVATE LIMITED
A6116,GAYATRI OVERSEA
A6117,PACKRAFT CONTAINER INDIA PVT LTD
A6118,Elymer International Pvt LTD
A6119,THE HIGH-TECH  GEARS LIMITED
A6120,SHAKUNTLA TRADING CO.
A6121,G AND G POLYMAC PRIVATE LIMTED
A6122,Panipat Texo Fabs Pvt Ltd
A6123,SIDWAL REFRIGEARTION INDUS PVT LTD
A6124,Emactra Machine Industries
A6125,ADVANCED MICRODEVICES PRIVATE LIMITED
A6126,H.P.COTTON TEXTILE MILLS LIMITED
A6127,ATOTECH INDIA PVT LTD
A6128,VISHT AUTO ENGINEERING
A6129,MOGEN BEARINGS INDIA
A6130,WARBLER BREWERIES PVT LTD
A6131,Sumridhi  Aluminium Private Limited
A6132,P.P. ROLLING MILLS MFGING CO. PVT. LTD.
A6133,AROMA AGROTECH PRIVATE LIMITED
A6134,INDIA CIRCUIRTS LTD
A6135,MODINDIA EXIM PRIVATE LIMITED
A6136,APERA TRADERS AND RECYCLERS
A6137,HYDROBATH RAMCO MARKETING PVT. LTD.
A6138,OPAL HEALTH CARE
A6139,SINGHAL METALLOYS PVT LTD
A6140,BLJ OVERSEAS PRIVATE LIMITED
A6141,AWL INDIA PVT LTD
A6142,Tiger India Private Limited
A6143,ADITYA NONWOVEN FABRICS PRIVATE LIMITED
A6144,WARMER WORLD LLP
A6145,vikas impex
A6146,shyam tex exports ltd.
A6147,BANSAL AGENCIES
A6148,SAHIB INTERNATIONAL
A6149,EURO AUTOMOTIVE
A6150,SUPERCLOUDY FASHION WORLD PVT LTD
A6151,JIAHUA DECORATIONS & DESIGN ENGINEERING INDIA
A6152,DURLUM INDIA PVT LTD
A6153,SARANG INDUSTRIES
A6154,SAKSHAM CASTING
A6155,VIDYA POLYTECH LLP
A6156,NEW VISUAL CASTING & MOULDS
A6157,NOBLE VENEER PRIVATE LIMITED
A6158,Shrianand Poly
A6159,INDI GRAIN GLOBAL PVT LTD
A6160,SHAKTI APPARELS PRIVATE LIMITED
A6161,MOJOPANDA EXIM PRIVATE LIMITED
A6162,Aero Plast Ltd
A6163,SHIBU ALUMINIUM INDUSTRIES
A6164,Anmol Auto Industries
A6165,SAMEED STEELS
A6166,AMBIKA OVERSEAS.
A6167,MEGHRAJ INTERNATIONAL
A6168,Cosmo Auto Tech
A6169,D D PLYWOOD PRIVATE LIMITED
A6170,MITRA INDUSTRIES PVT. LTD.
A6171,SHRAYANS COATINGS LTD.
A6172,DELPHI PROPULSION SYSTEMS PRIVATE LIMITED
A6173,KYODO YUSHI INDIA PVT LTD
A6174,MAN ZHI TANG
A6175,VEE KAY ENTERPRISES
A6176,JINDAL MECHNO BRICKS PVT LTD
A6177,VISHAL WOOLLEN MILLS
A6178,M L OVERSEAS
A6179,PUNJAB GENERAL INDUSTRIES PVT LTD
A6180,CANDOR GURGAON ONE REALTY PROJECTS PRIVATE LIMITED
A6181,Blueberry International
A6182,Nine United Trading Private Limited
A6183,Relemac Technologies Private Limited
A6184,Namo Ewaste Managemant Limited
A6185,VEER METALS
A6186,ANANT ENTERPRISES
A6187,SUPERIOR CERAMICS
A6188,ROMERO HOME PVT LTD
A6189,CALCO POLY TECHNIK PVT LTD
A6190,FLORA INTERNATIONAL
A6191,BRAVAT INDIA PRIVATE LIMITED
A6192,SHREE DURGA IMPEX
A6193,SKY GOLD INDIA
A6194,PRISHA ALU IMPEX
A6195,BIBA APPARELS PRIVATE LIMITED
A6196,SANTOSH PARGAL & CO.
A6197,CHANDRA LAKSHMI SAFETY GLASS LTD
A6198,R.L. KHANNA & CO.  OVERSEAS
A6199,SAVITRI OVERSEAS
A6200,S&R EXPORTS
A6201,CENTURY METAL RECYCLING PVT LTD
A6202,SHARMA METALLOYS PVT LTD.
A6203,V AND K TRADERS
A6204,EOC POLYMERS INDIA PVT LTD
A6205,Jway Global Private Limited
A6206,LSKB ALUMINIUM FOILS PVT LTD
A6207,Vishawakarma timber
A6208,NARENDRA PRESS TECH PVT. LTD.
A6209,SAITEK POWER SOLUTIONS
A6210,SENTISS PHARMA PVT. LTD.
A6211,AUM  INTERNATIONAL  TAPES  PVT LTD
A6212,PARVATI INDUSTRIES
A6213,KESHAV INTERNATIONAL
A6214,PROMPT ENTERPRISES PVT LTD
A6215,Hindustan Industries
A6216,COFCO INTERNATIONAL INDIA PRIVATE LIMITED
A6217,R R POLYPLAST PVT
A6218,Foodie Puppies Group
A6219,PRECISION ALLOY MANUFACTURING COMPANY
A6220,MAHAVIR GLOBAL INC
A6221,P K MARKETING
A6222,GLASGOW INTERNATIONAL
A6223,RADHEY KRISHNA TRADING CO
A6224,Blueline Power Products Pvt.Ltd.
A6225,JAGGA FOOTWEAR  P  LTD.
A6226,HINDUSTAN MEDI-NEEDS
A6227,Escorts Kubota India Private Limited
A6228,SHOMI LIBATT PRIVATE LIMITED
A6229,PRAMUKH OVERSEAS PVT LTD
A6230,INVOLUTE POWERGEAR PVT. LTD.
A6231,Marc Surface Coating pvt. Ltd.
A6232,COSMIC RUGS PRIVATE LIMITED
A6233,VAMANI OVERSEAS PVT LTD
A6234,VIKING GARMENTS
A6235,APP India Paper Pvt Ltd
A6236,LAULS LIMITED
A6237,INTERNATIONAL TRADERS
A6238,B.J.K OVERSEAS
A6239,RICO JINFEI WHEELS LIMITED
A6240,MINDA KOSEI ALUMINUM WHEELS PVT. LTD.
A6241,LSL TOOLS PVT LTD
A6242,ASAHI INDIA GLASS LTD
A6243,MINDA TG RUBBER PVT LTD
A6244,KLASSIK LAMITEX PVT LTD
A6245,Wilhelm Textiles India Private Limited
A6246,Neha Exports  India
A6247,DESTINY CREATIONS PRIVATE LIMITED
A6248,RATAN ALUMINIUM RECYCLING PVT.LTD
A6249,SHRI RAMESHWARAM SPINNING MILLS
A6250,GIRIRAJ POLYMERS
A6251,TEIJIN INDIA PVT LTD
A6252,FERVENT GLOBAL LLP
A6253,HSC Fashion
A6254,LAKEFOREST WINES PRIVATE LIMITED
A6255,TECHNOCRATS DIE CASTING INDIA PVT LTD
A6256,CATALYST AUTOMATION
A6257,R P Industries..
A6258,RAJINDRA AGRO INDUSTRIES
A6259,R P INDUSTRIES.
A6260,BESTODENT INDIA PVT LTD
A6261,AAMX BIOMEDICALS
A6262,NIYADAR MAL PIYARE LAL
A6263,Toyota Tsusho India Pvt Ltd
A6264,DYNAMIC INDUSTRIES
A6265,keshav exports
A6266,Digital Power Industries
A6267,KAP CONES PVT LTD
A6268,BALAJI INDUSTRIES
A6269,DURGA OVERSEAS
A6270,SUPER ELECTRO FILMS LIMITED
A6271,ADVICS NORTH INDIA PVT LTD
A6272,LIFE GOLD FASHION LLP
A6273,SARVAYA OVERSEAS LLP
A6274,NESHO RECYCLING WORLD PVT LTD
A6275,ADSUN LIGHTING PRIVATE LIMITED
A6276,KALYAN INDUSTRIES
A6277,HARYANA WOOLLEN INDUSTRIES
A6278,BACARDI INDIA PVT LTD
A6279,KIYAARA ELECTRONICS PVT LTD
A6280,PARIJAT INDUSTRIES  INDIA
A6281,SINGHANIA ALU-FOIL CONTAINERS MFG. CO.
A6282,Purina Petcare India Pvt. Ltd
A6283,FORME COMMUNICATIONS TECHNOLOGY INDIA PVT LTD
A6284,SSL STEELS
A6285,R P LASER TECH PVT LTD
A6286,IPSAA HOLDINGS PVT. LTD
A6287,PROTECTION ENGINEERING
A6288,VARDAAN TRADING COMPANY
A6289,SAAWARIYA INDUSTRIES
A6290,FAFALUX GLOBAL PVT LTD
A6291,KSS ABHISHEK SAFETY SYSTEMS PVT. LTD.
A6292,SUVIDHI UDYOG PRIVATE LIMITED
A6293,FCG GLOBAL LLP
A6294,ALPINE POLYRUB PVT LTD
A6295,Canon India Pvt. Ltd
A6296,SIGMA MOULDS & STAMPINGS PVT LTD
A6297,JAI SHREE RADHEY TEXO FAB
A6298,LUMINA LIGHT SOLUTIONS
A6299,SHANTI HOME TEX
A6300,WINGS AUTOMOBILE PRODUCTS PVT LTD
A6301,ABHAY POLYMERS
A6302,ECO INFRA DEVELOPERS PRIVATE LIMITED.
A6303,CINEPOLIS INDIA PVT LTD
A6304,SAFARI FOOTWEAR
A6305,CHEMICAL RESOURCES
A6306,P & G GEOHAZARD SOLUTIONS PVT LTD
A6307,SPINKS INDIA
A6308,BJK DESIGNS PRIVATE LIMITED
A6309,N.A.N WOOLLEN MILLS
A6310,Sun Photonics Private Limited
A6311,Vats Associates
A6312,JINDAL YARNS PVT. LTD.
A6313,HR Polycoats Private Limited
A6314,usg boral building products india pvt. ltd.
A6315,S.R. Paryavaran Engineers Pvt Ltd
A6316,SARLA MILLS PRIVATE LIMITED
A6317,Gee Ess Precision Engineering Pvt Ltd
A6318,SHRIKRISHANATH IMPEX PVT.LTD.
A6319,Valmet Technologies Private Limited
A6320,GOLDEN TERRY TOWEL PVT LTD
A6321,SK FASTENER MACHINERY AND METALS CORP
A6322,ECOPLUS INDUSTRIES PVT. LTD.
A6323,RIDHI SIDHI ALLOYS
A6324,NAMOKAR METALS
A6325,ALTRUISTIC METAL PRIVATE  LIMITED
A6326,CMR GREEN TECHNOLOGIES LIMITED
A6327,ST PATRICKS REALTY PVT LTD
A6328,SUNPAC INDIA PVT LTD
A6329,GOYAL AUTO PRODUCTS PVT LTD
A6330,MOHIT WOOD PRODUCTS PRIVATE LIMITED
A6331,GOLDEN FLOOR FURNISHING PVT LTD
A6332,GEEONE METALS
A6333,Mittal enterprises
A6334,Aastha Equipments
A6335,COLOR & WEAVE
A6336,VISHWAKARMA INDUSTRIES
A6337,RR EXPORTS
A6338,STELLA INDUSSTRIES LTD.
A6339,Toray International India Private Limited
A6340,GOLDEN TEXO FABS PVT LTD
A6341,B.K. ENTERPRISES
A6342,Minda industries Ltd.
A6343,U-LIKE FABRICS
A6344,SENIOR INDIA PVT LTD
A6345,HARE KRISHNA RICE MILL
A6346,S R INTERNATIONAL..
A6347,Parbhat Industries
A6348,MUDRA METALS
A6349,SUNBEAM LIGHTWEIGHTING SOLUTIONS PVT. LTD.
A6350,GANGA HANDTEX
A6351,ARISTOFLEX TECHNOLOGIES
A6352,ADSUN ELECTRONICS PRIVATE LIMITED
A6353,SURYA INFRAPROJECTS PVT LTD
A6354,PRAKASH IMPEX
A6355,TEJ RAM DHARAMPAUL
A6356,Saraswati Enterprises
A6357,ALCHEMY
A6358,CARION COMMUNICATIONS PRIVATE LIMITED
A6359,CHHABRA HOME CONCEPTS PVT LTD
A6360,SGM PAPER PRODUCTS
A6361,SANVARU TECHNOLOGY LIMITED
A6362,Reckitt Benckiser Healthcare India Private Limited
A6363,GLOBE PRECISION  INDUSTRIES PRIVATE LIMITED
A6364,MVM INDUSTRIES
A6365,Braza Tyres. Pvt. Ltd
A6366,ALKEM LABORATORIES LTD.
A6367,VARDHMAN TEXTILES LIMITED.
A6368,KUNAL ALUMINIUM COMPANY
A6369,Mohan Meakin Limited
A6370,OPES CHEM CORP PVT LTD
A6371,SHIMLA HILLS OFFERINGS PRIVATE LIMITED
A6372,SHREE RIDHI SIDHI INDUSTRIES
A6373,PLAZA POWER & INFRASTRUCTURE CO.
A6374,ATAM ASSOCIATES PVT LTD
A6375,YASH FANS & APPLIANCES LTD
A6376,KONARK PRODUCTS
A6377,AUM UDYOG
A6378,BOSS PHARMA
A6379,SURYA LAXMI INDUSTRIES
A6380,CMI ENERGY INDIA PRIVATE LIMITED
A6381,MILAP SINGH
A6382,Seal Universal
A6383,SWASTIK WIRE PRODUCT
A6384,Kartikay International
A6385,YASH APPLIANCES
A6386,VETSFARMA LIMITED
A6387,DR. SABHARWALS WOUND CARE
A6388,KARTIKAY UNIVERSAL
A6389,INDUSTRIAL ENGINEERING CORPORATION
A6390,Cinq Micron Chem Pvt. Ltd
A6391,DRISH SHOES LIMITED
A6392,ELIN ELECTRONICS LTD
A6393,CORRUTECH CARONZ
A6394,HILTON INDUSTRIES
A6395,JPD Precision Fasteners Private Limited
A6396,Shree International
A6397,VARUN MEDIMPEX INC
A6398,RAJ INDUSTRIES
A6399,SHREE GANESH FATS PVT LTD
A6400,EG PHARMACEUTICALS
A6401,Guru Kirpa Enterprises
A6402,JASMER PACK LTD
A6403,Pritika Auto Industries Ltd Unit 2
A6404,SHREE BHAGWATI INDUSTRIES
A6405,LSC LOGISTICS & CONSULTANTS
A6406,WELL PACK INDUSTRIES
A6407,Synergy Poly Aditives Pvt Ltd
A6408,SUPER HOZE INDUSTRIES PVT. LIMITED
A6409,VALCO INDUSTRIES LIMITED
A6410,P.A.PINIONS
A6411,Balaji Powertronics
A6412,KASHMIR WALNUT OVERSEAS PVT. LTD.
A6413,KASHMIR KESSAR MART
A6414,ZEE ELECTRICALS
A6415,HN AGRI SERVE PRIVATE LIMITED
A6416,Devans Modern Breweries Limited
A6417,M.Y TRADERS
A6418,J K IMPORTED WOOD
A6419,Kishori Enterprises
A6420,JUST AWSUM INC
A6421,KAMAKHYA OIL COMPANY
A6422,FRUIT MASTER AGRO FRESH PVT LTD
A6423,VKC NUTS PVT LTD
A6424,CHINAR TRADING AGENCY
A6425,JINDAL DRUGS PRIVATE LIMITED
A6426,MARIB CONSTRUCTIONS
A6427,EASTMAN RECLAMATIONS
A6428,OTC INTERNATIONAL
A6429,M.P.MICA ENTERPRISES PVT. LTD.
A6430,SPS AGRO CARE
A6431,THRIVENI EARTHMOVERS PVT LTD
A6432,Sundew Enterprises Pvt Ltd
A6433,SURAJ LOGISTIX PVT LTD
A6434,BHARAT MALLEABLES PVT LTD
A6435,GRIH LAXMI SALES AND MARKETING
A6436,INDIAN UNION ELECTRONIC
A6437,Metalsa India Private Limited
A6438,KHETAN VINIYOG PRIVATE LIMITED
A6439,Nandini Traders
A6440,Mayank Rajgarhia
A6441,VINIHA HOSPITALITY LLP
A6442,PDRD RICE MILLS PRIVATE LIMITED
A6443,TATA SPONGE IRON LIMITED
A6444,GURU IMPEX
A6445,BMW Industries Ltd.
A6446,HINDUSTAN URVARAK & RASAYAN LIMITED
A6447,R.K. TRADERS
A6448,JAMSHEDPUR CONTINUOUS ANNEALNG & PROCESSING CO.PVT
A6449,AADI SHAKTI ENTERPRISES
A6450,AJOY CHEMICAL INDUSTRIES
A6451,JALAN MICA EXPORTS
A6452,VIVEK TRADING COMPANY
A6453,SHANKER WIRE PRODUCTS INDUSTRIES
A6454,PENGG USHA MARTIN WIRES PVT LTD
A6455,TAJNA RIVER INDUSTRIES PRIVATE LIMITED
A6456,SPARSH MICA CO
A6457,MAHAVIR TRADING COMPANY
A6458,RAJESH AUTO MERCHANDISE PVT LTD
A6459,PRECOT MERIDIAN LIMITED
A6460,STAR FRUIT COMPANY
A6461,A K B ENTERPRISES
A6462,M.R. FARMERS AND SUPPLIERS
A6463,Ruchi Soya industries ltd
A6464,NEO FOODS PVT LTD
A6465,ANANDAN S.
A6466,OLIVE LIFE SCIENCES PVt LTD
A6467,BLUEWATER FOODS AND EXPORTS PRIVATE LIMITED
A6468,INTEGRATED STONE RESOURCES PVT LTD
A6469,TOLAR OCEAN PRODUCTS PVT LTD
A6470,BYNEMARA Estates
A6471,Bola Surendra Kamath And Sons
A6472,BIG BAGS INTERNATIONAL PVT.LTD
A6473,COFFEE DAY GLOBAL LIMITED
A6474,BOLA RAGHAVENDRA KAMATH & SONS
A6475,S.L.N.COFFEE PRIVATE LIMITED
A6476,Louis Dreyfus Company India Pvt ltd
A6477,BHARATHI ASSOCIATES
A6478,CHHAPERIA INTERNATIONAL COMPANY
A6479,THE CAMPCO LOMITED
A6480,Everest Seafoods Pvt Ltd
A6481,Nedcommodities India Private Limited
A6482,"3S Products and Services"
A6483,JANATHA FISH MEAL & OIL PRODUCTS
A6484,EASTERN KING GRANITES PVT LTD
A6485,RPN GRANITES
A6486,MADHUCON GRANITES LIMITED
A6487,WEST HILL COFFEE PVT LTD
A6488,BLOOM STONES INDIA
A6489,GAYATHRI EXPORTS
A6490,Eswari Global Metal Industries Pvt Ltd
A6491,TATA COFFEE LIMITED
A6492,SREE RAGHAVENDRA ENTERPRISES
A6493,SVG Exports Private Limited
A6494,GOAN FRESH MARINE EXPORTS PRIVATE LIMITED
A6495,AUSTINDO SERVICES
A6496,NATURAL CAPSULES LIMITED
A6497,CHARIOT INTERNATIONAL PVT LTD
A6498,ARISTA MARBLE AND GRANITE PRIVATE LIMITED
A6499,CHARIOTT RESOURCES
A6500,CRYSTAL GRANITE & MARBLE PRIVATE LIMITED
A6501,MAHAMMAYA EXPORTS
A6502,MAKINO INDIA PRIVATE LIMITED
A6503,NKG INDIA COFFEE PRIVATE LIMITED
A6504,Ecovinal International Private Limited
A6505,RIVIANA FOODS PRIVATE LIMITED
A6506,STERLING FOODS
A6507,Mudremane Coffee Curers
A6508,Sana Exports
A6509,VARUN PIPING SYSTEMS
A6510,Sargod Trading Company
A6511,Sri Siddhi Freezers & Exporters Pvt Ltd.
A6512,DECCAN PLAST INDUSTRIES
A6513,NAMDHARI SEEDS PRIVATE IMITED
A6514,OSWAL MINERALS LIMITED
A6515,UB GLOBAL (A Division of UNITED BREWERIES(Hol) Ltd
A6516,S B PATIL MINERALS PRIVATE LIMITED
A6517,EURO STONE PRIVATE LIMITED
A6518,RIPPLE FRAGRANCES PRIVATE LIMITED
A6519,Modern Industrial Corporation
A6520,ACHAL INDUSTRIES
A6521,Glittek Granites Ltd
A6522,BHARAT STONES
A6523,SREEDEVI CASHEW INDUSTRIES
A6524,INDIRA FOOD PRIVATE LIMITED
A6525,WESTERN COFFEE CURERS
A6526,STONE IMPEX INDIA P LTD
A6527,SARASUOLE PRIVATE LIMITED
A6528,MTR FOODS PRIVATE LIMITED
A6529,KHB AGRO FOODS & COLD STORAGE
A6530,PRADHAN HERBAL COMPANY
A6531,SHALIMAR AGARBATTI COMPANY
A6532,UNICORN PICKLES PVT LTD
A6533,Konkan Speciality Polyproducts Pvt Ltd
A6534,VEEKAY PVC PROFILES
A6535,GOD GRANITES
A6536,Vistas Investments Pvt Ltd
A6537,MOG VEER FOODS PVT LTD
A6538,SF DYES PRIVATE LIMITED
A6539,Vidya Herbs Pvt Ltd
A6540,BALAJI FIBRES
A6541,RITTAL INDIA PRIVATE LIMITED
A6542,Pradhan International
A6543,GARDEN CITY AGRO EXPORTS PRIVATE LIMITED
A6544,JINDAL ALUMINIUM LIMITED
A6545,CARDOLITE SPECIALITY CHEMICAL
A6546,SHETRON LIMITED
A6547,STEMS N LEAVES INTERNATIONAL
A6548,YASHASWI FISH MEAL & OIL COMPANY
A6549,SNEHAM INTERNATIONAL
A6550,KAAPI ROYALE
A6551,INGERSOLL RAND (INDIA ) LIMITED
A6552,GUPTA FOODS
A6553,BHARAT INDUSTRIAL CORPORATION
A6554,MALSHEE EXPORTS
A6555,JAYALAXMI   ENTERPRISES
A6556,TEJAS NETWORKS LIMITED
A6557,EXOTIC AGRO PRIVATE LIMITED
A6558,EVEREST SEAFOODS EXPORTS PRIVATE LIMITED
A6559,Krishna Stone Tech Private Limited
A6560,BUILDMET FIBRES PRIVATE LIMITED
A6561,Global Green Company Limited
A6562,AMC COOKWARE INDIA PRIVATE LIMITED
A6563,S.V.GADAG GINNING FACTORY
A6564,FAB PHARMACEUTICALS PRIVATE LIMITED
A6565,SRI VIJAYALAKSHMI AGARBATHI WORKS
A6566,EXPERT ENGINEERING ENTERPRISES
A6567,ARJUNA GRANITES EXPORTS PRIVATE LIMITED
A6568,DARSHAN INTERNATIONAL
A6569,TRITON VALVES LIMITED
A6570,JOHN DISTILLERIES PRIVATELIMITED
A6571,EXOTIC GRANITE LLP
A6572,ARADHYA STEEL PRIVATE LIMITED
A6573,ASHISH STONE EXPORTS
A6574,KARNATAKA SILICATES
A6575,K SUBRAYA ANANTHA KAMATH AND SONS
A6576,Marudhar Rocks International Pvt Ltd
A6577,YESKAY COFFEE CURING WORKS  P  LTD
A6578,ECOM GILL COFFEE TRADING PVT LTD
A6579,KARAVALI OCEAN PRODUCTS Private Limited
A6580,THE HIMALAYA DRUG COMPANY
A6581,KRISHNA LAMICOAT PVT LTD
A6582,Manipal Technologies Limited
A6583,Nandu Chemical Industries
A6584,HAYATH FOODS
A6585,Hopewell Manufacturing & Exports Private Limited
A6586,FINPOWER AIRCON SYSTEM PRIVATE LIMITED
A6587,CHARU PERFUMERY HOUSE
A6588,MOTHER INDIA FARMS
A6589,PLASMIX PRIVATE LIMITED
A6590,S I MACHINE TOOLS
A6591,LAMINA INTERNATIONAL
A6592,MOHSIN EXPORTS
A6593,Betco International
A6594,MINAR INDUSTRIES
A6595,RUNWAL AGRITECH
A6596,RASRILAA CREATIVE PRIVATE LIMITED
A6597,CONSERVIA PARTNERS
A6598,sri subramanya enterprises
A6599,ARCHIDPLY INDUSTRIES LTD
A6600,J.R. DURALUMIN ALLOYS
A6601,BRILLIANT PRINTERS PVT LTD
A6602,INDUS TREE PRODUCER TRANSFORM PRIVATE LIMITED
A6603,SHRI BALAJI GRANITES
A6604,BUSBAR SYSTEMS (INDIA) LIMITED
A6605,Akash Forming Technologies
A6606,MYSORE POLYMERS & RUBBER PRODUCTS LIMITED
A6607,ARIHANT CLOTHING PVT LTD
A6608,UNITED MARINE PRODUCTS
A6609,KARAVALI FREEZERS & EXPORTETS
A6610,MICRO LABS LIMITED
A6611,SRI ADITYA GRANITES
A6612,Universal Textile Mills
A6613,ALFA ENTERPRISES
A6614,ECO BLISS
A6615,SHRI BALAJI DRIERS
A6616,SHREE DHANALAKSHMI CASHEW EXPORTS PVT LTD
A6617,SANOOR CASHEW
A6618,PRIME PERFUMARY WORKS
A6619,POINTEC PENS & ENERGY PRIVATE LIMITED
A6620,Karnataka Aromas
A6621,MARKETING SOLUTIONS AND SERVICES PVT LTD
A6622,KORVI FULLERS EARTH PROCESSING INDUSTRIES
A6623,AMBA INDUSTRIES
A6624,Future Stone Works Private Limited
A6625,ULTRA INTERNATIONAL
A6626,Rajhans Enterprises
A6627,CIGFIL LIMITED
A6628,ACUTEN GLOBAL
A6629,HITEN FASTENERS PVT LTD
A6630,SHREE NN ENTERPRISES
A6631,N RANGA RAO & SONS PRIVATE LIMITED
A6632,SHRI BALAJI ENTERPRISES
A6633,INDUS VEGPRO PRIVATE LIMITED
A6634,BRINDAVAN TRADERS
A6635,Synthetic Packers Pvt Ltd
A6636,BHURUKA GASES LIMITED
A6637,BIMBAN INDUSTRIES PVT LTD
A6638,Unimag Power Transformer Private Limited
A6639,SWEET INDIA FOOD INDUSTRIES
A6640,SWELECT ENERGY SYSTEMS LTD
A6641,INDAUTO FILTERS
A6642,SILK WINDS INTERNATIONAL
A6643,VENTURA INTERIORS PRIVATE LIMITED
A6644,MANGALAM ENTERPRISES
A6645,MAINI PRECISION PRODUCTS LIMITED
A6646,TRANSFERET RELOCATION SERVICES  INDIA  PRIVATE
A6647,SILVER SPARK APPAREL LIMITED
A6648,WORTHY ENGINEERING
A6649,BULK LIQUID SOLUTIONS PVT LTD
A6650,STOVEKRAFT PRIVATE LIMITED
A6651,TATA POWER SOLAR SYSTEMS LTD
A6652,SAI PACKAGING COMPANY SAI SECURITY PRINTERS PVTLTD
A6653,MERK PRODUCTS
A6654,DNK IMPEX PRIVATE LIMITED
A6655,STRECKEN INDIA MANUFACTURING PVT LTD
A6656,SHALOM GRANITES CORPN
A6657,NANDOS KARNATAKA RESTAURANTS PRIVATE LIMITED
A6658,KURLON ENTERPRISE LIMITED
A6659,SUPER BUILDING PRODUCTS
A6660,GG Enterprises
A6661,Jaipuria Silk Mills Pvt Ltd
A6662,SANDEEP LEAD ALLOYS INDIA PVT LTD
A6663,MEDOVATION PRODUCTS
A6664,MAHABIR ENTERPRISES
A6665,Artha Enterprise
A6666,JAI MARUTHI INTERNATIONAL PACKAGING
A6667,BOSTIK INDIA PVT LTD
A6668,CONECC CONCRETE SOLUTIONS PVT LTD
A6669,ITC ESSENTRA LIMITED
A6670,Smart Stone Private Limited
A6671,MAVERICK TURF CORPORATION LLP
A6672,SHRI BAJRANG AGENCIES
A6673,EVEXIA NUTRITIONS PRIVATE LIMITED
A6674,MADHU PLASTICS PVT LTD
A6675,SIDDHI VINAYAKA SPECHEM PVT LTD
A6676,NIYAZ SEA FOOD EXPORTS
A6677,U R AGROFRESH PRIVATE LIMITED
A6678,SKF BOILERS & DRIERS PV
A6679,TENAX INDIA STONE PRODUCTS PVT LTD
A6680,SANKHLA VINYL PVT LTD
A6681,SVC Associates
A6682,DENSO KIRLOSKAR INDUSTRIES PRIVATE LIMITED
A6683,QUADRAGEN VETHEALTH PRIVATE LIMITED
A6684,SHRI SAI VINAYAGA TRADERS
A6685,SIGMA JONES AV LLP
A6686,DVN EXPORTS PVT LTD
A6687,MAHALASA EXPORTS
A6688,DACSS GRANITES PVT LTD
A6689,ASTRAL QUARRYING SERVICES
A6690,TUSHAR IMPEX
A6691,NATURAL STONE INDIA
A6692,Primacy Industries Limited
A6693,Himatsingka Seide Limited
A6694,TARAJYOT POLYMERS LTD
A6695,NIKHIL MERCANTILE PVT. LTD
A6696,D&M BUILDING PRODUCTS PVT LTD
A6697,LORDS ENGINEERING
A6698,B. V. ASWATHIAH & BROS(REGD)
A6699,HECTOR BEVERAGES PVT. LTD.
A6700,GIVAUDAN INDIA PVT LTD
A6701,SAGAR EXPORT
A6702,NUVOCRAFT APPARELS INDIA PVT LTD
A6703,INTEGRATED LIGHTING TECHNOLOGIES PVT LTD
A6704,PRIZM DEVELOPERS
A6705,ESSILOR MANUFACTURING INDIA PVT LTD
A6706,jayveecons
A6707,GTR ALUMINIUM PRIVATE LIMITED
A6708,B D PATIL ENTERPRISES
A6709,BILTON EXPORTS
A6710,RAJESHWARI COPPER PRODUCTS
A6711,VELANKANI INFORMATION SYSTEMS LIMITED
A6712,ACE FOODS PRIVATE LIMITED
A6713,DARSHAN FLEXIBLES PRIVATE LIMITED
A6714,RV Fashions
A6715,BBR INDIA PVT LTD
A6716,ADARSHA SPECIALTY CHEMICALS PVT LTD
A6717,VORION DISTILLERIES INC
A6718,EMMVEE PHOTOVOLTAIC POWER PVT LTD
A6719,CIPSA TEC INDIA PVT LTD
A6720,Adora Carpet Splendor Private Limited
A6721,MEDREICH LIMITED
A6722,ASHOKA FARM AIDS
A6723,R G PATIL AND  COMPANY
A6724,NASEER LEMON CO.
A6725,CHEMITALS PRIVATE LTD
A6726,Kroon Stones
A6727,Stanley lifestyles ltd
A6728,G V FOUNDATION
A6729,Urban Comforts
A6730,SAIRAG INTERNATIONAL
A6731,MOHAN ENTERPRISES
A6732,ARON UNIVERSAL LTD
A6733,POOJA EXPORTS
A6734,NIXIE ENGINEERS PVT LTD
A6735,JANANIAL ENTERPRISES
A6736,SOUTHFIELD PAINTS LIMITED
A6737,L T KARLE AND CO
A6738,SHEILA AGENCIES
A6739,SUBADRA TEXTILE PRIVATE LIMITED
A6740,ARTIZEN INTERIORS PVT LTD
A6741,P.E.P CHARLES LIMPENS PVT LTD
A6742,ATLANTIC SOLUTION
A6743,RENEWSYS INDIA PVT LTD
A6744,KAVERI CERAMICS
A6745,Yes Vee Yes Impex
A6746,GANESH METAL WORKS
A6747,LYKOS INDIA PRIVATE LIMITED
A6748,U.K. MONU TIMBERS
A6749,SUDARSHAN CHEMPRO PVT LTD
A6750,ABHIMAANI PRAKASHANA
A6751,DRAGONN STONE
A6752,YUTO PRINTING AND PACKAGING  INDIA  PVT LTD
A6753,MICROTEX ENERGY PVT LTD
A6754,MULTIPLE SPECIAL STEEL PVT LTD
A6755,KAVERI GLOBAL
A6756,Sansera Engineering Pvt Ltd
A6757,CONSOLIDATED TEKNICS INDIA PVT LTD
A6758,STANLEY OEM SOFAS LIMITED
A6759,FALCON IMPEX CORPORATION
A6760,AMBIKA PETROCHEM PVT LTD
A6761,SOHUM ENTERPRISES
A6762,SHREE SHANKESHWARA TRADING CO
A6763,Ponpon Sweets
A6764,P D NAVKAR BIO CHEM PVT LTD
A6765,MS CHEMICALS
A6766,SLN COFFEE AND SPICES EXPORTS PRIVATE LIMITED
A6767,SUEZ WATER TECHNOLOGIES & SOLUTIONS INDIA PVT LTD
A6768,JOHN CRANE SEALING SYSTEMS INDIA PVT LTD
A6769,ESSEM 18 CONSTRUCITONS
A6770,Studio19 offices Pvt Ltd
A6771,KARNATAKA GOLF ASSOCIATION
A6772,TAIPOLY HEALTH CARE PVT LTD
A6773,SHREE VENKATESHWARA RUBBERS
A6774,CITIZEN INDUSTRIES LIMITED
A6775,Meusburger India Pvt Ltd
A6776,NYAGATARE AGRO VENTURES PVT LTD
A6777,J.K.EXPORTS
A6778,M AND Q NATURAL STONES INDIA  PVT LTD
A6779,CAR ACOUSTICS
A6780,INDO MIM PRIVATE LIMITED
A6781,Hoteon Trading Private Limited
A6782,APPALU AVADHANI EXIM
A6783,SAFRAN HAL AIRCRAFT ENGINES  Pvt Ltd
A6784,ARYAN WOOD PRODUCTS P LTD
A6785,Enviro Safety Glass
A6786,BLOSSOM HOME APPLIANCES
A6787,Hema Enterprises
A6788,AKASH ALUMINIUM COMPANY
A6789,Sunshine Enterprises..
A6790,MARBLE CENTRE INTERNATIONAL PVT LTD
A6791,INDIAN AGARBATTI MANUFACTURERS
A6792,AIRPORT AUTHORITY OF INDIA
A6793,SAMI-SABINSA GROUP LIMITED
A6794,AMRUTHA COFFEE PRIVATE LIMITED
A6795,TANISH INTERNATIONAL
A6796,Machani Infra development Corporation Private Ltd
A6797,INDO FISHERIES
A6798,MEERA TRADING COMPANY
A6799,RAGHAVENDRA CASHEW INDUSTRIES
A6800,BKM FILTERS INDIA PVT LTD
A6801,HINDUSTAN AERONAUTICS LTD
A6802,ARMOR INDIA CODING & IMAGING SUPPLIES PVT LTD
A6803,Metalex Steel Strips Pvt Ltd
A6804,APPAREL & LEATHER TECHNICS
A6805,KAVERI IMPEX
A6806,SRI KARIGIRI FOOD INDUSTRIES
A6807,FIRST STEPS BABYWEAR PRIVATE LIMITED
A6808,FUTURISTIC DIAGNOSTIC IMAGING CENTRE PVT LTD
A6809,MALPEFRESH MARINE EXPORT PRIVATE LIMITED
A6810,Al Shukran Traders Private Limited
A6811,lobo international trading
A6812,MALABAR SEWING MACHINES
A6813,DHANUKA ENTERPRISES
A6814,JUNO EQUIPMENTS
A6815,Indo Pacific Inc
A6816,GREEN VENTURES
A6817,Keltech Energies Ltd.
A6818,ADCOCK INGRAM LIMITED
A6819,E LAND APPAREL LTD
A6820,KRUSHI EXPORTS
A6821,M M IMPEX.
A6822,INDIAN CANE POWER LIMITED
A6823,HELIOS PACKAGING
A6824,KRAIBURG TPE PVT LTD
A6825,ASIA PULP AND PAPERS PVT LTD
A6826,Neha Enterprise
A6827,SHALIMAR INCENSE PRIVATE LIMITED
A6828,Globe Moving & Storage Co. Pvt. Ltd.
A6829,SVE Steels Private Limited
A6830,LULU INTERNATIONAL SHOPPING MALL PVT LTD
A6831,M.B.GRANITES PRIVATE LTD
A6832,miracle exims
A6833,MADHURI LOGISTICS
A6834,CONCEPT 12V
A6835,MANISH FOODS
A6836,The Sandur Manganese & Iron Ores Limited
A6837,Dnook
A6838,YCT ENTERPRISES
A6839,GOLDEN TOUCH EXPORTS
A6840,BIESSE MANUFACTURING CO PVT LTD
A6841,MITSUBISHI ELEVATOR INDIA PRIVATE LIMITED
A6842,Schneider Electric IT Business India Private Ltd
A6843,Ralco synergy pvt ltd
A6844,ORIENT ECO SYSTEMS PVT LTD
A6845,INDUS UTH HF MIXING SYSTEMS PRIVATE LIMITED
A6846,Zonje Solar LLP
A6847,indo spanish tasty foods pvt ltd
A6848,NASH PRODUCTS
A6849,ADITHYA ENTERPRISES
A6850,KINGSMEN ENTERPRISES
A6851,KPS INDUSTRIES
A6852,CORETEC ENGINEERING INDIA PRIVATE LIMITED
A6853,Lemmens Shardlow India Pvt Ltd
A6854,Asia Copperica Inc
A6855,SHREE ULKA LLP
A6856,VENKATESHWARA PRINTERS
A6857,NAUNY CONSULTING
A6858,GOVARDHAN OVERSEAS PRIVATE LIMITED
A6859,ADIYOGI INTERNATIONAL
A6860,ROSE MARRY INTERNATIONAL
A6861,SUMA SPRINGS PRIVATE LIMITED
A6862,STAR WAVES
A6863,ANUVARTHH APPARELS PVT. LTD
A6864,EE SANJE
A6865,Vestian Global Workplace Services Private Limited
A6866,MORPH
A6867,UNIQUE INTERTRADE PRIVATE LIMITED
A6868,SEALED AIR PACKAGING MATERIAL INDIA LLP
A6869,Power One  Micro Systems Pvt Ltd
A6870,ZTC International Landscape Solutions Pvt Ltd.
A6871,SPKS PACKAGING SOLUTIONS LLP
A6872,Nihal Import
A6873,SREEBAY HEALTH CARE PRIVATE LIMITED
A6874,FUNDERMAX INDIA PRIVATE LIMITED
A6875,ANTRIX ASSOCIATES
A6876,ASTADIK OVERSEAS
A6877,SHRIVAARU CONCRETE BLOCKS
A6878,FORTUNER EXPORT IMPORT
A6879,NECTOR TRADING AND INVESTMENT
A6880,GCT INDIA
A6881,AUROMA DIFFUSION S A
A6882,Shanti Iron & Steel
A6883,Eagle Technlogies
A6884,smartext solutions
A6885,WELBURN CANDLES PVT LTD
A6886,AAF India Pvt Ltd
A6887,AEC OFFSHORE TRADING PVT LTD
A6888,SRI VENKATESHWARA POLYMERS
A6889,PAPAKUCHI COFFEE
A6890,DeccanField Agro Industries Pvt Ltd
A6891,KIMBERLITE CHEMICALS INDIA PRIVATE LIMITED.
A6892,S L V FERTICHEM
A6893,ANJUM JUNG
A6894,FRESHCO AGRO FOODS
A6895,STERLING LAB
A6896,SRI BANASHANKR TRADERS
A6897,TELECOM WIRES AND CABLES
A6898,ORGANICA AROMATICS PRIVATE LIMITED
A6899,SURETEX PROPHYLACTICS  INDIA  PRIVATE LIMITED
A6900,Sumanth Enterprises
A6901,OM SAI INTEX PVT LTD
A6902,PARSONS NUTRITIONALS PRIVATE LIMITED
A6903,P.P.PRODUCTS PVT LTD
A6904,TILE ITALIA MOSAICS PVT LTD
A6905,PRECISION MACHINEKRAFT PVT LTD
A6906,GLENANDD INDIA
A6907,Monier Roofing Pvt Ltd
A6908,KENNAMETAL INDIA LTD
A6909,Wisetech Global India Pvt Ltd
A6910,THE SOUTH INDIAN WASTE PAPER COMPANY
A6911,FRIDGE HOUSE
A6912,Nirvaanic Life Foods Pvt Ltd
A6913,MINERA STEEL PVT LTD
A6914,R J RESOLUTIONS
A6915,RIYAN GLOBAL SOLUTIONS PVT LTD
A6916,SHREE ASHOK PAPER PRODUCTS
A6917,MAINLAND HEAVY PARTS PRIVATE LIMITED
A6918,KAVERI SILK AND JUTE INC.
A6919,EASYLIFE HEALTHCARE SOLUTIONS
A6920,MAGELLAN AEROSPACE  INDIA  PVT LTD
A6921,NANDI PRINTERS PVT LTD
A6922,World Bible Translation Center India
A6923,NU Hospitals Private Limited
A6924,FISTAR IMPORT AND EXPORT LLP
A6925,Paragon Polymer Products Pvt Ltd
A6926,KOELEMAN INDIA PVT LTD
A6927,RAYAN POLYMERS LLP
A6928,OM SHIVA PODUCTS INC
A6929,KUM INTERNATIONALS
A6930,ABHIMAANI PUBLICATIONS LIMITED
A6931,KALASH ART INTERIORS FURNITURE
A6932,STAYALT BRANDS PVT LTD
A6933,VOLVO GROUP INDIA PRIVATE LIMITED
A6934,CHESA DENTAL CARE SERVICES LTD
A6935,BRIGHTFLEXI INTERNATIONAL PRIVATE LIMITED
A6936,Spider Hardware
A6937,BONAGERI CROPSCIENCE LTD
A6938,Home Fabrics Hassan
A6939,CREDENCEIS COMPUTING PVT LTD
A6940,KAVERI PLASTO CONTAINERS PVT LTD
A6941,PRAGATI ENTERPRISES.
A6942,SHREYONIDHI ENTERPRISES  INDIA  P LTD
A6943,FORCE TRADING
A6944,PM QUARTZ SURFACES PRIVATE LIMITED
A6945,SHRI NAKODA BHAIRAV SUPPLIERS
A6946,L AND W CONSTRUCTION PVT LTD
A6947,Avigiri Urethane and Rubber Industries Pvt Ltd
A6948,MILLENNIUM STARCH INDIA PVT LTD.
A6949,VIJAYA ENTERPRISES.
A6950,SARVADA DISTILLERIES
A6951,R V INDUSTRIES
A6952,MUNOT IMPEX
A6953,AADARSH ENTERPRISES
A6954,TECHNYMON TECHNOLOGY INDIA PVT LTD
A6955,HEERA GRANITES PVT.LTD.
A6956,UNITED EVANGELICAL MISSION
A6957,SRI VASAVI ADHESIVE TAPES PVT LTD
A6958,Desjoyaux Pools Karnataka
A6959,ACHAL CASHEWS PRIVATE LIMITED
A6960,PERFECT MACHINING CENTRE
A6961,Prizma Marketing
A6962,INTEGRATED SYSTEMS TECHNOLOGIES PVT LTD
A6963,OM STEEL AND FORGING
A6964,AUTHENTIC OCEAN TREASURE
A6965,united trading co
A6966,SHREE BALAJI FACE WORLD
A6967,Ponalab Biogrowth Private Limited
A6968,THE TYRE MARK
A6969,PAREKH TIMBER TRADERS
A6970,SOUTHERN WOOD SUPPLIERS
A6971,Vilax Industrial Fabrics Pvt Ltd
A6972,BHAVANI MAA STONE
A6973,BLOSSOM SHOWERS AGRO
A6974,SANTHOSH FOOD TECH
A6975,RAJA ENTERPRISES
A6976,SAAB ENGINEERING
A6977,KARNI INTERNATIONAL
A6978,BIOCON ELECTRIC INDIA
A6979,INDIAN SILK FIBRE CO
A6980,SHIKHAR GRANITE
A6981,Jayakumar Agarbathi Company
A6982,ARISHINA LIFE SCIENCES PVT LTD
A6983,K.G.NANDINI ENTERPRISES
A6984,SCHENCK PROCESS SOLUTIONS INDIA PRIVATE LIMITED
A6985,GANAPATHY INDUSTRIES
A6986,HEERA OVERSEAS PVT.LTD.
A6987,HANSA GREEN MARKETING PRIVATE LIMITEDD
A6988,sri basaveshwara rice mill
A6989,BOLAS AGRO PRIVATE LIMITED
A6990,Paragon Vial Caps Pvt Ltd
A6991,BOP PRINT PACK
A6992,SAVLI COPPER PRODUCTS PRIVATE LIMITED
A6993,SHREE BALAJI POLYMERS
A6994,MANTRY STONEX LLP
A6995,BINDU INCENSE CRAFT LLP
A6996,Lalitha Global Silks
A6997,KRISHNA TRADERS.
A6998,K S Enterprises
A6999,M M EQUIPMENTS
A7000,Pyramid Timber Associates Pvt Ltd
A7001,ALANKAR ELECTRICALS
A7002,PRIME ASSETSOURCE PVT LTD
A7003,BRAND SCIENTIFIC EQUIPMENT PVT LTD
A7004,Home garden store
A7005,FLY EAGLE LOGISTICS LLP
A7006,PINNACLE ENTERPRISES.
A7007,SOUTH INDIA ENTERPRISES PVT LTD
A7008,RANGSUGANDH MANUFACTURING PRIVATE LIMITED
A7009,R.K. FABRICS
A7010,MAHAVEER DISTRIBUTORS
A7011,MYSORE PROJECTS PRIVATE LIMITED
A7012,SRI LAKSHMI SRINIVAS PARBOILED
A7013,ACCUTECH AGRO PRIVATE LIMITED
A7014,SRI VIJAYALAXMI CASHEW INDUSTRIES
A7015,SHARP PLY INDIA PRIVATE LIMITED
A7016,AT & S INDIA PVT LTD
A7017,Kaishtoo Piedra
A7018,JAP ENGINEERING
A7019,GREEN AGRO PACK PVT LTD
A7020,MANGALORE CHEMICALS AND FERTILISERS LIMITED
A7021,MENTOR SHOE MART
A7022,SHRI BALAJI SUN WAX PRIVATE LIMITED
A7023,Minox Interlining
A7024,AISIRI FOOD PRIVATE LIMITED
A7025,HINDUSTAN SAW MILLS AND WOOD INDUSTRIES
A7026,NAVEEN BEARING CO
A7027,PACT CLOSURE SYSTEMS  INDIA  PRIVATE LIMITED
A7028,KAMALESH ENTERPRISES
A7029,Matrix Sewing Systems
A7030,SANTHOSH AGROPRODUCTS PRIVATE LIMITED
A7031,Amps facilities Management services pvt ltd
A7032,Uttam Industries
A7033,Padmavati Cocoa Indusstry
A7034,INDPROCESS INNOVATIONS PVT LTD
A7035,Karnataka Pipe Corporation
A7036,VIGIROM PVT LTD
A7037,SUPHALA AGRO SCIENCES
A7038,GANESH SAW MILLS PRIVATE LIMITED
A7039,VENKATESHWARA TIMBER & PLY
A7040,Thyssenkrupp Aerospace India Pvt Ltd
A7041,TECHNOVA TAPES  INDIA  PVT LTD
A7042,Mega International
A7043,THE BALL BEARING TRADERS
A7044,ABB INDIA LIMITED
A7045,BIOCON ELECTRIC PRIVATE LIMITED
A7046,SHRI GANESH AGRO IMPEX
A7047,Srijee Foods
A7048,Unitech Products
A7049,GERB Vibration control systems pvt ltd
A7050,Anu Solar Power Private Limited
A7051,Puresight Systems Private Limited
A7052,SRI GANESH EXIME
A7053,FAIRY FOOD PRODUCTS (P) LTD
A7054,GOKALDAS IMAGES PRIVATE LIMITED
A7055,TOTAL OIL INDIA PRIVATE LIMITED
A7056,COLOMBO INTERNATIONAL
A7057,Adhikari Granites
A7058,DOTS FASHION WORLD
A7059,Aurora Apparel Private Limited
A7060,ADARSH AGECNIES
A7061,ZETWERK MANUFACTURING BUSINESSES PRIVATE LIMITED
A7062,Ganesh Food Products Private Limited
A7063,HINDUJA REALTY VENTURES LTD
A7064,IMPEL EXPORTS
A7065,Aerostructures Manufacturing India Pvt Ltd
A7066,SATISH ENGINEERING
A7067,REEM TRADERS
A7068,Tidewater Shipping Private Limited
A7069,UNITED BREWERIES LIMITED
A7070,EPSON INDIA PVT LTD
A7071,LINEAGE POWER PVT. LTD.
A7072,JAIN BROTHERS INTERNATIONAL
A7073,Jayalakshmi Poly Packs Pvt Ltd
A7074,EXOTIC FLOOR SHOP PVT LTD
A7075,J J GLASTRONICS PVT LTD
A7076,A K PANELS
A7077,BLOSSOM KITCHEN APPLIANCES
A7078,Veer O Metals Private Limited
A7079,ARIHANT GRANIT
A7080,WESTERN COFFEE CURERS & EXPORTS PRIVATE LIMITED
A7081,Chakradhar Chemicals Pvt Ltd
A7082,LUBRILOG INDIA PRIVATE LIMITED
A7083,NAG CNC TECHNOLOGY
A7084,Ina Elite Hospitality Private Limited
A7085,R.K FABRICS INDIA  PRIVATE LIMITED
A7086,DFM TECHNOLOGY PVT LTD
A7087,ARYAN INFRA
A7088,SIL-KEE ELECTRONICS PRIVATE LIMITED
A7089,DOCTOR PACK INDIA PRIVATE LIMITED
A7090,KONGOVI PRIVATE LIMITED
A7091,PAGE INDUSTRIES LTD
A7092,Raj Chematics
A7093,RUKMA PLASTICS
A7094,MACRO SQUARE PROJECTS.
A7095,Rollon Hydraulics Private Limited
A7096,PAN SYNTHETICS PVTLTD
A7097,AP ENTERPRISES
A7098,EMBASSY ONE DEVELOPERS PRIVATE LIMITED
A7099,Dream Seats Pvt. Ltd.
A7100,B B CHENGAPPA
A7101,GENE RESEARCH FOUNDATION
A7102,S.P.ENTERPRISES
A7103,BRIC SOURCE
A7104,AMTECO BUILDING MATERIALS INDIA PVT LTD
A7105,Healthium Medtech Pvt Ltd
A7106,MARUTHI IMPEX
A7107,DR MANUFACTURING PRIVATE LIMITED
A7108,BANGALORE METALLURGICALS PVT LTD
A7109,RBG Trading and Ecommerce Pvt LTd
A7110,SYNPACK ZIPPER BAGS PVT LTD
A7111,Mangalam Associates
A7112,AMIT PAPERS
A7113,BERGER HESSE WOOD COATINGS PRIVATE LIMITED
A7114,DIGITAL WAVES INTERNATIONAL PVT LTD
A7115,DPM Impex Private Limited
A7116,SAARA APPARELS
A7117,KIA SEWING MACHINES
A7118,SILVER LINK
A7119,TEAM CONCEPTS PVT LTD
A7120,EHAN SUPPLY AND LOGISTICS
A7121,GREEN AGRO SPARES
A7122,Sri Kirshna Sound & Lighting
A7123,PURVI IMPEX
A7124,SPACETHETICS INDIA LLP
A7125,Marvel Lamps
A7126,TRIKAYA MARKETING
A7127,GANGADEEP INDUSTRIES
A7128,SRI GANESHA WOOD INDUSTRIES
A7129,BROWNDOVE HEALTHCARE PVT LTD
A7130,ARYAN INC
A7131,MARUTHI ELECTRODES PVT LTD
A7132,NC EXPORTS
A7133,ADVANCED PERFORMANCE ENGINEERING
A7134,TRAVANCORE COCOTUFT PRIVATE LIMITED
A7135,INDIAN PRODUCTS PRIVATE LIMITED
A7136,POBJI EMPORIUM
A7137,ABAD OVERSEAS PRIVATE LIMITED
A7138,MATHESON BOSANQUET ENTERPRISES LTD
A7139,Nedspice Processing India Private limited
A7140,BRAHMINS FOODS INDIA PRIVATE LIMTED
A7141,N.SATHEESHKUMAR
A7142,ALLKOSHYS ALLSPICES
A7143,SAN MARINE EXPORTS
A7144,NORATEL INDIA POWER COMPONENTS PRIVATE LTD
A7145,CARMEL CASHEWS
A7146,CANAAN MARINE PRODUCTS
A7147,Palm Fibre  India  Private Limited
A7148,ZEBA LAB FURNITURE PRIVATE LIMITED
A7149,PLANT LIPIDS  P  LTD
A7150,SREE DURGA CASHEW FACTORY
A7151,COCO FIBRE TEX
A7152,ARK LOGISTICS
A7153,MANGALATH CASHEWS
A7154,INDO GERMAN CARBONS LIMITED
A7155,BABU COIR WORKS
A7156,CAP SEAFOODS PRIVATE LTD
A7157,ARGON IMPEX PRIVATE LIMITED
A7158,Nitta Gelatin India Limited
A7159,HT FOODS PRIVATE LIMITED
A7160,MARE FOOD PRODUCTS INDIA PVT LTD
A7161,K.SUBRAYA ANANTHA KAMATH & SONS
A7162,AYSHA CASHEW EXPORTS
A7163,KERALA NUT FOOD COMPANY
A7164,NILAMEL EXPORTS
A7165,ALPHA INTERNATIONAL
A7166,AFEEF CASHEW COMPANY
A7167,EASTERN CONDIMENTS PVT LTD
A7168,K K R AGRO MILLS PRIVATE LIMITED
A7169,VASUNDHARALAYAM COIR WORKS
A7170,PANDIKKAD TRADERS
A7171,EAST INDIA EXPORTS AND IMPORTS
A7172,ABAD FISHERIES PRIVATE LIMITED
A7173,SREE LEKSHMI CASHEW COMPANY
A7174,ALIN CASHEW
A7175,UNI GREEN  CONDIMENTS
A7176,KAISONS RUBBERS
A7177,PARAYIL EXPORTS
A7178,ABAD EXIM PVT LTD
A7179,CLASSIC HOME FURNISHING PVT.LTD
A7180,COIRART
A7181,The Natural Floors
A7182,SYNTHITE INDUSTRIES LIMITED
A7183,AMACO IMPEX PRIVATE LIMITED
A7184,RSA MARINES
A7185,A S Marine Industries Private Limited
A7186,KAIRALI EXPORTS
A7187,JAYAKRISHNA COIRS
A7188,GLOBAL FOODS
A7189,ACCELERATED FREEZE DRYING CO.LTD
A7190,THE UNITED COIR  FACTORIES
A7191,ST.MARYS CASHEW FACTORY
A7192,AL-GAYATHRI TRADING COMPANY PVT LTD
A7193,SARKAR HOLDINGS PRIVATE LIMITED
A7194,Jai hind Traders
A7195,HIGH RANGE SPICES
A7196,CAPITHAN EXPORTING COMPANY
A7197,INDAFRO IMPEX
A7198,VINAYAKA CASHEW COMPANY
A7199,INDIAN AQUATIC PRODUCTS
A7200,VERONICA MARINE EXPORTS PRIVATE LIMITED
A7201,KERALA BALERS PRIVTE LIMITED
A7202,CLASSIC FLOOR FURNISHINGS
A7203,BOS NATURAL FLAVORS PVT LTD
A7204,Jansons Balers
A7205,DIAMOND PLYWOODS
A7206,TORRY HARRIS SEAFOODS PRIVATE LIMITED
A7207,THREE STAR VEGETABLE EXPORTING AND IMPORTING
A7208,POYILIL INTERNATIONAL TRADING
A7209,NATIONAL SEAFOODS COMPANY
A7210,MEZHUKKATTIL MILLS
A7211,PRASANTHI CASHEW COMPANY PRIVATE LIMITED
A7212,ROCOWORLD
A7213,CRESCENT SEAFOODS PRIVATE LIMITED
A7214,MATS N MORE
A7215,MALABAR TRADERS
A7216,AQUA GENO EXIM
A7217,MASS EXPORTS
A7218,SAI EXPORT ENTERPRISES
A7219,SEVEN SEAS TRADING COMPANY
A7220,ANGELA COIR MILLS
A7221,AL BADR SEAFOODS PVT LTD
A7222,DELSEA EXPORTS PRIVATE LIMITED
A7223,MANGALAM WEB MEDIA PRIVATE LIMITED
A7224,KOTTARAM GLOBLAS
A7225,GTN TEXTILES LIMITED
A7226,MANNARKKAD STEELS PVT LTD
A7227,CHARANKATTU COIR MANUFACTURING COMPANY PRIVATE LIM
A7228,PRAKASH EXPORTS
A7229,International Freezfish Exports
A7230,XO PACK PVT LTD
A7231,COCHIN SURFACTANTS PRIVATE LIMITED
A7232,KERAFIBERTEX INTERNATIONAL PRIVATE LIMITED
A7233,D.C.Mills (P) Ltd
A7234,REMEX INTERNATINAL
A7235,GTN ENTERPRISES LIMITED
A7236,PEPPER INDIA CORPORATION
A7237,MANGALAM PUBLICATIONS  I  PVT LTD
A7238,MAS ENTERPRISES LIMITED
A7239,INTERSEAS
A7240,VIJAYALAXMI CASHEW CO
A7241,Lakshman and Company
A7242,HARRISONS MALAYALAM LTD
A7243,SIGMA TRADING COMPANY
A7244,INDIA FOOD EXPORTS
A7245,N KA FRUITS
A7246,SOUTHERN ISPAT AND ENERGY LTD
A7247,OASIS EXPORTERS
A7248,ST GREGORIOS CASHEW INDUSTRIES
A7249,CERAMIC CENTRE
A7250,EDAPPAYIL CYCLE WORLD
A7251,WECARE IMPORTERS AND MARKETING
A7252,Peninsular Traders
A7253,LOOMCRAFT
A7254,William Goodacre & Sons India PVT LTD
A7255,LORDS EXPORTS
A7256,FLOORATEX RUBBER & PLASTICS (P) LTD
A7257,Santhom Metacast Pvt Ltd
A7258,KULANGARA FRAME WORKS
A7259,N & N TRADERS
A7260,PEEKAY STEEL CASTINGS PRIVATE LIMITED
A7261,GEORGE AND COMPANY
A7262,PRIMUS GLOVES PVT LIMITED
A7263,TRADE LINERS AUTO PRIVATE LIMITED
A7264,NADA HEALTHCARE PRIVATE LIMITED
A7265,sri krishna enterprises
A7266,ALUMINIUM SPINNING MILLS
A7267,BETA HEALTHCARE PRODUCTS PVT LTD
A7268,PATSPIN INDIA LIMITED
A7269,PRESTIGE PAPER PRODUCTS
A7270,PROJECT GARMENTS PRIVATE LIMITED
A7271,RIA AGENCIES
A7272,MOON FISHERY  INDIA  PVT LTD
A7273,Bioingredia Natural Pvt Ltd.
A7274,RUBFILA INTERNATIONAL LTD
A7275,KITEX GARMENTS LIMITED
A7276,NANDANAM INTERIO
A7277,ABJEK INDIA ENGINEERS GROUP
A7278,AVT NATURAL PRODUCTS LIMITED
A7279,MATEX
A7280,V FOUR MARKETING
A7281,AQUASTAR
A7282,ASTER ENTERPRISE
A7283,KODANDARAM ROLLER FLOUR MILLS MILLS PVT LTD
A7284,NATURAL WOOD AND VENEERS PRIVATE LIMITED
A7285,ARIHANT BATHWARE
A7286,THE BOMBAY BURMAH TRADING CORPN.LTD
A7287,HADHI AQUA LINES
A7288,A.T.M RUBBER INDUSTRIES
A7289,BABY MARINE SEAFOOD RETAIL PVT LTD
A7290,WFB BAIRD AND COMPANY INDIA PRIVATE LIMITED
A7291,KMA PLY AND BOARDS
A7292,RF EXPORTS
A7293,TENNY JOSE LTD
A7294,REC GLOBAL
A7295,DEWTON INDUSTRIES
A7296,CONSOLIDATED WOOD INDUSTRIES
A7297,EXTRAWEAVE PRIVATE LTD.
A7298,RUBY ENTERPRISES
A7299,TATA CERAMICS LTD
A7300,TNF ASSOCIATE
A7301,Prime Links Global
A7302,TOMLUKES INDIA
A7303,HAPPY FEET
A7304,MELBON FURNITURE TRADING  INDIA  PVT LTD
A7305,SLS EXPORTS PVT LTD
A7306,PREMIER MARINE FOODS
A7307,M.A TRDING
A7308,CUIRASS DOORS PVT LTD
A7309,leoway internatinal pvt ltd
A7310,CEE JEE LUBRICANTS
A7311,SAFE PACKAGING SYSTEMS
A7312,STEEL HOUSE
A7313,Plantrich Agritech Pvt. Ltd
A7314,FACT RCF BUILDING PRODUCTS LTD
A7315,SENAI ENTERPRISES
A7316,AARABHI EXPORTS
A7317,EXCEL ENTERPRISES
A7318,AIM TRADERS
A7319,Salgo Minerals
A7320,K.K TRADERS
A7321,THAJ GROUP OF INTERNATIONAL
A7322,PAPSCO LED SOLUTIONS
A7323,GOBAL ENTERPRISE
A7324,ESCO  PIPES PVT LTD
A7325,HAQUANI INTERNATIONAL
A7326,BIOWIN AGRO RESEARXH
A7327,Nirdev Pigments & Paints
A7328,DECCAN METAL PROFILERS PRIVATE LIMITED
A7329,SEASON COIR EXPORTS
A7330,SHAJI TIMBER PRODUCTS
A7331,KCM APPLIANCES PRIVATE LIMITED
A7332,E WAY LOGISTICS
A7333,ASSOCIATED RUBBER CHEMICALS  KOCHI  PVT. LTD
A7334,ALPHA ASSOCIATES
A7335,UNIVERSAL PLYWOOD
A7336,PRASANTHI CASHEW COMPANY
A7337,TRAVANCORE MATS AND MATTING PRIVATE LIMITED
A7338,THOMSON IMPEX
A7339,BABY MARINE EASTERN EXPORTS
A7340,WONDERLAND RESORTS PRIVATE
A7341,Cee Vee Stores
A7342,VICTORY PLYWOOD DISTRIBUTORS
A7343,QUEEN-BEE VITALS PRIVATE LIMITED
A7344,Exim International
A7345,Taj Exports
A7346,DIAMOND FOOD PRODUCTS
A7347,ULTRAPRIME CEMENT INDIA PVT LTD
A7348,Duro Compounds
A7349,BPS LOGISTICS PVT LTD
A7350,BUSTHAN AL WATHANIYA
A7351,ARUNA CANE INDUSTRIES
A7352,KERALA BOOK HOUSE
A7353,ENTRY WAY SHIPING AND LOGISTICS PRIVATE LTD
A7354,LUKER ELECTRIC TECHNOLOGIES PVT LTD
A7355,AR TRADING COMPANY
A7356,Carotainer Equipments LLP
A7357,ST PAULS CASHEW FACTORY
A7358,SREERAM EXPORTS AND IMPORTS
A7359,AJWA DRY FRUIT IMPEX
A7360,PROMISIVE VENTURE
A7361,PARAYIL FOOD PRODUCTS PRIVATE LIMITED
A7362,COIR DUST INC
A7363,MAROTTIKKAL COIR WORKS
A7364,A.M.FISHERIES
A7365,ARUNDEV INDUSTRIES
A7366,Liberty Health Support Systems
A7367,VICTORY IMPEX CO
A7368,KADEEJA TIMBERS
A7369,HANEEN TRADING EXPORTING & IMPORTING
A7370,SUREKHA EXPORTS
A7371,WHITE ARROW GROUP OF COMPANIES
A7372,FORTUM INVESTRADE
A7373,RAFEEK TIMBERS
A7374,MODELER FASHION INTERNATIONAL
A7375,KL ABDUL SATHAR IMPEX PRIVATE LIMITED
A7376,AL KABEER EXPORTERS
A7377,MALABAR EXTRUSIONS PRIVATE LIMITED
A7378,TAJ EXPORT AND IMPORT
A7379,ROCH & RAY MERCANTILE PRIVATE LIMITED
A7380,SPANIO IMPEX
A7381,MANICKATHAN TRADERS
A7382,STABLE MAGNET WIRE  P  LTD
A7383,COCOFIBRE INDUSTRIES PRIVATE LIMITED
A7384,KC COCONUT PRODUCTS
A7385,Perumana Trading Pvt Ltd
A7386,EXCEL INTERNATIONAL
A7387,NATUREPRO INDUSTRIES
A7388,SMART FITNESS ZONE
A7389,PULIMOOTTIL ENTERPRISES
A7390,PARRY AGRO INDUSTRIES LIMITED
A7391,FILTROWIN INDUSTRIES
A7392,LUXURY METALS AND TECHNOLOGIES
A7393,RAVIXON EXPORTS
A7394,Crossings International Distribution
A7395,AT FORT INTERNATIONAL
A7396,KOTTACKAL AGRO FOODS
A7397,SK TRADERS
A7398,JAIN WIRENETTING CORPORATION
A7399,GOLD WOOD INDUSTRIES
A7400,RABITH EXPORTS
A7401,PETROSA GLOBAL CONCEPTS PRIVATE LIMITED
A7402,Wellness Enterprises
A7403,PONNORE ENTERPRISES LLP
A7404,SIEWERT AND DHOLAKIA OVERSEAS PRIVATE LIMITED
A7405,FLOOR GARDENS
A7406,PREMS INCORPORATES
A7407,SAI LEKSHMI CASHEW COMPANY
A7408,PANCHAL EXIM PVT LTD
A7409,Indian Resins and Polymers
A7410,Kerala Traders
A7411,CADILLAC INTERNATIONAL
A7412,INDIAN ORGANIC FARMERS PRODUCE COMPANY LTD
A7413,MARANDS TECHNOLOGIES PRIVATE LIMITED
A7414,HYGIENE FRESH
A7415,UPASANA EXPORTS
A7416,BBM TRAVEL RETAIL LIMITED
A7417,MCUBE EXIM LLP
A7418,BULKLINER LOGISTICS
A7419,THOMSON RUBBERS  INDIA  PVT. LTD.
A7420,FOOTERS EXPORTS & IMPORTS
A7421,ARABIAN BOOK HOUSE
A7422,OEN INDIA LIMITED
A7423,HERBAL ISOLATES  P  LIMITED
A7424,NATIONAL TIMBER AND PLYWOODS
A7425,ASHWITH TRADE LINKS AND SERVICES
A7426,HYDROLINE SPARES
A7427,OASIS AGENCIES
A7428,VAJRA PLASTICS
A7429,STONECOLD INTERNATIONAL
A7430,MAMMIES HEALTHCARE PRODUCTS PVT LTD
A7431,DIVLER
A7432,NAVNEET IMPEX
A7433,BHASKER INDUSTRIES PRIVATE LIMITED
A7434,PREM TEXTILES   INTERNATIONAL   PVT. LTD.
A7435,SHREE TIRUPATI BALAJEE FIBC LIMITED
A7436,VIPPY SPINPRO LTD
A7437,CANDOR TEXTILES PVT LTD
A7438,Gurudeo Exports Corporation Pvt. Ltd.
A7439,WEARIT GLOBAL LIMITED
A7440,FLEXITUFF VENTURES INTERNATIONAL LIMITED
A7441,SHANKAR SOYA CONCEPT
A7442,STONE TRADING
A7443,SAFEFLEX INTERNATIONAL LIMITED
A7444,DAAWAT FOODS LIMITED
A7445,KRASOMA BIOCHEM PRIVATE LIMITED
A7446,Commercial Syn Bags Ltd.
A7447,P.C.KANNAN & CO.
A7448,BULKPACK EXPORTS LIMITED
A7449,Shree Tirupati Balajee Agro Trading Co. Pvt. Ltd
A7450,NARSIM BAGS PVT LTD
A7451,GRASIM INDUSTRIES LIMITED
A7452,Karishma International
A7453,SEALWELL
A7454,FTI FOOD TECH PRIVATE LIMITED
A7455,INDIA NETS
A7456,RAJRATAN GLOBAL WIRE LIMITED
A7457,Jagannath Plastics Pvt. Ltd.
A7458,LECI IMPEX
A7459,Gwalior Stone Works
A7460,KRITI NUTRIENTS LIMITED
A7461,BHANDARI FOILS AND TUBES LIMITED
A7462,VENKATESH FOOD INDUSTRIES
A7463,ADVANCE MARKETING
A7464,KHK PRESSING AND FORGING PVT LTD
A7465,SAINATH INTERNATIONAL PRIVATE LIMITED
A7466,SANWARIA AGRO OILS LTD
A7467,UMIYA OVERSEAS
A7468,SHALEEN OVERSEAS
A7469,R P OVERSEAS
A7470,Innovative Clad Solutions Private Limited
A7471,CENTRAL INDIA FABRICS
A7472,VARCHASVA AGRO
A7473,SHRI SANTOSH TRADERS
A7474,SONIC BIOCHEM EXTRACTIONS LIMITED
A7475,FINE ART CENTRE
A7476,Venkatesh Surgical Cotton industries
A7477,Shri Sumati Oil Industries Private Limited
A7478,PRATAAP SNACKS PRIVATE LIMITED
A7479,MONTY CONFECTIONERY
A7480,Malwa Overseas Limited
A7481,SUR BASANT OVERSEAS
A7482,SUMIT TRADERS
A7483,AVI AGRI BUSINESS LIMITED
A7484,Shree Kailash Grain Mills Pvt. Ltd.
A7485,HERBAL DREAM AYURVEDA CREATIONS PVT. LTD.
A7486,VIRJO INTERNATIONAL
A7487,HAKIMJI ENTERPRISES
A7488,PLETHICO LABORATORIES PVT. LIMITED
A7489,ASHISH KUMAR MUKESH KUMAR
A7490,Scientech Technologies Pvt. Ltd.
A7491,Sailor Exports Ltd
A7492,SHREE NAKODA EXIM
A7493,APSARA TRADING COMPANY
A7494,Mittal Appliances Ltd
A7495,RUNEX
A7496,Impetus Infotech India  Pvt Ltd
A7497,DESEO OVERSEAS LLP
A7498,Kanti Beverages Pvt Ltd
A7499,KISAN MINERAL PVT LTD
A7500,Medi- Caps Ltd
A7501,S S IMEX PRIVATE LIMITED
A7502,RADIANCE OVERSEAS
A7503,Diwan Exports
A7504,RUNJHUN ENTERPRISES
A7505,WISCON PHARMACEUTICALS PRIVATE LIMITED
A7506,ARIBA FOODS PRIVATE LIMITED
A7507,Yash Vardhan And Co.
A7508,S. K. TIWARI CONSULTANCY SERVICE
A7509,Simran Feeds Private Limited
A7510,VINDHYA TELELINKS LTD
A7511,SHEETAL INDUSTRIES
A7512,PRAKASH OVERSEAS
A7513,SWASTIK FOOD
A7514,CAP & SEAL (INDORE) PVT LTD
A7515,MOHINI HEALTH & HYGIENE LIMITED
A7516,MITTAL UDYOG INDORE PVT LTD
A7517,ANDRITZ HYDRO PRIVATE LIMITED
A7518,PEETAMBARA STONE
A7519,Mahendra Industries
A7520,OM SMELTERS AND ROLLERS PRIVATE LIMITED
A7521,shine safe industries
A7522,Sagar Manufacturers Pvt. Ltd.
A7523,M G Food Product
A7524,SINGH CONSTRUCTION EQUIPMENTS & MACHINERY PVT LTD
A7525,GLOBAL IMPEX PRIVATE LIMITED
A7526,Midex Global Pvt Ltd
A7527,SAMRIDHI PACKAGING FILM PVT LTD
A7528,RUPAM INDUSTRIES
A7529,KATARIA PLASTICS PVT. LTD.
A7530,GLOBAL ART
A7531,NORTHERN COALFIELDS LIMITED
A7532,SHANTI OVERSEAS  INDIA  PRIVATE LIMITED
A7533,SHREE KALKA GLOBAL.
A7534,VIPPY INDUSTRIES LTD.
A7535,BISE ENTERPRISES
A7536,PMC EXPORTS
A7537,MYSORE DEEP PERFUMERY HOUSE
A7538,SIMTRAD OVERSEAS PVT LTD
A7539,Dev Ventures I Pvt. Ltd.
A7540,Gulbrandsen Catalysts Pvt. Ltd.
A7541,Parag Pentachem Private Limited
A7542,JAIN STONE INDUSTRIES PRIVATE LIMITED
A7543,FELIX GENERICS PVT LTD
A7544,SAI ENTERPRISES
A7545,SURAJ IMPEX  INDIA  PVT LTD
A7546,Shakti Pumps  India  Ltd.
A7547,Mahakali Foods Private Limited
A7548,UNITY PULP&PAPERS
A7549,ECO FAB PACKAGING PVT LTD
A7550,BAKERS VILLE  INDIA PVT LTD
A7551,SHRI RAM INDUSTRIES
A7552,TLS MERCANTILE PRIVATE LIMITED
A7553,SANDEEP TRADERS
A7554,PLASTICA INDUSTRIES
A7555,KODIXODEL PVT LTD
A7556,SYSTRON INTERNATIONAL
A7557,Honourable Packaging Private Limited
A7558,Pure Pharma Limited
A7559,SJU CHEMICALS
A7560,Emerald Industries
A7561,PRESTIGE FEED MILLS LIMITED
A7562,KMC ENGINEERING
A7563,Sai Baba Industries
A7564,Shreejeeplastic Industries
A7565,SHRI SIDDHI AGRI CHEM PRIVATE LIMITED
A7566,D.P. WIRES LIMITED
A7567,SHUBHAM IMPEX
A7568,CHHAJED PRINTERY PRIVATE LIMITED
A7569,Shreenath Multitrade Pvt. Ltd.
A7570,AGYA ENTERPRISE
A7571,WINDOW FASHION
A7572,VP Metalica
A7573,STONETRADING EXPORT PVT LTD
A7574,Rajat Agro Commodities Private Limited
A7575,Vishal Beverages Pvt Ltd
A7576,Pinnacle Industries Limited
A7577,ATTRACTIVE AUTOMOBILES
A7578,RAHUL ENTERPRISE
A7579,JAMNA SAREE
A7580,THAKUR OVERSEAS P LTD.
A7581,Amber Nutrition Private Limited
A7582,Mark Food Product
A7583,KABIR OVERSEAS
A7584,PTPL Tubing & Products Pvt. Ltd.
A7585,Innoweave Packaging Solutions Private Limited
A7586,D AND H SECHERON ELECTRODES PVT LTD
A7587,SuperEco Automotive Co. LLP
A7588,Case New Holland Construction Equipment I Pvt Ltd
A7589,BIRLA CABLE LTD
A7590,Rohan Enterprises
A7591,Biourja India Infra Private Limited
A7592,PARAS POLYFAB PVT LTD
A7593,BHAGIRATHI INTERNATIONAL TRADING
A7594,WANDERLAND REAL ESTATES PVT LTD
A7595,SHREE RAM TRADING COMPANY
A7596,Viscus Oils Pvt LTd
A7597,ASHISH KUMAR MUKESH KUMAR.
A7598,S D ENTERPRISES
A7599,SHRINIWAS POLYFABRICS & PACKWELL PVT. LTD.
A7600,SAHAJ IMPEX
A7601,Kaj Traders
A7602,Vintex Tools Pvt. Ltd.
A7603,PIRAMAL PHARMA LIMITED
A7604,MANJEET AGRO EXPORTS
A7605,THE SUPREME INDUSTRIES LIMITED
A7606,ANAAISHI GLOBAL PVT LTD
A7607,PATEL SEW JOINT VENTURE
A7608,MAL00 LAL GOKUL PRASAD
A7609,PARENTERAL DRUGS  INDIA  LTD
A7610,PAR FORMULATION PRIVATE LIMITED
A7611,Swastik Agro Impex  India  Private Limited
A7612,SAFFRON IMPEX
A7613,POLYFIC INTERNATIONAL PRIVATE LIMITED
A7614,AADINATH FLEXIPACK PVT LTD
A7615,JAI ENTERPRISES..
A7616,LUCKY CHEMICALS CORPORATION
A7617,SIDDHARTH SUPPLIERS & DISTRIBUTORS PVT. LTD.
A7618,SYNERGY OPTIC PVT LTD
A7619,MIMEX INDIA PRIVATE LIMITED
A7620,SAIFY TRADERS
A7621,SHOBHA SELAI MACHINE COMPANY
A7622,AGRAWAL OIL AN BIOCHEAM
A7623,Sanmay Building Solutions Private Limited
A7624,SAIFY HEALTHCARE AND MEDI-DEVICES INDIA  PVT. LTD
A7625,KEHEMS TECHNOLOGIES PVT LTD
A7626,AGS FOODS INDIA PVT LTD
A7627,AAMEYA POLYMERS LLP
A7628,KIRAN ENTERPRISES
A7629,PREMIER REFRACTORIES OF INDIA PRIVATE LIMITED
A7630,DEGREE DAY PVT LTD
A7631,shivani detergents pvt ltd
A7632,NAGAWAT TRADERS
A7633,Gold Filaments Pvt. Ltd.
A7634,Phoenix Poultry
A7635,Kalpana Trading  India  Private Limited
A7636,primo hardware
A7637,KCM INTERNATIONAL
A7638,VIRJO PHARMA AND CHEMICALS LIMITED
A7639,PRIMEPACK INDIA
A7640,AAKASH INDUSTRIES
A7641,Star Exotic
A7642,CHARU AGROPLAST PRIVATE LIMITED
A7643,GAJRAJ AGROTECH LLP
A7644,SACHIN IMPORTS
A7645,SHRIPAPER PRODUCT  INDORE  PVT LTD.
A7646,MADHYA BHARAT CERAMICS
A7647,Malwa Oxygen & Industrial Gases Pvt Ltd
A7648,RAJ AGRITECH PRIVATE LIMITED
A7649,Regent Industries India
A7650,SETHI AGRITECH PVT LTD
A7651,INSPROS ENGINEERS PVT LTD
A7652,Brand Concepts Ltd
A7653,SUR BASANT OVERSEAS PRIVATE LIMITED
A7654,EMERALD INDUSTRIES LIMITED
A7655,MARVI INDUSTRIES
A7656,SHRIVARAD POLYFAB P LIMITED
A7657,WINNERS MACHINERY WORKS
A7658,SRG ALUMINIUM PVT LTD
A7659,IMPERIAL INTERCON
A7660,SHREE GANPATI PLYCHEM PVT LTD
A7661,SVAPAN IMPORTS
A7662,KIYAAN ENTERPRISES
A7663,MP OVERSEAS
A7664,HINDUSTAN AGARBATTI GRIH UDYOG
A7665,ARIAN ENGINEERING PVT. LTD
A7666,SHRI NARAYAN IMPAC INDIA LLP
A7667,NBR COOLING SYSTEMS PRIVATE LIMITED
A7668,Saibaba Agrilink Private Limited
A7669,MAHESHWARI TRADERS
A7670,SHREE CHLORATES
A7671,JAI GIRIRAJ RICE AND AGRO MILLS PRIVATE LIMITED
A7672,B.K. Engineering
A7673,DRYTECH PROCESSES  I  Pvt.Ltd.
A7674,VIKAS ELECTRICALS
A7675,SAPTHSATHI ORGANIC AGRICULTURE PROJECT
A7676,SATGURU ORGANICS PRIVATE LIMITED
A7677,Gorani Industries Ltd.
A7678,SHREE KALKA GLOBAL
A7679,SHARDA MINERALS AND CHEMICALS PVT. LTD.
A7680,PANASONIC ENERGY INDIA CO.LTD.
A7681,KOTADIA ENGINEERS
A7682,KIRAN IMPEX
A7683,TALERA OVERSEAS
A7684,AA STONE IMPEX
A7685,TREASURE MANAGEMENT MALLS PRIVATE LIMITED
A7686,TALATI KITCHEN DESIGN  I  PVT LTD
A7687,SHREEPATI PHARMACEUTICALS PVT LTD
A7688,MITTAL COIN PVT LTD
A7689,MP-WIRES & CONDUCTORS PVT LTD
A7690,ARNA EXIM SERVICES
A7691,S.G.PHARMA
A7692,MAA CHAMUNDA ENTERPRISES
A7693,Arpit Plastics Pvt Ltd
A7694,SAI MACHINE TOOLS PVT LTD
A7695,ORGANIC WORLD PRIVATE LIMITED
A7696,FLEXI FUSION SYSTEM PRIVATE LIMITED
A7697,ALVEOR PLASTIC TECHNOLOGIES PRIVATE LIMITED
A7698,GOVERDHAN ENERGY AND PETROCHEMICALS PRIVATE LIMITE
A7699,DEEPAK TRADING CO
A7700,Auto & Machinery Spares Co.
A7701,ADI CHEMSOL LLP
A7702,S S ENTERPRISE
A7703,PARAGON STONES
A7704,UNILAB CHEMICALS AND PHARMACEUTICALS PVT.LTD.
A7705,LA SHIVE EXIM PVT LTD
A7706,Chemco Plastic Industries Pvt. Ltd
A7707,DNP FOODS LIMITED
A7708,S H EXIM INTERNATIONAL LLP
A7709,SHREE ODHAVRAM OVERSEAS
A7710,SHEKHAWATI POLY YARN LIMITED
A7711,SUPREME POLYWEAVE PVT.LTD.
A7712,Shamlax Metachem private limited
A7713,BSL FREIGHT SOLUTIONS PVT LTD.
A7714,Gujarat Fluorochemicals Limited
A7715,MANGALAM ORGANICS LIMITED  FORMERLY DUJODWALA PRODUCTS LIMITED
A7716,Suru Internatiional Pvt. LTd
A7717,IRIS INGREDIENTS
A7718,ALMAC LIFESTYLE PVT. LTD
A7719,MAXHEAL PHARMACEUTICALS (INDIA) LTD
A7720,MANHATTAN EXPORTS
A7721,TATA STEEL BSL LIMITED
A7722,SAGAR EXPORTS
A7723,ORIENTAL RUBBER INDUSTRIES PVT. LTD.
A7724,J K GRAPHICA
A7725,BHAVIN CONTAINERS P.LTD
A7726,REGENCY WOOD PRODUCTS
A7727,A.S.Moloobhoy Pvt Ltd
A7728,GRENTEX AND COMPANY PVT LTD
A7729,OOCL LOGISTICS INDIA PVT. LTD.
A7730,INDIAN TREAT LTD
A7731,Silverline Logistics Pvt. Ltd.
A7732,EVEREST FLAVOURS LTD
A7733,CILICANT CHEM PRIVATE LIMITED
A7734,SKC CHEMIE PVT LTD
A7735,ME N MOMS PVT.LTD
A7736,Suvino Exports Pvt. Ltd.
A7737,CHANAKYA TECHNOLOGIES ( INDIA ) PVT.LTD
A7738,SIDDHARTH COLORCHEM PVT. LTD.
A7739,LOK CHEMICALS PVT. LTD.
A7740,GANDHAR OIL REFINERY INDIA LTD
A7741,Specialty Polyfilms (INDIA) Pvt Ltd
A7742,Raees Rafik Bagwan
A7743,MAHAJAN IMPEX PVT LTD
A7744,SHIV INTERNATIONAL
A7745,DEEPA INTERNATIONAL
A7746,JSW Steel Coated Products Limited
A7747,REFRIGERATED DISTRIBUTORS PVT LTD
A7748,KSH INTERNATIONAL PRIVATE LIMITED
A7749,Deesan Cotex Pvt. ltd.
A7750,CENTURY TEXTILES & INDUSTRIES LTD
A7751,APL LOGISTICS  INDIA  PRIVATE LIMITED
A7752,I G PETROCHEMICALS LTD.
A7753,CHANDRA MATS PVT LTD
A7754,A-1 FENCE PRODUCTS COMPANY PRIVATE LIMITED
A7755,KULODAY PLASTOMERS PRIVATE LIMITED
A7756,SATYAM NXTGEN INDUSTRIES PRIVATE LIMITED
A7757,SAJJAN INDIA LTD.
A7758,SURYA WIRES
A7759,ANKITRAJ EXPOTRADE PRIVATE LTD
A7760,BHUMIRAJ EXPORTS
A7761,TEXPORT SYNDICATE (INDIA) LIMITED
A7762,ADVANCE PLASTICS
A7763,CHUNILAL PRABHUDAS & CO. (BOMBAY) PVT. LTD.
A7764,Arneg India Pvt Ltd
A7765,Supreme Petrochem Ltd
A7766,J. P. CORPORATION
A7767,JAYNIK ENGINEERS
A7768,HINDUSTAN INOX LIMITED
A7769,ETC AGRO PROCESSING (INDIA) PVT LTD
A7770,Longulf Trading India Private Limited
A7771,BDH INDUSTRIES LIMITED
A7772,THREE M PAPER MFG. CO. PVT. LTD.
A7773,NARENDRA PLASTIC PVT LTD
A7774,AURO  LABORATORIES  LIMITED
A7775,SANJAY VIVEK TRADING CO
A7776,Kothari International
A7777,GLONET MARKETING PVT. LTD.
A7778,UPL LIMITED
A7779,UNITED PHOSPHORUS  INDIA  LLP
A7780,Raka Exports
A7781,SOMEX INDIA IMPEX PRIVATE LIMITED
A7782,GLOBAL AGRITRADE INDIA PVT. LTD.
A7783,NEERAJ INTERNATIONAL
A7784,AVAM TECHNOLOGIES PVT.LTD.
A7785,STONE SHIPPERS LTD
A7786,ASIAN PLASTOWARES PVT LTD.
A7787,SHINGOTEX
A7788,Allanasons Private Limited
A7789,ULKA SEAFOODS PVT.LTD
A7790,K. PATEL DYECHEM IND. PVT. LTD
A7791,AARTI INDUSTRIES LIMITED
A7792,TRIOCHEM PRODUCTS LIMITED
A7793,SONAAIS EXPORTS
A7794,KEC International Limited
A7795,MAN TRUCKS INDIA PRIVATE LIMITED
A7796,TRAFIGURA INDIA PVT. LTD.
A7797,JABS INTERNATIONAL PVT LTD
A7798,SHALINA LABORATORIES PVT LTD
A7799,Honey Overseas
A7800,INDIAN PRODUCTS TRADING CO. PVT. LTD.
A7801,J  HEMCHAND AND COMPANY
A7802,HINDOOSTAN MILLS LTD
A7803,KALPVRAKSH IMPEX PVT. LTD.
A7804,SEAGULL TEX
A7805,JBF INDUSTRIES LTD
A7806,SHREEKAR POLYSTER PRIVATE LIMITED
A7807,OM SHREE  INTERNATIONAL PVT. LTD
A7808,UNIHIRA EXPORTS PVT LTD
A7809,SHRIRAM FOOD INDUSTRY PVT LTD
A7810,Foods And Inns Ltd
A7811,SOOD PAPER AND ALLIED CHEMICALS
A7812,MULTI ORGANICS PRIVATE LIMITED
A7813,Can Pack India Pvt Ltd
A7814,TKV MARKETING INDIA PRIVATE LIMITED
A7815,REGENCY SPICES LLP
A7816,SANATHAN TEXTILES PVT. LTD.
A7817,SAVERA AUTO COMPS PRIVATE LIMITED
A7818,PANAMA PETROCHEM LTD
A7819,S & S EXPORT
A7820,Prime Impex
A7821,MAN DIESEL AND TURBO INDIA PRIVATE LIMITED
A7822,Jaykal Exports Pvt Ltd
A7823,BHIM POLYFAB INDUSTRIES
A7824,NINE UP FROZEN FOODS
A7825,J.V.GOKAL & CO PVT LTD
A7826,EXCEL CONTROLINKAGE PVT LTD
A7827,CHANDRASHEKHAR EXPORTS PVT LTD
A7828,H K IMPEX PVT LTD
A7829,NAIK OCEANIC EXPORTS
A7830,BHANSALI INC
A7831,RAMA EXPORTS
A7832,HORIZON TRADERS
A7833,ARIHANT FIBRO PLAST
A7834,Fancy Fittings Ltd.
A7835,ADVANTAGE EXPORTS PVT LTD
A7836,SWARUP INTERNATIONAL
A7837,HARISHELLAC INDUSTRIES
A7838,Flamingo Pharmaceuticals Limited
A7839,SARAH EXIM PRIVATE LIMITED
A7840,TARSEEL EXPORTS
A7841,SURYA TRADING CO
A7842,NOVEL GLOBAL INC
A7843,LUCID COLLOIDS LTD
A7844,NAIK SEAFOODS PVT LTD
A7845,POLSON LIMITED
A7846,AGT FOODS INDIA PVT LTD
A7847,ATLANTIC AIR & OCEANFREIGHT SERVICES PVT LTD
A7848,INDIAN TREAT FOODS
A7849,MPCL Industries Limited
A7850,SIGMA ELECTRIC MFG CORP PVT LTD
A7851,Porocel India Limited
A7852,POLYRUB COOPER STANDARD FTS PVT.LTD.
A7853,GREAT IMPEX
A7854,THYKN (INDIA) INTERNATIONAL
A7855,FEM EXPORTS
A7856,MEGAPLAST INDIA PRIVATE LIMITED
A7857,DHOOT COMPACK PRIVATE LIMITED
A7858,POPAT RAJA & SONS
A7859,Aqua Marine
A7860,NAVIO SHIPPING AND CLEARING AGENCY
A7861,NGL FINE CHEM LIMITED
A7862,Mahakoshal Refractories Pvt Ltd
A7863,GIMATEX INDUSTRIES PRIVATE LIMITED
A7864,SWANI SPICE MILLS PVT LTD
A7865,ASHAPURA CLAYTECH LIMITED
A7866,AMI EXPORTS
A7867,PUJAN ENTERPRISE
A7868,MEHTA PETRO REFINERIES LIMITED
A7869,Sonal Adhesives Limited
A7870,VANI IMPEX
A7871,shlogam agro pvt. ltd.
A7872,TRANSEXIM COMMODITIES INDIA PVT LTD
A7873,Venkatesh S Chilka
A7874,ORGO CHEM  GUJARAT  PVT. LTD
A7875,AL WAHID TRADERS
A7876,VIJAY IMPEX
A7877,UNIPHOS INTERNATIONAL LIMITED
A7878,ADINATH PRINT SERVICE
A7879,Frigerio Conserva Allana Private Limited
A7880,Tpac Packaging India Pvt.Ltd
A7881,Rajiv Plastic Industries
A7882,SAYA OVERSEAS
A7883,ASHOK ALCO-CHEM LTD
A7884,K.PATEL CHEMOPHARMA PVT. LTD
A7885,ASHAPURA PERFOCLAY LIMITED
A7886,GIRNAR FOOD & BEVERAGES PVT LTD
A7887,Rajiv Plastics Private Limited
A7888,Argo Biochem Private limited
A7889,PAN-CHEM CORPORATION
A7890,ARTHA MINERAL RESOURCES
A7891,Gujarat Organics Limited
A7892,Guybro Chemical Private limited
A7893,ESSEL PROPACK LTD
A7894,Nandolia Organic Chemicals Pvt Ltd
A7895,SB RESHELLERS PVT LTD
A7896,ASTEC LIFESCIENCES LTD.
A7897,SHANKARLAL BHANJI THAKKAR
A7898,KRUSHNA COTEX PVT. LTD.
A7899,HEJAZI FOODSTUFF PVT. LTD
A7900,Bizant Chemie Pvt. Ltd
A7901,METRO EXPORTERS PRIVATE LIMITED
A7902,AVI WORLDWIDE PRIVATE LIMITED
A7903,Al Qadir Trading
A7904,WALLFRIN EXPORTS
A7905,SONIA FISHERIES PVT. LTD
A7906,choice shipping lines  a divn. of choice trading c
A7907,GUJARAT TOBACCO CO
A7908,FRP SERVICES AND CO. INDIA PRIVATE LIMITED
A7909,YOGESHWAR RICE MILL
A7910,JEENA & CO
A7911,SONODYNE INTERNATIONAL PRIVATE LIMITED
A7912,Freedom Fragrances
A7913,UMEUS UNITED PVT.LTD
A7914,NAGPUR PYROLUSITE PRIVATE LIMITED
A7915,Allied India Eximp
A7916,ORGANIC PRODUCTS INDIA
A7917,MARDA IMPEX
A7918,BANG POLYPACKS   A DIV. OF BANG DATA FORMS P.LTD
A7919,DIVYA HOUSEHOLD UTENSILS PVT.LTD.
A7920,A.D.P. IMPEX
A7921,POLYNOVA INDUSTRIES.LTD.
A7922,Shadow Exports
A7923,MYSORE AMMONIA PRIVATE LIMITED
A7924,NEON LABORATORIES LIMITED
A7925,MANMOHAN MINERALS & CHEMICALS  P  LTD - INDIA
A7926,Tufropes Private Limited
A7927,FERTIBON PRODUCTS
A7928,R.R.PLAST EXTRUSIONS PRIVATE LIMITED
A7929,SADHANA TRADING CORPORATION
A7930,AYUSH ACRYPLAST
A7931,JANHAVI ENTERPRISES
A7932,LATHIA TRADERS
A7933,Shree Connceto
A7934,EVEREST GLOBAL
A7935,CRYSTAL PLASTICS & METALLIZINIG PVT.LTD.
A7936,KAVIS FASHIONS PRIVATE LIMITED
A7937,FORSTAR FROZEN FOODS PRIVATE LIMITED
A7938,IMPEXCO AGRO TRADING PRIVATE LIMITED
A7939,M.C.Irabatti Weaving Mill
A7940,LOTUS IMPEX
A7941,Pratap Plastics
A7942,Balkrishna Industries Limited
A7943,MAYA GLOBAL PVT. LTD.
A7944,ASHWA MINERALS PRIVATE LIMITED
A7945,Sanjay Chemicals
A7946,Tit-Bit Foods  India  Pvt. Ltd.
A7947,MANGANESE PRODUCTS CORPORATION
A7948,SAFAL FOOD PRODUCTS PRIVATE LIMITED
A7949,SIDDHARTH ENTERPRISES
A7950,Maschio Gaspardo India Private limited
A7951,KANAK METAL & ALLOYS
A7952,GENERAL EXPORT ENTERPRISES
A7953,HALDIRAM FOODS INTERNATIONAL PVT. LTD
A7954,LIFE TIME IMPEX
A7955,MAGANLAL SHIVRAM & COMPANY
A7956,Vraj International LLP
A7957,SUMAL INDIA
A7958,PROVOGUE (INDIA) LIMITED
A7959,DIVYA KITCHENWARE PRIVATE LIMITED
A7960,BALAJI AMINES LTD
A7961,KKP PETCHEM PVT. LTD.
A7962,TOPAZ INTERNATIONAL
A7963,MINEPRO MINERALS PVT LTD
A7964,SURYAAMBA SPINNING MILLS LTD
A7965,VIJAY BEDANA PROCESSING UNIT
A7966,SAMSONS TRADING CO PVT LTD
A7967,SHAMS INTERNATIONAL
A7968,SARUDHA INDUSTRIES
A7969,Lakhani Dyestuffs Pvt. Ltd.
A7970,Al Ahad Enterprises
A7971,INTERMED
A7972,GRP LIMITED
A7973,Godrej Industries Limited
A7974,TAPADIA POLYESTERS PVT LTD
A7975,INTERNATIONAL TRADING CORPORATION INDIA
A7976,SETCO AUTOMOTIVE LIMITED
A7977,OM GROUP
A7978,HERBS N SPICES INTERNATIONAL
A7979,SOHAM IMPEX (INDIA)
A7980,Pioma Chemicals
A7981,RHODIA SPECIALTY  CHEMICALS INDIA LIMITED
A7982,Parekhplast India Limited
A7983,HEMANI INDUSTRIES LIMITED
A7984,JAI GURUDEV INDUSTRIES & WAREHOUSING
A7985,INNOVATIVE CHEMICALS
A7986,AN-NAAFI EXPORTS
A7987,Credence Remedies Pvt. Ltd.
A7988,Akzo Nobel India Lted
A7989,KANAV AGRONOMY
A7990,KRISHNA CREATIVE CARDS PRIVATE
A7991,GLOBAL ENERGY FOOD INDUSTRIES PVT LTD
A7992,TRIDENT IMPEX
A7993,BIG IMPORTS AND GIFTS
A7994,PATCART PACKAGING P.LTD
A7995,FORTUNE CHEMICALS AND ALLIED INDS.
A7996,SEACATCH INTERNATIONAL
A7997,BP Ergo Ltd
A7998,PRISM CEMENT LIMITED
A7999,FORMS
A8000,K.P.OVERSEAS
A8001,JAYCEE RESOURCES PRIVATE LIMITED
A8002,CERAFLUX INDIA PVT LTD
A8003,National steel and Agro Industries Limited
A8004,Indian Writing Instruments Pvt. Ltd
A8005,CHASE BRIGHT STEEL LIMITED
A8006,Pentagon Exim Private Limited
A8007,BHOJWANI UNIVERSAL IMPEX PVT LTD
A8008,SUNSHIELD CHEMICALS LTD
A8009,Indagro Foods Private Limited
A8010,FINNS FROZEN FOODS (INDIA) LTD
A8011,Guarniflon India Pvt. Ltd.
A8012,LASENOR INDIA PRIVATE LIMITED
A8013,Saifco Trading & industries
A8014,AL SHAIKH TRADING CO
A8015,JKT NUT COMPANY LLP
A8016,A S FOOD
A8017,Esteem Shipping and Logistics
A8018,MEDI PHARMA DRUG HOUSE
A8019,Vohra Agencies
A8020,A.R. Exports
A8021,ADVANCE POWER DISPLAY SYSTEMS LTD
A8022,FINORNIC CHEMICALS INDIA PVT LTD
A8023,PRAGATI GLASS PRIVATE LIMITED
A8024,THAMES AGRI
A8025,RAMNIKLAL S. GOSALIA AND CO.
A8026,L. CHHOTALAL AND COMPANY
A8027,STANDARD RETAIL PVT LTD
A8028,Dolphin Overseas
A8029,OVERSEAS TIMBER CORPORATION
A8030,FINE ORGANIC INDUSTRIES LIMITED
A8031,RANDWIN EXIM PVT LTD
A8032,SUNFLAG IRON & STEEL COMPANY LIMITED
A8033,PARVATI ENTERPRISES
A8034,SHALCO INDUSTRIES PVT LTD
A8035,Welspun Global Brands Ltd
A8036,SUNITA EXPORTS
A8037,DELTA FINOCHEM PVT.LTD
A8038,SUDARSHAN CHEMICAL INDUSTRIES LIMITED
A8039,Godawari Udyog
A8040,VVF India Ltd
A8041,STAR IMPEX
A8042,Rudani Enterprises
A8043,Akash Purochem Pvt Ltd
A8044,D.C.DYES & PIGMENTS PVT LTD
A8045,S.G.SPICE & SEED TRADING CO PVT LTD
A8046,VEERRAL AGRO TECH
A8047,HARMAN PLASTIC INDUSTRIES
A8048,JKT ENTERPRISES PVT LTD
A8049,TAINWALA PERSONAL CARE PRODUCTS PVT LTD
A8050,DOSCH PHARMACEUTICALS PVT. LTD.
A8051,GREEN VISION TECHNICAL SERVICES
A8052,USHA EXPORTS
A8053,ALLY PHARMA OPTIONS PVT LTD
A8054,mayfair exports
A8055,LYKIS LIMITED
A8056,Bizant Chemie
A8057,Suresh Export
A8058,ORIENT IMPEX PTE
A8059,C. K. EXPORT IMPORT
A8060,RAM INTERNATIONAL
A8061,INTERNATIONAL TRADING CORPORATION (INDIA) PVT LTD
A8062,DAMODAR INDUSTRIES LIMITED
A8063,Camphor & Allied Products Ltd
A8064,SRS UNISTRAW PRIVATE LIMITED
A8065,DECCAN CANS & PRINTERS PVT. LTD.
A8066,PRAVESH SEAFOOD PRIVATE LIMITED
A8067,M LALLUBHAI & CO
A8068,DANASHMAND ORGANIC PVT LTD
A8069,Deeps international
A8070,Diamond agro produce inc
A8071,RING PLUS AQUA LTD
A8072,MUSKAAN INDUSTRIES
A8073,SHRI KALBHAIRAV COLD STORAGE PVT LTD
A8074,Worldwide Oilfield Machine Private Limited
A8075,POLYGENTA TECHNOLOGIES LIMITED
A8076,ATLANTIC LUBRICANTS & SPECIALITIES PRIVATE LIMITED
A8077,ADHITHYA INTERNATIONAL
A8078,Lyynx International
A8079,SAI IMPEX
A8080,AJANTA MARBLES PVT LIMITED
A8081,VINODRAI ENGINEERS PVT LTD
A8082,Banswara Syntex Limited
A8083,Trucut Tools (I)Pvt.Ltd.
A8084,SHREE ODHAVRAM TEXTILES
A8085,Star Worldwide Group Pvt Ltd
A8086,EVERSHINE RAISIN PROCESSORS
A8087,DAMAN POLYFABS
A8088,G. AMPHRAY LABORATORIES
A8089,JAY JAGDAMBA PROFILE PRIVATE LIMITED
A8090,KALASH INTERNATIONAL
A8091,Future Supply Chain Solutions Ltd
A8092,Al-Gyas Exports Pvt Ltd
A8093,ARIHANT EXPORTS INDIA
A8094,COLUMBIA PETRO CHEM PRIVATE LIMITED
A8095,MALAS FRUIT PRODUCTS
A8096,CHAWRA PLASTICS
A8097,Gartech Equipments Private Limited
A8098,AL KARIM EXPORTS PVT. LTD.
A8099,MAPLES GREAT DAY FOODS PRIVATE LIMITED
A8100,ANS EXPORTS
A8101,VENUS WIRES INDUSTRIES PVT LTD
A8102,Frigorifico Allana Private Limited
A8103,ACG Associated Capsules Private limited
A8104,NAKODA PLAST INDUSTRIES
A8105,ALKA CHEMICAL INDUSTRIES
A8106,INDO COUNT INDUSTRIES LTD
A8107,TRANSLINK LOGISTICS PRIVATE LIMITED
A8108,SHRI VENUE EXPORTS
A8109,PRASHI PHARMA PRIVATE LIMITED
A8110,TRINITY PLAST
A8111,S.M.THAKKAR
A8112,AXELON INTERNATIONAL
A8113,UNIVERSAL CONFECTIONARY & FOOD PRODUCTS PVT LTD
A8114,KASYAP SWEETNERS  LIMITED
A8115,POLYCAB INDIA LIMITED
A8116,CROMPTON GREAVES LIMITED
A8117,S.R.INTERNATIONAL
A8118,R.N. Laboratories Private limited
A8119,EURO VISTAA (INDIA) LIMITED
A8120,JAIN IRRIGATION SYSTEMS LTD
A8121,VIJAYA ENTERPRISES
A8122,AKAR AUTO INDUSTRIES LTD
A8123,ATLAS WOOD PRODUCTS
A8124,PIX TRANSMISSIONS LTD
A8125,IPCA LABORATORIES LTD
A8126,SIMMONDS MARSHALL LIMITED
A8127,SANYAM EXPORT
A8128,SIMPLEX CHEMOPACK PRIVATE LIMITED
A8129,PANACHE ORGANICS
A8130,HINDALCO INDUSTRIES LIMITED
A8131,RASOYA PROTEINS LIMITED
A8132,SANZI GROUP IMP AND EXP
A8133,Emerson Process Management  India  Private Limited
A8134,ELEGANZA FURNISHINGS PVT LTD
A8135,TARANG EXPORTS
A8136,AVM INTERNATIONAL
A8137,MYSORE SUGANDHI DHOOP FACTORY PVT LTD
A8138,ECHJAY FORGINGS PVT.LTD.
A8139,CHEMOCID IMPEX PVT. LTD.
A8140,BANBURY IMPEX PRIVATE LIMITED
A8141,CAMLIN FINE SCIENCES LTD
A8142,JAI MAHALKSHMI EXPORTS
A8143,ASIAN FRESH
A8144,NAIK FROZEN FOODS PVT LTD
A8145,PUNJANI EXPORTS
A8146,SRP OVERSEAS
A8147,SHROTRA ENTERPRISES PRIVATE LIMITED
A8148,CITY CAT INTERNATIONAL LTD
A8149,Godrej & Boyce Mfg. Co. Ltd.
A8150,PJEXPORTS
A8151,STREAMFLOW POLYWEAVE PRIVATE LIMITED
A8152,AURUS GLOBAL LLP
A8153,CROMPTON GREAVES CONSUMER ELECTRICALS LIMITED
A8154,BHARAT CONTAINERS  NAGPUR  PVT. LTD.
A8155,BHARTI FOODS
A8156,HALIDES CHEMICALS PRIVATE LIMITED
A8157,S V S Chemical Corporation
A8158,IPTC INDIA
A8159,SHAH EXPORTS
A8160,NATROYAL INDUSTRIES PVT. LTD.
A8161,Gadre Marine Export Private limited
A8162,ANS
A8163,TRIDENT CRETAION
A8164,JAYPEE FORGE PRIVATE LIMITED
A8165,Nimex Trading Corporation
A8166,PAVRI KYANITE MINES
A8167,FALCON INTERNATIONAL
A8168,DKI APPAREL PVT. LTD.
A8169,DUCOL ORGANICS & COLOURS PVT.LTD.
A8170,MAGNUM OVERSEAS INDIA
A8171,SHARDA INDUSTRIAL CORPORATION
A8172,TRANS ATLANTIC TRADERS
A8173,SANGAM INDIA LIMITED
A8174,MUKAND  EXPORTS
A8175,Premium Polyalloys Pvt.Ltd.
A8176,Umedica Laboratories Pvt.Ltd.
A8177,A B AGRO GLOBAL EXIM
A8178,ART YARN EXPORTS INDIA PRIVATE LIMITED
A8179,HINDUSTHAN ENGINNERING AND INDUSTRIES LIMITED
A8180,Maharashtra Solvent Extraction Private Limited
A8181,PARTH INTERNATIONAL
A8182,ATTAR GLOBAL
A8183,ODYPHARM INDIA PRIVATE LIMITED
A8184,Seascope Exports
A8185,SUBHLAXMI ENTERPRISES
A8186,LOPAREX INDIA PRIVATE LIMITED
A8187,Jell Pharmaceuticals Private Limited
A8188,MAKWELL ORGANICS PVT LTD
A8189,MAKWELL PLASTISIZERS PVT LTD
A8190,ASHAPURA INTERNATIONAL LIMITED
A8191,Kimberly-Clark Lever Pvt. Ltd.
A8192,ELTEE OVERSEAS
A8193,BHAVI TUBES & CONTAINERS PRIVATE LIMITED
A8194,AMBER INTERNATIONAL
A8195,PRABHA ENGINEERING PRIVATE LIMITED
A8196,UNIVERSAL IMPEX
A8197,ARCTIC AGRO FOODS PRIVATE LIMITED
A8198,Manubhai Vithaldas Exports Pvt.Ltd.
A8199,RADCOM PACKAGING PRIVATE LIMITED
A8200,RISHIROOP POLYMERS PVT LTD
A8201,MERCANTILE ENTERPRISES
A8202,SARAF CHEMICAL PRIVATE LIMITED
A8203,GINNY FOOD
A8204,V. P. BEDEKAR AND SONS PVT. LTD.
A8205,SAHYOG EXPORTS PRIVATE LIMITED
A8206,KAPOOR GLASS  INDIA  PRIVATE LIMITED
A8207,UNILEVER INDIA EXPORTS LTD
A8208,ROYAL CARGO LOGISYS
A8209,vritti impex pvt Ltd
A8210,Solutia Chemicals India Private Limited
A8211,SIVANTA INTERNATIONAL
A8212,SKYLINE INTERNATIONAL
A8213,BHAGWANJI AND COMPANY
A8214,J.J. POLYPLAST PVT. LTD.
A8215,LI Trading Pvt. Ltd.
A8216,SAKSHI TRADERS
A8217,PMT MACHINES LIMITED
A8218,CHEMICOAT
A8219,SHRUTI INDUSTRIES
A8220,RISHABH PLAST
A8221,ATC TIRES PRIVATE LIMITED
A8222,Regency Textiles
A8223,Krishna Antioxidants Pvt. Ltd.
A8224,TECHFAB (INDIA) INDUSTRIES LTD
A8225,KAMALGANGA EXPORTS PRIVATE LIMITED
A8226,ANSAPACK PVT LTD
A8227,ag printing thickners india llp
A8228,P. P. IMPEX  INDIA
A8229,Godrej Consumer Product Limited
A8230,WELLKNOWN POLYESTERS LIMITED
A8231,GOODEARTH AGROCHEM PVT. LTD.
A8232,PEE VEE TEXTILES LIMITED
A8233,ASHAPURA MINECHEM LIMITED
A8234,ASHAPURA OVERSEAS PRIVATE LIMITED
A8235,Lucro
A8236,SUAM OVERSEAS PRIVATE LIMITED
A8237,Premcem Gums Pvt. Ltd
A8238,Agra Engineering Company
A8239,Cytec India Specilty Chemicals and Materials P L
A8240,SETCO CHEMICALS (I) PVT LTD
A8241,LAXMI SOAP FACTORY
A8242,Pratap Organics Pvt. Ltd.
A8243,GLOBAL EXIM
A8244,PREMIUM EXPORTS
A8245,ARWIN TEX INDUSTRIES
A8246,VETBIOCHEM INDIA PVT. LTD.
A8247,GEPACH INTERNATIONAL
A8248,PARAS INDIA EXPORTS
A8249,KIAN
A8250,VASAI FROZEN FOOD CO.
A8251,SUPER IMPEX
A8252,TIME TECHNOPLAST LTD
A8253,POHOOMAL WORLDWIDE EXPORTS PRIVATE LIMITED
A8254,SKY CHEM
A8255,PV SONS CORN MILLING COMPANY PRIVATE LIMITED
A8256,FAZE THREE LIMITED
A8257,ODYSSEY ORGANICS PVT LTD
A8258,MAHAVEER EXTRUSIONS PRIVATE LIMITED
A8259,PRABHAT ELASTOMERS PRIVATE LIMITED
A8260,KANCHAN ENTERPRISES
A8261,TAJ FROZEN FOODS INDIA LTD.
A8262,Calderys India Refractories Limited
A8263,MAHIMA TEXTILES
A8264,AGRICULTURE  PRODUCE EXPORTERS  APEX
A8265,APEX CONSUMER APPLIANCES PRIVATE LIMITED
A8266,AMBER DISTILLERIES LIMITED
A8267,LYKA BDR INTERNATIONAL LTD
A8268,NB Entrepreneurs
A8269,RAMAN & WEIL PRIVATE LIMITED
A8270,ISC MACHINES PVT. LTD.
A8271,APM GROUP
A8272,Ganesh Benzoplast Limited
A8273,CLASSIC MARBLE COMPANY PRIVATE LIMITED
A8274,S S B METAL WORKS
A8275,EUCLID
A8276,GLOBAL WOOL ALLIANCE PVT. LTD
A8277,AMOLIK PRECISION MACHINES
A8278,Disha International
A8279,GANESH GRINDING MILLS PVT.LTD.
A8280,POLYDRUG LABORATORIES PRIVATE LIMITED
A8281,JAYCEE JEWELLERS
A8282,Morsun Coating Systems   Prop. S.P.V.C P.Ltd
A8283,AB Petrochem Private Limited
A8284,KJV Alloys Conductors Private Limited
A8285,MILES INTERNATIONAL
A8286,SWASTIK METAL ROLLING MILLS
A8287,INDOWORTH INDIA LTD.
A8288,RISHIROOP LIMITED
A8289,Sealink Impex
A8290,RAJDEEP CANS PVT LTD
A8291,KKALPANA INDUSTRIES  INDIA  LIMITED
A8292,GAURAV CHEMICALS
A8293,ALL TIME PLASTICS PVT.LTD
A8294,BHUMI COTTON PVT LTD
A8295,S. MANSUKHLAL & CO.
A8296,Vinati Organics Limited
A8297,SWAN OVERSEAS
A8298,WEST COAST FROZEN FOODS PRIVATE LIMITED
A8299,OC SPECIALITIES PVT. LTD
A8300,Cosmos Trade International (FZE)
A8301,ACHARYA EXPORTS
A8302,AHMED INDUSTRIES
A8303,ACR ENGINEERING SALES & SERVICES PRIVATE LIMITED
A8304,AMMAR INTERNATIONAL
A8305,CHEMINOVA INDIA LIMITED
A8306,RSD IMPEX TRADERS PRIVATE LIMITED
A8307,KOLORJET CHEMICALS PRIVATE LIMITED
A8308,FINEARC SYSTEMS PRIVATE LIMITED
A8309,NAHAR TEXTILES PRIVATE LIMITED
A8310,COSMA INTERNATIONAL INDIA PRIVATE LIMITED
A8311,BEAUTIFUL GARMENTS
A8312,GNT EXPORTS
A8313,DIGICHEM INDUSTRIES
A8314,Sai Export
A8315,SHAH FABRICATORS PVT. LTD
A8316,VISAKA INDUSTRIES LIMITED
A8317,ENERCON PIPES & FITTINGS INDUSTRIES
A8318,KHOJATI AYURVED PHARMA
A8319,SOMOCHEM INDIA PRIVATE LIMITED
A8320,S.G.PLASTIC INDUSTRIES
A8321,ARYSTA LIFE SCIENCS INDIA LTD
A8322,R G KASAT INDUSTRIES P LTD
A8323,Mahika Packaging (India) Ltd.
A8324,FLORESSENCE PERFUMES PVT. LTD.
A8325,SONEN IMPEX PRIVATE LIMITED
A8326,SPACEWOOD FURNISHERS PVT LTD
A8327,ISHWAR EXPORTS
A8328,MAGNUM LUBRICANTS  INDIA  PVT LTD
A8329,TECHNO PLAST INDUSTRIES
A8330,SAABIA INTERNATIONAL
A8331,Kedar Metals Private Limited
A8332,MOUNT MERU INDIA PVT. LTD.
A8333,ANAND ARC LIMITED
A8334,POLYGEL INDUSTRIES PRIVATE LIMITED
A8335,DICITEX FURNISHINGS PRIVATE LIMITED
A8336,GAUTAM EXPORT CORPORATION
A8337,ALOK INDUSTRIES LIMITED
A8338,JAI CORP LIMITED
A8339,SELECTIVE MINERALS & COLOR INDS. P. LTD
A8340,AMRUTVA EXPORTS PVT. LTD.
A8341,Marico Limited
A8342,SANCHITA MARINE PRODUCTS PVT. LTD.
A8343,N R AGARWAL INDUSTRIES LTD.
A8344,RLC ENGINEERS PRIVATE LIMITED
A8345,CHERYL LABORATORIES PVT. LTD
A8346,KANDI ENGINEERING PRIVATE LIMITED
A8347,AMAR EXIM
A8348,ARIHANT GOLD PLAST PRIVATE LIMITED
A8349,AGARWAL FASTNERS PVT.LTD.
A8350,S.B.DUNGARPURWALA & CO.
A8351,Regency Exports Pvt. Ltd.
A8352,KARUNYA MARINE EXPORTS PVT LTD
A8353,PRIDE FRESH PRODUCE
A8354,MAC IMPEX
A8355,LAHOTI OVERSEAS LTD
A8356,GULNAR PLASTICS PVT. LTD
A8357,SUPERMAX PERSONAL CARE PRIVATE LIMITED
A8358,DINESHKUMAR MANOJKUMAR
A8359,SAFAL TRADERS
A8360,Ratnakar Canning Industries
A8361,FIBRE FOILS LIMITED
A8362,UNIVERSAL STARCH CHEM ALLIED LIMITED
A8363,NAVNEET EDUCATION LTD
A8364,SEASKY RAIMENTS PRIVATE LIMITED
A8365,UNIMARK MACHINES PRIVATE LIMITED
A8366,PRATIBHA SYNTEX LTD
A8367,APAR INDUSTRIES LIMITED
A8368,NILE IMPEX
A8369,ZIM LABORATORIES LTD
A8370,DEVANSHI DYESTUFF
A8371,JAYANT COLOR & CHEMICAL INDUSTRIES
A8372,LITA INDUSTRIES
A8373,GADRE MARINE EXPORT
A8374,DNH SPINNERS PRIVATE LIMITED
A8375,YAMUNA MACHINE WORKS LIMITED
A8376,SKF EXPORTS
A8377,J.M.VASNANI ENGINEERING CO.
A8378,LEXI PRIVATE LIMITED
A8379,Hexagon Nutrition Private Limited
A8380,NYKA STEELS  PRIVATE LIMITED
A8381,BHAGERIA INDUSTRIES LIMITED
A8382,VAKS PHARMA PRIVATE LIMITED
A8383,Reva Exports
A8384,CELLO INTERNATIONAL PRIVATE LIMITED
A8385,JAINEX LIMITED
A8387,NISHIGANDHA POLYMERS P LTD.
A8388,Living Century Textiles Pvt. Ltd.
A8389,STAR SYNDICATE LLP
A8390,Chemfield Cellulose Private Limited
A8391,JIVAJI RASULJI BHINDERWALA
A8392,SHREE TATYASAHEB KORE WARANA SSK LTD.
A8393,Rangeela Exports
A8394,POLYSIL PIPES
A8395,BALAJI EXPORTS
A8396,ASAR BROTHERS.
A8397,HENKEL ADHESIVES TECHNOLOGIES INDIA PVT.LTD.
A8398,AVLANI EXPORTS
A8399,RIZVI TRADERS
A8400,NIRAV COMMERCIALS LIMITED
A8401,Shivoham International
A8402,GHATGE PATIL INDUSTRIES LIMITED
A8403,AKSHAR IMPEX
A8404,VISTA PACKAGING PRIVATE LIMITED
A8405,Lombardini India Private Limited
A8406,RAJA IMPEX
A8407,SHRIRAM INDUSTRIES
A8408,TRADE KING
A8409,ANUPAM STATIONERY LIMITED
A8410,BOMBAY FRUITS AND VEGETABLES IMPORT EXPORT PVT LTD
A8411,SUMANGALAM EXPORTS PVT LTD
A8412,PARKSONS PACKAGING LIMITED
A8413,EXOTIC FRUITS PRIVATE LIMITED
A8414,ORION TRADERS
A8415,FERRERO INDIA PVT LTD
A8416,UMED SIZERS
A8417,SARDA STARCH PRIVATE LIMITED
A8418,GOOD DAY FOODS PRIVATE LIMITED
A8419,NTN OVERSEAS
A8420,INTER GLOBE SERVICES
A8421,J. N. INTERNATIONAL
A8422,MAYFAIR INTERNATIONAL
A8423,WELCOME IMPORTS & EXPORTS
A8424,OM INTERCONTINENTAL
A8425,Precise Chemipharma Private Limited
A8426,AMITY THERMOSETS PRIVATE LIMITED
A8427,RELIANCE CHEMOTEX INDUSTRIES LTD
A8428,SHREE PRAKASH EXOTIC
A8429,Sapana Polyweave Private Limited
A8430,PUNEET POLYMERS
A8431,PHOENIX IMPEX
A8432,LEMKEN INDIA AGRO EQUIPMENT PRIVATE LIMITED
A8433,Sorbe Biotechnology (India) Private Limited
A8434,sun pharmaceutical industries limited
A8435,SAINT-GOBAIN INDIA PRIVATE LIMITED
A8436,TASTEL FINE FOOD PRIVATE LIMITED
A8437,ASHUTOSH EXPORTS
A8438,M.G.FOOD INDUSTRIES
A8439,ATHARVA ENTERPRISES
A8440,ADVANCE CREATION
A8441,D.C.ENGINEERS PVT LTD
A8442,SANCHITA FROZEN FOODS PRIVATE LIMITED
A8443,ANGLO STEEL PRIVATE LIMITED
A8444,JAVED QURESHI EXPORTS
A8445,BORIVLI RUBBER WORKS
A8446,DOSHIL
A8447,DOEHLER  INDIA PVT LTD
A8448,SHREE PLASTOMETCH
A8449,AMISHA VINYLS PVT LTD
A8450,KALYANI MAXION WHEELS PRIVATE LIMITED
A8451,KATMANDU APPAREL PRIVATE LIMITED
A8452,PREMCHAND TRADING COMPANY
A8453,SIKOVA EMBROIDERIES PVT.LTD.
A8454,VISON REFRACTORIES PVT LTD
A8455,SHREE SALASAR BALAJI ENTERPRISE
A8456,DSM INDIA PRIVATE LIMITED
A8457,CEAT LIMITED
A8458,CRESCENT POLYVINYL PVT LTD
A8459,APEX KNIVES PVT. LTD.
A8460,SPICES & MORE
A8461,Johnson Matthey Chemicals India Pvt. Ltd.
A8462,RISHIKESH EXPORTS
A8463,RUSHABH INVESTMENT PVT LTD
A8464,OSWAL UDHYOG
A8465,CHOUDHARY INTERNATIONAL PRIVATE LIMITED
A8466,COROB INDIA PRIVATE LIMITED
A8467,OM VINYLS PRIVATE LIMITED
A8468,SAHIL EXPORTS
A8469,Kala Gen set Pvt.Ltd.
A8470,VINIFINE TEXTILE MILLS
A8471,ATLAS COPCO (INDIA) LIMITED
A8472,PRASOL CHEMICALS LIMITED
A8473,SILVER ONE
A8474,SHREE VALLABH METALS
A8475,KANTILAL SANGHVI & COMPANY
A8476,STANDARD METAL FABRICATORS
A8477,MAHINDRA SANYO SPECIAL STEEL PVT LTD
A8478,Exolloys Engineering Pvt Ltd
A8479,PARAMOUNT CONDUCTORS LIMITED
A8480,LIBERTY EXPORTS PVT LTD
A8481,LIBERTY INTERNATIONAL LTD.
A8482,HAMILTON HOUSEWARES PRIVATE LIMITED
A8483,UNIMAX CHEMICALS PVT LTD.
A8484,SALEEM ENTERPRISES
A8485,RADHIKA EXPORTS
A8486,GODAWARI INDUSTRIES
A8487,VIKRAM & COMPANY
A8488,MAAS TRADERS
A8489,SURYA IMPEX
A8490,ROSA IMPEX
A8491,Kings International
A8492,M.J.BIOPHARM PRIVATE LIMITED
A8493,SUYOG RUBBER INDIA PVT. LTD.
A8494,JC ENTERPRISES
A8495,MOTWANI INTERNATIONAL
A8496,PARAS INTERMEDIATES PRIVATE LIMITED
A8497,FOUNTAINHEAD EXPORTS
A8498,COLOUR IMPEX
A8499,SHAKTI CLOTHINGS LLP
A8500,PREMIER INDUSTRIES
A8501,PUNAMIYA PLAST
A8502,M. V..ENGG TECHNOLOGIES PRVATE LIMITED
A8503,Repro India Limited
A8504,Sapphire International
A8505,ELITE OCEANIC TRADING PVT LTD.
A8506,Nysa Industries Pvt. Ltd.
A8507,BAKUL PHARMA PRIVATE LIMITED
A8508,MACLEODS PHARMACEUTICALS LIMITED
A8509,JAVED QURESHI EXPORTS PRIVATE LIMITED
A8510,R R KABEL LIMITED
A8511,KALP FOODS
A8512,Alfa Soaps & Toileteries Private Limited
A8513,Labdee International Services
A8514,CUSTOM CAPSULES PVT. LTD
A8515,VACCO EXPORTS
A8516,INTERPLEX INDIA PVT. LTD
A8517,MICROFIBER CORP PRIVATE LIMITED
A8518,VIDISH EXPORTS INDIA
A8519,VIJAY FABRICS PRIVATE LIMITED
A8520,CITY IMPEX
A8521,M.M. CERAMICS & FERRO ALLOYS
A8522,WALPLAST PRODUCTS PRIVATE LIMITED
A8523,PACIFIC COMMODITIES
A8524,Dattson Corporation
A8525,OMAN TRADE
A8526,RALLIS INDIA LIMITED
A8527,PRAMA EXPORTS
A8528,CATALYST SOLUTIONS
A8529,YOJANA UDYOG PRIVATE LIMITED
A8530,AGROVILLA
A8531,Sahyadri Industries Limited
A8532,Cooldeck Industries Private Limited
A8533,MIRC ELECTRONICS LIMITED
A8534,MASTERBATCH TECHNOLOGIES LLP
A8535,SHAKTI EXPORTS
A8536,SEMPERTRANS INDIA PRIVATE LIMITED
A8537,Global Enterprise
A8538,AADHUNIK INDUSTRIES
A8539,Vighnahar Enterprise
A8540,Laxmichand Dayabhai Export Company Private Limited
A8541,DHIRAJLAL & CO
A8542,TEXOOL SPINNERS (Div Of Texool Limited)
A8543,SWASTIK TINS PRIVATE LIMITED
A8544,J J Fine Spun Private Limited
A8545,ASK IMPEX
A8546,EUROLIFE HEALTHCARE PRIVATE LIMITED
A8547,Soham Foodstuffs
A8548,Radiant Indus Chem Private Limited
A8549,CHANDFRUIT COMPANY PRIVATE LIMITED
A8550,KELLOGG INDIA PRIVATE LIMITED
A8551,SHOMER EXPORTS
A8552,Mateen Traders
A8553,PRITAM OVERSEAS PRIVATE LIMITED
A8554,MONSOON FOODS
A8555,DR KHAN INDUSTRIAL CONSULTANTS PVT LTD
A8556,ASPECT SOLUTIONS
A8557,NATHUBHAI COOVERJI AND  SONS
A8558,ANKIT PULPS AND BOARDS PVT LTD
A8559,AIMCO PESTICIDES LIMITED
A8560,KRAFTWARES  INDIA  LTD
A8561,DEMOSHA CHEMICALS
A8562,Smithers Oasis India Private Limited
A8563,PRAVIN MASALEWALE
A8564,Om Exports
A8565,KRISHAA INOX
A8566,GITS FOOD PRODUCTS PVT LTD
A8567,ABHISHRI PACKAGING PRIVATE LIMITED
A8568,P.J.EXPORTS
A8569,Vintex India
A8570,R.P.DUBEY & CO
A8571,SPORTS GOODS AND EQUIPMENT TRADING LLP
A8572,MUMBAI AGRO
A8573,RAYMON PATEL GELATINE PRIVATE LIMITED
A8574,MODI INTERNATIONAL
A8575,KALP OVERSEAS
A8576,V.P. & SONS
A8577,Solar Industries India Limited
A8578,DHILLON FRESH EXPORT
A8579,RUPA EXPORTS PRIVATE LIMITED
A8580,TRISA EXPORTS PRIVATE LIMITED
A8581,DIAMALT COLLOIDS PRIVATE LIMITED
A8582,IMCD INDIA PRIVATE LIMITED
A8583,AIRAVAT IMPORTS
A8584,AHURA MAZDA MANUFACTURING CO PVT LTD
A8585,CORAL LABORATORIES LTD.
A8586,MARIGOLD IMPEX
A8587,HINDUSTAN OVERSEAS
A8588,SHIV IMPEX
A8589,BORA AGRO FOODS
A8590,A. M. INDUSTRIES
A8591,CHEMICAL PROCESS PIPING PVT. LTD
A8592,INDORE COMPOSITE PVT LTD
A8593,V TEX OVERSEAS PRIVATE LIMITED
A8594,ORBIT EXPORTS LIMITED
A8595,RED SEA EXPORTS
A8596,MEERA COTTON & SYNTHETIC MILLS PVT LTD
A8597,EUROTEX INDUSTRIES AND EXPORTS LIMITED
A8598,Krish Exports
A8599,MMP INDUSTRIES LIMITED
A8600,Savera Press Comps Private Limited
A8601,DEVANI TEXTILES
A8602,IWI Stationery Pvt. Ltd.
A8603,S. M. EXPORTS
A8604,BLISS & JOY MERCANTILE private limited
A8605,ANNAPURNA APPARELS PVT LTD
A8606,SHYAM CHEMICAL PVT. LTD.
A8607,Vista Processed Foods Pvt Ltd
A8608,MAHAVIR IMPEX
A8609,RAINBOW INDUSTRIES
A8610,RISHI TECHTEX LIMITED
A8611,LAKELAND CHEMICALS INDIA LIMITED
A8612,FAIRTEX INDIA
A8613,SOPARIWALA EXPORTS PRIVATE LIMITED
A8614,DEMBLA VALVES LIMITED
A8615,GOLDEN WINGS TRADING COMPANY
A8616,SARDA BIO POLYMERS PRIVATE LIMITED
A8617,MORDE FOODS PRIVATE LIMITED
A8618,AFRICA VIEW PRIVATE LIMITED
A8619,Mas Industries Pvt. Ltd.
A8620,AAHA IMPEX PVT. LTD.
A8621,ARIES INTERNATIONAL (OVERSEAS)
A8622,Shree Renuka Sugars Limited
A8623,JAIRAMDASS KHUSHIRAM
A8624,BULK CONTAINERS INDIA PVT LTD
A8625,POLMANN INDIA LIMITED
A8626,M. B. ENTERPRISES
A8627,PRINCE PIPES & FITTINGS PVT LTD
A8628,SUPER TRADING COMPANY
A8629,MULJI DEVSHI EXPORT PVT. LTD.
A8630,BEEKAYLON SYNTHETICS PVT.LTD
A8631,Polchem Hygiene Laboratories Private limited
A8632,BABLA PRINTERS
A8633,FREUDENBERG GALA HOUSEHOLD PRODUCT PVT LTD
A8634,Minex Metallurgical
A8635,NOORSONS 3EXPORTS
A8636,Himalayan Tex
A8637,GATE FOODS PRIVATE LIMITED
A8638,NYSA INDUSTRIES
A8639,EMJAY EXIMP PVT. LTD.
A8640,UNIK TECHNO SYSTEMS PVT. LTD.
A8641,BHUMI COTTEX INDUSTRY PRIVATE LIMITED
A8642,ECOPLAST LIMITED
A8643,CCIGMAA LIFESTYLES PVT.LTD
A8644,ANNEXPRESS ASSOCIATES
A8645,REAL KITCHEN INDIA PRIVATE LIMITED
A8646,Excellence Trading
A8647,AKS AUTOMATIONS & PRESSINGS PRIVATE LIMITED
A8648,GLOBAL PAPER LINK
A8649,INDIA KAWASAKI MOTORS PRIVATE LIMITED
A8650,BHAIRAV TEXTILE EXPORTS PRIVATE LIMITED
A8651,Godavari Biorefineries Limited
A8652,KANSWA TEXTILES
A8653,SI GROUP INDIA PVT LTD
A8654,Polymer Coatings And Inks Pvt. Ltd.
A8655,New Media COmmunication Private Limited
A8656,POSCO MAHARASHTRA STEEL PRIVATE LIMITED
A8657,INDORE GEL PRIVATE LIMITED
A8658,AL BARKAT FOODS
A8659,UNICOV GLOBAL ENGINEERING PRIVATE LIMITED
A8660,SATGURU INTERNATIONAL
A8661,KOKUYO CAMLIN LIMITED.
A8662,PENTEL STATIONERY  INDIA  PRIVATE LIMITED
A8663,EMERSON CLIMATE TECHNOLOGIES INDIA PRIVATE LIMITED
A8664,Deepak Novochem Technologies Limited
A8665,JAY CONCAST CORPORATION
A8666,JAYA IMPEX
A8667,EMBAUCHE EXPORTS
A8668,CEE ENGINEERING PRIVATE LIMITED
A8669,GUJARAT AGROCHEM LIMITED
A8670,SPECTRUM FABRICATORS INDIA PRIVATE LIMITED
A8671,SHIVA BIOCHEM INDUSTRIES
A8672,ARIHANT DYECHEM
A8673,A. MANILAL AND SONS
A8674,SNERAS INTERNATIONAL
A8675,R KANTILAL
A8676,BIJAN INTERNATIONAL
A8677,TEKSONS PVT. LTD.
A8678,BHILOSA INDUSTIES PRIVATE LIMITED
A8679,MARSHAL MFG & EXPORTS
A8680,PEGG  CONSULTANT & ENGINEERS PRIVATE LIMITED
A8681,POONITA INTERNATIONAL
A8682,COLORS INDIA
A8683,EXCELLENCE CONSULTANCY & EXPORTS
A8684,General Mills India Private Limited
A8685,IDEAL TRADING
A8686,KEVIN ENTERPRISES PRIVATE LIMITED
A8687,KAYBEE EXPORTS
A8688,Reliable Clothing Private Limited
A8689,KRYFS POWER COMPONENTS LIMITED
A8690,VEEVEES TRADE IMPEX INDIA PVT LTD
A8691,VINIFINE TEXTILE MILLS PVT. LTD.
A8692,ASCENT MEDITECH LIMITED
A8693,MAHI EXPORTS
A8694,HARESH PETROCHEM PRIVATE LIMITED
A8695,ASHTECH INDIA PVT LTD
A8696,HEM CORPORATION PRIVATE LIMITED
A8697,HASHIM EXIM
A8698,VIJAY GAS INDUSTRY
A8699,GLOBAL METAL FORGINGS LIMITED
A8700,AURA RESOURCES
A8701,Privi Life Sciences Private Limited
A8702,NAVKETAN PHARMA PVT. LTD.
A8703,KANDUI INDUSTRIES PRIVATE LIMITED
A8704,RANI INTERNATIONAL
A8705,SILVER SEA
A8706,PREP INTERNATIONAL
A8707,PAHILAJRAI JAIKISHIN AND COMPANY
A8708,KT EXPORTS  INDIA  PVT. LTD.
A8709,RAVASCO TRANSMISSION AND PACKING PRIVATE LIMITED
A8710,MAHAJAN SILK MILLS PVT LTD
A8711,Ceat Speciality Tyres Limited
A8712,NAIK OCEANIC EXPORTS PRIVATE LIMITED
A8713,DEEPAK TRADING COMPANY
A8714,SHAH NANJI NAGSI EXPORTS PRIVATE LIMITED
A8715,Aardee Extrusion  I  Pvt Ltd
A8716,JESONS INDUSTRIES LIMITED
A8717,SUPREME EQUIPMENTS PRIVATE LIMITED
A8718,PROPACK INDUSTRIES  PROP. KUNAL PLASTIC PVT.LTD.
A8719,SOURAV EXPORTS
A8720,MARVEL FRAGRANCES COMPANY
A8721,AUTO WINDOW
A8722,RISHI FOODS
A8723,Creative Carve P Ltd
A8724,DIVYA PHARMACHEM
A8725,KHUSHBU IMPEX
A8726,ARPIT AGRO PRODUCTS
A8727,DYNAXCEL ENGINEERS PRIVATE LIMITED
A8728,NATIONAL PLASTIC INDUSTRIES LIMITED
A8729,HI-TECH PRINTING SERVICES PVT LTD
A8730,AOC INDIA PRIVATE LIMITED
A8731,ROOKWOOD GLOBAL IMPEX
A8732,BENZ EXPORTS
A8733,DKSH INDIA PRIVATE LIMITED
A8734,MAHARASHTRA CARBON PVT. LTD.
A8735,KENS IMPEX
A8736,NEW TECH POLYMERS INDIA
A8737,Galaxyfresh Private Limited
A8738,MAHESHWAR MULTITRADE PRIVATE LIMITED
A8739,QIK EXPORTS
A8740,SIDDHARTH CARBOCHEM PRODUCTS LIMITED
A8741,GIRIDHAR INTERNATIONAL
A8742,SOUTH SEAS DISTILLERIES & BREWERIES PVT. LTD
A8743,MOKSH INTERNATIONAL
A8744,EASTMAN EXPORTS
A8745,JAIKVIN ENTERPRISES
A8746,SERVO MED INDUSTRIES PVT LTD
A8747,AJANTA IMPEX
A8748,HINDUSTAN COMPOSITES LIMITED
A8749,SANGIR PLASTICS PVT LTD
A8750,RAM RATNA INTERNATIONAL
A8751,Shree Arun Packaging Co. Pvt. Ltd.
A8752,AROMA ORGANICS LTD
A8753,JUPITER EXIM TRADE
A8754,ORLOV GREENTECH  PRIVATE LIMITED
A8755,TATA CUMMINS PVT LTD PHALTAN
A8756,SUDARSHAN INTERNATIONAL
A8757,KMS EXPORTS PRIVATE LIMITED
A8758,KUSUMA PHRAMA
A8759,SUDHIR SHETH
A8760,SAGI MENS WEAR
A8761,ANIL & COMPANY
A8762,D. J. ENTERPRISE
A8763,FDC LIMITED
A8764,White Mouse Traders
A8765,Shah Jayantilal Jivraj & Co
A8766,alpha Overseas Trading Co
A8767,GRINDWELL NORTON LIMITED
A8768,KABRA GLOBAL
A8769,GARWARE POLYESTER LIMITED
A8770,SRINATHJI YAMUNAJI ENTERPRISES
A8771,G C EXPORTS
A8772,SHUBHAM INDUSTRIES
A8773,OTR Laminated Tyres  I  Pvt. Ltd.
A8774,Techno link Inc
A8775,M. D. ENTERPRISE
A8776,ATA IMPEX PRIVATE LIMITED
A8777,GECO TRADING CORPORATION PRIVATE LIMITED
A8778,ZENITH DYEINTERMEDAITES LTD.
A8779,SHINGAR INTERNATIONAL
A8780,MACHINFABRIK INDUSTRIES PRIVATE LIMITED
A8781,ARC PERFUMES AND COSMETIC
A8782,SHREE RUBBER PLAST COMPANY PVT LTD
A8783,FINE ORGANIC INDUSTRIES
A8784,SUN EXPORT PRIVATE LIMITED
A8785,DPB ANTIBIOTICS
A8786,KLF INTERNATIONAL
A8787,DEEP INTERNATIONAL .
A8788,R. S. LAL INTERNATIONAL
A8789,DARSHAN TEXTILE MILLS
A8790,STREAMFLOW POLYWEAVE PVT LTD
A8791,PRIME OVERSEAS
A8792,Excel Industries Limited
A8793,HAYWARD SYNTHETICS PVT. LTD.
A8794,SHREE GAYATRI AND CO
A8795,SHREE SALASAR AGRO TRADERS
A8796,Cupid limited
A8797,RAYCHEM RPG PRIVATE LIMITED
A8798,OSWAL TRADING COMPANY
A8799,Spheretech Packaging India Pvt.Ltd
A8800,JKH EXPORTS
A8801,PRIYA CHEMICALS
A8802,SAWLANI SYNTHETICS PRIVATE LIMITED
A8803,DE MOLEN EXPORTS PRIVATE LIMITED
A8804,SHAH INTERNATIONAL
A8805,MACRO BARS AND WIRES INDIA PRIVATE LIMITED
A8806,ISMA IMPEX
A8807,VHM Packaging Private Limited
A8808,K.T.QUALITY CONTROL PVT.LTD.
A8809,GO SPORTZ GLOBAL INFRATECH PRIVATE LIMITED
A8810,Subhash Chemical Industries Private Limited
A8811,MAGNETI MARELLI MOTHERSON SHOCK ABRS INDIA PVT LTD
A8812,SURESH SYNTHETICS
A8813,FUTURE PHARMACEUTICAL CO
A8814,VINJOH HEALTHCARE PRIVATE LIMITED
A8815,MAKS ENERGY SOLUTIONS INDIA PRIVATE LIMITED
A8816,INDIANA GRATINGS PVT. LTD.
A8817,Waaree Energies Limited
A8818,INDOCO REMEDIES LIMITED
A8819,KANADE ANAND UDYOG PVT LTD
A8820,VALSON INDUSTRIES LIMITED
A8821,PARAKH AGRO INDUSTRIES LIMITED
A8822,CHEMSPEC CHEMICALS PRIVATE LIMITED
A8823,MPI PAPERS PVT. LTD.
A8824,OBSON INTERNATIONAL PVT LTD
A8825,Gammon India  Liminted
A8826,PILANI OVERSEAS
A8827,SHARON EXPORT
A8828,SHIVA GREENLINE INTL TRADERS
A8829,PARA PACKAGING CORPORATION
A8830,YORK TRANSPORT EQUIPMENT  INDIA  PRIVATE LIMITED
A8831,BIC CHEMICALS AND PACKAGINGS PRIVATE LIMITED
A8832,AMBIKA GLOBAL FOODS AND BEVERAGES PRIVATE LIMITED
A8833,KOMAL EXOTIC SPICES PRIVATE LIMITED
A8834,MASALA KING EXPORTS TRADING PRIVATE LIMITED
A8835,D DECOR HOME FABRIC PRIVATE LTD.
A8836,GIRACH INTERNATIONAL
A8837,D S Alloyd Private Limited
A8838,JUVENIS EXIM
A8839,SUBHRA PHARMA PVT. LTD
A8840,VIKAS INDUSTRIES
A8841,ZETTS COSMETICS PRIVATE LIMITED
A8842,AMAR IMPEX
A8843,Vacuum Plant and Instruments Mfg. Co. Ltd.
A8844,SEASKY OVERSEAS
A8845,UNITEC FIBRES PRIVATE LIMITED
A8846,ESSAR STEEL INDIA LIMITED
A8847,ADITYA INDUSTRIES
A8848,SHIFA PHARMACEUTICALS INDIA
A8849,SAP PRINT SOLUTIONS PRIVATE LIMITED
A8850,SHAGUN POLYTECH PRIVATE LIMITED
A8851,MAHAKRUSHI FARMERS PRODUCER COMPANY LIMITED
A8852,VISWAAT CHEMICALS LIMITED
A8853,AVON APPLIANCES PVT. LTD.
A8854,ABSOLUTE GLOBAL
A8855,KISAN MOULDINGS LIMITED
A8856,PVC CONVERTERS (INDIA) PVT.LTD
A8857,RENA KUTZ KITCHENWARES PRIVATE LIMITED
A8858,TECNOFORM
A8859,MASALA KING EXPORTS
A8860,SURYODAY TECHNOLOGIES
A8861,MODULE ENTERPRISES
A8862,ANAND ENGINEERS PRIVATE LIMITED
A8863,GIIAVA (India) Private Limited
A8864,AGRO IMPEX
A8865,AXIS AGRO INDIA PRIVATE LIMITED
A8866,Kanu Krishna Corporation
A8867,Growell India
A8868,K-FLEX INDIA Pvt Ltd
A8869,NEEL BEVERAGES PRIVATE LIMITED
A8870,KALPSUTRA CHEMICALS PRIVATE LIMITED
A8871,PCK COTTON PRIVATE LIMITED
A8872,PRIME WIRES PRIVATE LIMITED
A8873,GOYAL TECHNOCHEM PRIVATE LIMITED
A8874,VAIBHAV EXPORTS
A8875,Kay Bouvet Engineering Limited
A8876,SATGURU AGRO INDUSTRIES
A8877,Shreyas International
A8878,WARTSILA INDIA PRIVATE LIMITED
A8879,CIPY POLYURETHANES PVT. LTD
A8880,ADCL-FAFECO ENGINEERING PVT. LTD.
A8881,PETRYC INTERNATIONAL PRIVATE LIMITED
A8882,PETROCHEM MIDDLE EAST INDIA PRIVATE LIMITED
A8883,HANIEL SOYA-TECH PRIVATE LIMITED
A8884,KALYANI ENTERPRISES
A8885,ASHAPURA TEXFAB PVT.LTD.
A8886,Anchor Elctricals Private Limited
A8887,GEISSEL INDIA PRIVATE LIMITED
A8888,SINGLE POINT SOURCE EXPORTS PRIVATE LIMITED
A8889,COACT IMPRINTS PVT. LTD.
A8890,SHUBHALAKSHMI POLYESTERS LIMITED
A8891,GUJARAT LATHE MANUFACTURING CO. PVT. LTD.
A8892,INDOMEK CONCAST INTERNATIONAL
A8893,ACCURATE CUTTING SYSTEMS PRIVATE LIMITED
A8894,DELVE CORPORATION
A8895,Safal Seeds & Biotech Ltd.
A8896,PARAG IMPEX
A8897,ASSOCIATED CABLES PRIVATE LIMITED
A8898,NIKHAR IMPEX
A8899,ROQUETTE INDIA PRIVATE LIMITED
A8900,SKI PLASTOWARE PRIVATE LIMITED
A8901,Parth Specialty Resins and Marketing Private Limit
A8902,SAMI SPICES & HERBS PRIVATE LIMITED
A8903,SWAMI SAMARTH SERVICES
A8904,M D Foods
A8905,Consolidated Engineering Services
A8906,BHANSALI TRAILORS PVT LTD
A8907,NEST EXIM
A8908,M M POONJIAJI SPICES LTD
A8909,WEIZMANN INTERNATIONAL LIMITED
A8910,RECON EXIM INDIA PRIVATE LIMITED
A8911,SHREE METALS  MUJBI  PVT LTD
A8912,WESTERN CANS PVT LIMITED
A8913,Manas Agro Industries & Infrastructure Limited
A8914,ZENITH ENTERPRISES
A8915,SHARK EXPORTS
A8916,PRAFFUL EXPORTS
A8917,M.A.AGRO
A8918,STARFLEX SEALING INDIA PRIVATE LIMITED
A8919,Asian Aerosol Pvt. Ltd.
A8920,RAJESH INTERNATIONAL
A8921,RADIANT INTERNATIONAL
A8922,YELLOWS SPUN AND LINENS PVT  L
A8923,ALPHA CHEMICALS PVT LTD
A8924,S.D.INTERNATIONAL
A8925,FILTRA CATALYSTS & CHEMICALS LIMITED
A8926,Innovative Organochem Private Limited
A8927,D.L TANUMAL PVT LTD
A8928,MILLAT EXPORTS
A8929,OBOI LABORATORIES
A8930,GAJALI COSMETICS
A8931,First Chemicals
A8932,HEMU EXPORTS
A8933,CUMMINS TECHNOLOGIES INDIA PRIVATE LIMITED
A8934,MEHTA CREATION
A8935,UNICORN PETROLEUM IND.PVT.LTD.
A8936,DEEPAK FERTILISERS AND PETROCHEMICALS CORPORATION
A8937,SURAJ EXPORT
A8938,CREATIVE GARMENTS PRIVATE LIMITED
A8939,EURO FRUITS PRIVATE LIMITED
A8940,HAKIMI NYLON ROPE INDUSTRIES
A8941,MANN & CO.
A8942,Raymond Limited
A8943,SHANTAI EXIM LTD.
A8944,AUDITRA ENGINEERING CMPANY PRIVATE LIMITED
A8945,ALLIED INDUSTRIES
A8946,RADHIKA TRADING COMPANY
A8947,RAHUL INTERNATIONAL
A8948,AGRO KING EXPORTS
A8949,KRISHNA ENTERPRISES
A8950,AMIT IMPEX
A8951,THE AARK INTERNATIONAL
A8952,Simal Packaging Pvt. Ltd.
A8953,SHRI RAJ INTERNATIONAL
A8954,ADVANCED ENZYME TECHNOLOGIES LTD
A8955,KORATH GULFLINKS IMPEX PRIVATE LIMITED
A8956,Jayant Agro-Organics Ltd.
A8957,INDIAN STEEL CORPORATION LIMITED
A8958,SULZER INDIA PRIVATE LIMITED
A8959,KOHLICO FOODS & BEVERAGES PRIVATE LIMITED
A8960,SAVA HEALTHCARE LIMITED
A8961,ZALANI PAPER MART
A8962,ABBA ENTERPRISES
A8963,SAN EXPORTS
A8964,STAR EXPORTS .
A8965,PAN OLEO ENTERPRISE PVT LTD
A8966,SCIL CAPITAL INDIA PRIVATE LIMITED
A8967,Scholle IPN India Packaging Private Limited
A8968,Royal Carbon Black Private Limited
A8969,LUPIN LIMITED
A8970,AL LABAAK EXPORTS
A8971,S. M. INTERNATIONAL
A8972,SAMRUDDHI BUILDING SYSTEMS PRIVATE LIMITED
A8973,ARENA OVERSEAS
A8974,VAUT TRADING
A8975,HINDUSTAN MONOMERS PVT LTD
A8976,B.Y. AGRO & INFRA LIMITED
A8977,BHAIRAV IMPEX
A8978,SONI POLYMERS PRIVATE LIMITED
A8979,KELVIN INDIA EXPORTS
A8980,SACHETA METALS LIMITED
A8981,Arlex Chemi Private Limited
A8982,MIRAGE CERAMICS PRIVATE LIMITED
A8983,N.M.OVERSEAS
A8984,ARIA INTERNATIONAL
A8985,SAM OVERSEAS
A8986,Vijay Chemical Industries
A8987,KRISHNAPING ALLOYS LIMITED
A8988,AL KABEER EXPORTS PRIVATE LIMITED
A8989,BARAMATI AGRO LTD
A8990,INDIA EXPORTS
A8991,GEMINI EXPORTS
A8992,HALOL LEATHER CLOTH LIMITED
A8993,U H INTERNATIONAL
A8994,SHRINATHJI AGRO FOOD INDUSTRIES PRIVATE LIMITED
A8995,SPICE AGRO FOODS EXPORTS PVT LTD
A8996,AMISON  AFISHERIES LTD
A8997,Seepco
A8998,RAVI DYEWARE CO.PVT.LTD.
A8999,HUNTSMAN INTERNATIONAL   INDIA  PVT.LTD.
A9000,SUBHLAXMI FOOD PRODUCTS
A9001,NAVJYOT INTERNATIONAL TRADING PVT LTD
A9002,ARISTOPLAST PRODUCTS PRIVATE LIMITED
A9003,SULPHUR MILLS LIMITED
A9004,UTTAM GALVA STEELS LIMITED
A9005,TRADE IMPEX INTERNATIONAL
A9006,S.D. CONSULTANTS & ENGINEERS
A9007,ALOKE RUB PLAST PRIVATE LIMITED
A9008,SWASTIK APPLIANCES
A9009,FUCHS LUBRICANTS  INDIA  PRIVATE LIMITED
A9010,Faurecia Interior systems India Private Limited
A9011,PRIMEX ENTERPRISES
A9012,H.P. EXPORTS
A9013,INDRA UDYOG
A9014,SHETH GLOBAL
A9015,VKS TEXPORTS PRIVATE LIMITED
A9016,MAS ENTERPRISES
A9017,EXSAN SPECIALITIES
A9018,GECO TRADING CORPORATION
A9019,KEIVAL INTERNATIONAL
A9020,Spectra Specialities
A9021,Tube turn (India) Pvt. Ltd.
A9022,OPALIUM INTERNATIONAL EXPORTS
A9023,RAM RATNA INFRASTRUCTURE PVT. LTD.
A9024,CHIVAS PACKAGING PRIVATE LIMITED
A9025,Deesan Agro-Tech Private Limited
A9026,SAVITA EXPORTS
A9027,ASTO CONTROLS
A9028,Sydler Remedies Private Limited
A9029,THE DHARAMSI MORARJI CHEMICAL CO LTD
A9030,Evonik Catalysts India Private Limited
A9031,central impex
A9032,Renuka Chemicals
A9033,AMAR INTERNATIONAL
A9034,RONDO METAL SYSTEMS PRIVATE LIMITED
A9035,GARGI HUTTENES ALBERTUS PVT. LTD
A9036,Nature One Fresh Produce
A9037,NIPRA INDUSTRIES PRIVATE LIMITED
A9038,ISHA INTERNATIONAL
A9039,General Traders
A9040,Aminur Exim Private Limited
A9041,HAMILTON WRITING INSTRUMENTS PRIVATE LIMITED
A9042,SHAKTI INDIA
A9043,Grover Sons
A9044,AIM FREIGHTLINK LIMITED LIABILITY PARTNERSHIP
A9045,FAIR EXPORTS (INDIA) PVT LTD
A9046,ASHISH LIFE SCIENCE PVT LTD
A9047,GEW RADIATORS INDIA PVT. LTD.
A9048,KOHINOOR FEEDS & FATS LTD
A9049,INDYGLOBAL VENTURES
A9050,JEEVIKA YUGCHEM PRIVATE LIMITED
A9051,LINIT EXPORTS PVT LTD
A9052,AUDITRAC ENGINEERING CO.
A9053,KANSAI NEROLAC PAINTS LIMITED
A9054,IHSEDU AGROCHEM PRIVATE LIMITED
A9055,MAHINDRA & MAHINDRA LTD
A9056,DEEPKAMAL EXPORTS PVT LTD
A9057,VIJAY EXPORT
A9058,SUPERFINE MINERALS
A9059,S B EXPORTS CORPORATION INDIA
A9060,YASH ENTERPRISE
A9061,AATISH INDUSTRIES
A9062,MISHRILAL TARACHAND
A9063,AAMIR PACKAGING CO.
A9064,GRAVISS FOODS PRIVATE LIMITED
A9065,Shree Savliyaji Impex
A9066,PARLE ELIZABETH TOOLS PRIVATE LIMITED
A9067,SATGURU ENTERPRISES
A9068,DOLPHIN MARINE FOODS AND PROCESSORS INDIA PVT LTD
A9069,NOMA INFRASTRUCTURE PRIVATE LIMITED
A9070,JAKHALIA GARMENTS
A9071,TAJ BROOM TRADERS
A9072,Fishfa Glass Centre
A9073,Victor Reinz India Pvt. Ltd.
A9074,A.D. ENTERPRISES
A9075,SARASWATI INTERNATIONAL
A9076,GAURAV AGRO PIPES
A9077,NAROTTAMDAS EXPORTS
A9078,MACHINERY & SPARES
A9079,GLOBAL IMPORT AND EXPORT BUREAU
A9080,PUNCHTECH ENGINEERS & FABRICATORS
A9081,METLINE INDUSTRIES
A9082,MINERALCO RESOURCES INTERNATIONAL
A9083,COLORS(INDIA)
A9084,FURNITURE KRAFT INTERNATIONAL PVT LTD
A9085,Laxmi Organic Industries Ltd
A9086,PIONEER EXTRUDERS PRIVATE LIMITED
A9087,SUMIL CHEMICAL INDS. PVT. LTD
A9088,MRK PACKAGING
A9089,NOBLE INDUSTRIES
A9090,AHMED INTERNATIONAL
A9091,SOCOMED PHARMA PRIVATE LIMITED
A9092,ATUL IMPEX
A9093,JAROLI AGRO PRIVATE LIMITED
A9094,KBC STEEL PRIVATE LIMITED
A9095,PRL MEDICOR LLP
A9096,shree venkatesh textile mills
A9097,BINOY INTERNATIONAL
A9098,MONIKA ENTERPRISES
A9099,PARAS PLASTICS
A9100,SHRIRAM HANDLES
A9101,BASANTLAL BANARSILAL PVT LTD
A9102,SEINUMERO NIRMAN PVT. LTD.
A9103,G.A.CORPORATION
A9104,AMBERNATH ORGANICS PVT LTD
A9105,ISLAND WIDE EXPORTS
A9106,ROTO LEANER TECHNOLOGY PVT.LTD
A9107,PRIVI ORGANICS LTD
A9108,VIP INDUSTRIES LIMITED
A9109,MURLI EXPORTS
A9110,TETRA PAK INDIA PRIVATE LIMITED
A9111,SHREYAS IMPEX
A9112,BUDDY OVERSEAS
A9113,LAKSHMIPATHI ENGINEERING
A9114,UNITED TIMBER TRADERS
A9115,Greatwhite Global Pvt Ltd
A9116,JAI AMBE & GANESH EXPORTS
A9117,MTC BUSINESS PVT LTD
A9118,PULKIT POLYEXPORTS LLP
A9119,NIRANJAN DEORAS PRODUCTIONS
A9120,BERKMANN WINE CELLARS INDIA PVT LTD
A9121,Octaga Green Power and Sugar Co. Ltd.
A9122,FRANKE FABER INDIA PRIVATE LIMITED
A9123,RISHABH IMPEX
A9124,J.B.OVERSEAS
A9125,ketan plastic industries pvt ltd
A9126,WELPACK INDUSTRIES PRIVATE LIMITED
A9127,AGIO PHARMACEUTICALS LTD
A9128,Strategic Metals Private Limited
A9129,HURZUK ENTERPRISE LLP
A9130,VANTAGE SPECIALTY INGREDIENTS PRIVATE LIMITED
A9131,PRATHAM CHEMICAL COMPANY
A9132,NANDA GLASS INDUSTRY
A9133,SCOPE CHEMICALS PRIVATE LIMITED
A9134,RASHTRIYA CHEMICALS AND FERTILIZERS LIMITED
A9135,ENKITO TRADING COMPANY
A9136,OMR BAGLA AUTOMOTIVE SYSTEMS INDIA LTD
A9137,NITCO LIMITED
A9138,ELTEE FERTILIZERS
A9139,GERAD  INDIA PRIVATE LIMITED.
A9140,QUENT CHEM
A9141,Greenworld
A9142,CRESCENT ORGANIC PVT.LTD.
A9143,PHOOLCHAND BHAGATSINGH
A9144,AL SABA EXPORTS
A9145,AMBER HOME
A9146,CHAWLA WORLD TRADE LINKS
A9147,HERANBA INDUSTRIES LIMITED
A9148,GULABDAS INTERNATIONAL TRADING LLP
A9149,AAK KAMANI PRIVATE LIMITED
A9150,Kubo Combustion Efficiency Chemicals Pvt.Ltd
A9151,AMBRO TEX LIMITED
A9152,THAKAR EXPORTS
A9153,Ashiana Exports Inc.
A9154,KESHARDEO COMBINES
A9155,R S D FASHION
A9156,PLASTLINK TECHNOLOGIES
A9157,GEM PHARMA
A9158,S Kumar International
A9159,ANEES ENTERPRISES
A9160,BALKRISHNA PAPER MILLS LIMITED
A9161,Rolex Lanolin Products Ltd
A9162,Amba International
A9163,HAMZA ENTERPRISES
A9164,BOHRA ENGINEERING & TRADING CORP
A9165,YUYU MEDIMPEX P.LTD
A9166,AMITASHA ENTERPRISES PVT LTD
A9167,DEX-VIN POLYMERS PVT LTD
A9168,PACKWAYS INDIA
A9169,SANCO VALVES PVT LTD
A9170,MULTI LIGHTING CONTROLS PVT LTD
A9171,OETIKER INDIA PRIVATE LIMITED
A9172,N.A STEEL CORPORATION
A9173,SQUARE INTERNATIONAL
A9174,MEDIA MANOEUVRE  INDIA  PVT. LTD.
A9175,Fertibon Products Pvt. Ltd.
A9176,SINGH TRADING COMPANY
A9177,Empire Industries Ltd
A9178,ITEMAAD TRADERS
A9179,J. D. CORPORATION
A9180,Lucre International
A9181,FAIR ENGINEERING COMPANY
A9182,CAPITAL EXPORTS
A9183,Wohr Parking Systems Private Limited
A9184,GOLDSTAB ORGANICS PVT LTD
A9185,BHARTIA PETRO
A9186,NOBEL STONES INTERNATIONAL
A9187,MAHINDRA AGRI SOLUTIONS LIMITED
A9188,ALLIANCE ORGANICS LLP
A9189,Purnima Enterprise
A9190,CONSOLIDATED COMMERCIAL CORPORATION
A9191,Ankai international pvt ltd
A9192,SANGOTRA FASHIONS PRIVATE LIMITED
A9193,S.KUMARS LIMITED
A9194,RIGHT FUTURE INTERNATIONAL
A9195,BVG LIFE SCIENCES LIMITED
A9196,KAYSON INTERNATIONAL
A9197,RAVI EXPORTS
A9198,Tata Steel Limited
A9199,MAC AGRI EXPORTS
A9200,SSJ Engineers & Exporters Private Limited
A9201,Mullackal Polymers
A9202,S K CORPORATION (INDIA)
A9203,SHRI MAHESH EXPORTS
A9204,SAI INTERNATIONAL..
A9205,KEN ENTERPRISES PRIVATE LIMITED
A9206,Telawne Power Equipments Private Limited
A9207,K M Globals
A9208,DEVESH AGRIEXIM LLP
A9209,SUNRISE EXPORTS
A9210,SHUBHAM PHARMACHEM PVT LTD
A9211,MAHAVIR COMMERCIAL PRIVATE LIMITED
A9212,SKZ PULSES AND MILLING PRIVATE LIMITED
A9213,Nandosal Chem Industries Private Limited
A9214,SCUBEC INTRA SOLUTIONS
A9215,S V Distributors Pvt. Ltd.
A9216,CANYON EXPORTS PVT. LTD
A9217,MAHAVIR ASSOCIATES
A9218,PEE KAY EXPORTS
A9219,SAAB FOOTWEAR PRIVATE LIMITED
A9220,Rahul Enterprises
A9221,Srishti International (P) Ltd
A9222,Ahura Enterprises
A9223,LEKH EXIM
A9224,SGM CORPORATION
A9225,SUNCREST FOOD MAKERS
A9226,BIRLA CARBON INDIA PRIVATE LIMITED
A9227,OCEANIC SPIRITS PRIVATE LIMITED
A9228,NEW TECH CHEMICALS  A Divn of PIoneer Rubchem Pvt
A9229,M. LAKHAMSI & CO
A9230,INTERO MODA FASHION PRIVATE LIMIKTED
A9231,CAPEX EQUIPMENT RENTAL SOLUTIONS
A9232,PRIMEMOVER ENGINEERING
A9233,TECHFAB INDIA INDUSTRIES LTD
A9234,Sanghvi And Company
A9235,SHANTI RAYON MILLS
A9236,GNET TRADELINKS PVT LTD
A9237,RUNG INTERNATIONAL
A9238,Unique Mixers & Furnaces Pvt. Ltd.
A9239,FREUDENBERG FILTRATION TECHNOLOGIES INDIA PVT LTD
A9240,APT PACKAGING LIMITED
A9241,S S KORPE AND SONS
A9242,MOLVIZADAH SONS
A9243,Kunal Corporation
A9244,KCN EXPORTS LIMITED
A9245,APOLLO INTERNATIONAL
A9246,RIGHT TIGHT FASTNERS PRIVATE LIMITED
A9247,SUMINTER INDIA ORGANIC PVT. LTD
A9248,UNIVERSAL CHEMICALS & INDUSTRIES PRIVATE LIMITED
A9249,GITANJALI CHEMICALS PRIVATE LIMITED
A9250,EXCEL CROP CARE LIMITED
A9251,Anax Industries Pvt Ltd
A9252,WORLDWIDE TRADING
A9253,CHEMSYNTH CORPORATION
A9254,M M PLASTOWARE INDIA PRIVATE LIMITED
A9255,ELECTROLEAD PUNE PRIVATE LIMITED
A9256,SULTANPURE TEXTILE MILLS PRIVATE LIMITED
A9257,SILICONE INTERNATIONAL PRODUCTS
A9258,Stanlubes & Specialities India Pvt Ltd
A9259,TIMI EXPORTS
A9260,POLYTECH
A9261,MOSDORFER INDIA PVT LTD
A9262,B K POLIMEX INDIA PRIVATE LIMITED
A9263,SAMAY AGRO PRODUCTS
A9264,MUFTI IMPEX PRIVATE LIMITED
A9265,PRIVI ORGANICS INDIA LIMITED
A9266,SAROJ COLOUR CHEM PVT. LTD.
A9267,H R TRADE LINK
A9268,VISA ENGINEERING PRODUCTS  INDIA  PRIVATE LIMITED
A9269,MACK PHARMATECH PVT LTD
A9270,AIR MODULAR SYSTEMS
A9271,ROSHAN PACKAGING INDUSTRIES
A9272,DHWANI POLYPRINTS PVT LTD
A9273,K.PATEL PHYTO EXTRACTIONS PVT. LTD
A9274,THE UNICORN HOUSE
A9275,Endurance Technologies Ltd.
A9276,AKSHAT IMPEX
A9277,Krina Exports
A9278,VISHWA GAJANAN FREIGHT FORWARDERS
A9279,Celite Tyre Pvt Ltd
A9280,MARK IMPEX
A9281,CASTLON COLOUR CHEM INDUSTRIES
A9282,JAI INTERNATIONAL PVT LTD
A9283,AVM ENGINEERING
A9284,SWABHIMANI LAYER FARMS
A9285,FROST INTERNATIONAL LIMITED
A9286,SUMIT AGRO AGENCIES
A9287,AMBER IMPEX
A9288,INDIAN MUDS & CHEMICALS
A9289,SIVA SAI EXPORTS
A9290,Spak Orgochem India Pvt Ltd
A9291,BAJAJ AUTO LIMITED
A9292,DUFON EXPORTS LLP
A9293,CLASSIC BANGLES
A9294,ASARA ENGINEERING WORKS
A9295,SHM SHIPCARE
A9296,UDYOG KIRAN LIMITED
A9297,SATRON
A9298,AIM INTERNATIONAL
A9299,HURTADO HOME DECOR PVT LTD
A9300,ADVANCE INTERNATIONAL
A9301,WESTERN HILL FOODS LTD
A9302,RAPID GLOBAL EXIM
A9303,KHAJANCHI EXPORTS
A9304,KBS EXPORTS
A9305,VINITA SYNTHETIC INDUSTRIES PRIVATE LIMITED
A9306,CREATIVE TEXTILE MILLS PRIVATE LIMITED
A9307,Lucsam Sevices Private Limited
A9308,SWASTIK ACCESSORIES & AUTO PARTS
A9309,Intex Exports
A9310,SHAH STEEL INDUSTRIES
A9311,CAPRIHANS INDIA LIMITED
A9312,AVI GLOBAL PLAST PVT. LTD.
A9313,SIDDHI PLAST
A9314,SHAMMI FASHIONS PRIVATE LIMITED
A9315,Boston Export & Engineering Company
A9316,Supersonic Distribution and Services Pvt. Ltd.
A9317,MAHAVIR COTTON PRIVATE LIMITED
A9318,Phoenix Trading & Consulting Private Limited
A9319,MANEESH PHARMACEUTICALS LTD
A9320,B. S. STEEL CORPORATION
A9321,DIFFUSION ENGINEERS LIMITED
A9322,SEVEN STAR FRUITS PVT LTD
A9323,ASTON OVERSEAS
A9324,TOMEN COTTON TRADERS LLP
A9325,CHEROKEE INDIA PVT. LTD.
A9326,STERLING GENERATORS PVT.LTD
A9327,KOMAS CHIMICA PRIVATE LIMITED
A9328,A.W.FABER CASTELL  INDIA  PRIVATE LIMITED
A9329,BERI MERCURIO PVT. LTD
A9330,EBCO PVT LTD
A9331,SHAKTI CHEMICALS
A9332,GENEX MARKETING
A9333,SIKA INDIA PVT LTD
A9334,RAJESH TRIPATI
A9335,MOLLY COLLECTION
A9336,KT INTERNATIONAL
A9337,HINDAL EXPORTS
A9338,FIRMENICH AROMATICS  INDIA  pvt ltd
A9339,Shanker Steels
A9340,STYLE CREATION
A9341,AL-QURESH EXPORTS
A9342,GOOD REACH EXPORTS
A9343,YUNUS EXPORTS
A9344,IMMENSE INCORPORATION
A9345,STAR CIRCLIPS & ENGG LTD.
A9346,AJANTA PRINT ARTS
A9347,JETPACK MACHINES PRIVATE LIMITED
A9348,EMCURE PHARMACEUTICALS LTD
A9349,A R BROTHERS
A9350,ROYAL PETRO SPECIALITIES PRIVATE LIMITED
A9351,DOMAIN EXPORTS
A9352,GLOBAL BRAND RESOURCES PRIVATE LIMITED
A9353,KRISHNA ENZYTECH PRIVATE LIMITED
A9354,KALPANA GLASS FIBRE PRIVATE LIMITED
A9355,ZEST INTERTRADE LLP
A9356,STONE EXPORT HOUSE PRIVATE LIMITED
A9357,GOLDSTAR CHEMICALS PRIVATE LIMITED
A9358,NITIN TRADERS
A9359,FAMOUS MINERALS & CHEMICALS PVT LTD
A9360,SHREE ASHTAVINAYAK GLASS PVT LTD
A9361,Wanksons Chemical Industries Pvt. Ltd.
A9362,INTEGRATED EQUIPMENT  INDIA  PVT LTD
A9363,Gautam Grains Stores
A9364,GUDHKA BROTHERS
A9365,Armacell India Private Limited
A9366,Thermax Limited
A9367,RIKA GLOBAL IMPEX LTD
A9368,ARIHANT ENTERPRISE..
A9369,PRADEEP LAMINATORS PVT LTD
A9370,WEGGAS INTERNATIONAL
A9371,SRI ANANTHAVIJAYA INDUSTRIES
A9372,STERLITE TECHNOLOGIES LIMITED
A9373,Fulham  India  Private Limited
A9374,NAGREEKA EXPORTS LIMITED
A9375,UNITECH ENGINEERING COMPNAY
A9376,I B CORPORATION
A9377,RISHABH METALS & CHEMICALS PVT LIMITED
A9378,DODHIA SYNTHETICS LIMITED
A9379,INTERCON ASSOCIATES
A9380,BHAVNA COLOURANTS LLP
A9381,FLAIR PENS AND PLASTIC INDUSTRIES PRIVATE LIMITED
A9382,MANUGRAPH INDIA LIMITED
A9383,PAL EXPORTS
A9384,SAAN ENGINEERS PRIVATE LIMITED
A9385,SPARSHA FRESH FRUITS & VEGETABLES AGRO PVT LTD
A9386,UNIVENTURE INDUSTRIES PRIVATE LIMITED
A9387,Chemie Alliance Distributors
A9388,Huhtamaki India Limited
A9389,Gourang Plast
A9390,AL-CAN EXPORTS  PVT.LTD.
A9391,P.D. INTERNATIONAL
A9392,OLIVE TEX SILK MILLS PRIVATE LIMITED
A9393,ASIAN TRADE LINK
A9394,ALIYA EXPORTS
A9395,BHARAT COTTAGE INDUSTRIES
A9396,MAXHEAL LABORATORIES PRIVATE LIMITED
A9397,Ultratech Cement Ltd.
A9398,SUPREME HEATREATERS PVT.LTD
A9399,KITCHEN KRAFT
A9400,NAYON EXPORTS
A9401,DINESH BALKRISHNA JAGDALE
A9402,FARIDI IMPEX PVT LTD.
A9403,RAVESHIA COLOURS PVT LTD
A9404,LARS ENVIRO PVT. LTD.
A9405,ENGINEERING AND METALLURGICAL CONSULTANTS
A9406,AADITYA OVERSEAS
A9407,PRINCE INDUSTRIES
A9408,HARITPANE AGRO EXPORTS
A9409,MAHANKALI INDUSTRIES
A9410,Ranjeet Vegetables Suppliers & Exports
A9411,CLEAN SCIENCE AND TECHNOLOGY LTD
A9412,COGENT EXPORTS
A9413,GOVINDJI TRIKAMDAS & CO.
A9414,ISINOX LIMITED
A9415,RAM AGRO
A9416,UNIK INTERNATIONAL
A9417,Newkem Products Corporation
A9418,DHANERA IMPEX
A9419,MONTEX STAINLESS & ALLOYS LLP
A9420,U B OVERSEAS
A9421,ORION PAPER TEC
A9422,SWASTIK PULP AND PAPERS PRIVATE LIMITED
A9423,Cummins India Limited Phaltan
A9424,NITIN SCOOTER WORKS
A9425,IDEAL BAKING CORPORATION
A9426,AD AGRO INDUSTRIES LLP
A9427,Lube Distributing Company Private Limited
A9428,EVANS ELECTRIC PRIVATE LIMITED
A9429,INNOVASSYNTH TECHNOLOGIES (INDIA) LIMITED
A9430,ROLLMANS ALUMINIUM PVT LTD
A9431,Mumbai Fabrics PVt Ltd
A9432,WORLDWIDE INTERNATIONAL SERVICES
A9433,PRIYATA INTERCONTINENTAL
A9434,ARPIT AGRO INDUSTRIES PRIVATE LIMITED
A9435,MESO PRIVATE LIMITED
A9436,GAUSIA EXPORTS ENTERPRISE
A9437,EXXON INTERNATIONAL
A9438,JALARAM FLEXO LAMINATES PRIVATE LIMITED
A9439,FERNS FINE FOODS PRIVATE LIMITED
A9440,United Crane Components Private Limited
A9441,KREATIVE ENTPERPRISES
A9442,LOBA CHEMIE PVT. LTD.
A9443,NOOR  ICE AND COLD STORAGES  PVT. LTD.
A9444,ROSSARI BIOTECH LIMITED
A9445,Arihant Enterprise
A9446,JAFFERBHOY SALEHBHOY & CO
A9447,RAJHANS METALS PRIVATE LIMITED
A9448,CAPITAL FOODS PVT LTD
A9449,PAREKH ALUMINEX LTD
A9450,SUTLEJ TEXTILES AND INDUSTRIES LIMITED
A9451,Schreiber Dynamix Dairies Private Limited
A9452,Kankai Exports  India
A9453,ISHWAR TEXTILES PVT. LTD.
A9454,ORIENT PRESS LIMITED
A9455,PACORINI METALS INDIA PVT LTD
A9456,ED & F MAN COMMODITIES INDIA PRIVATE LIMITED
A9457,TANISHK IMPEX
A9458,J.B.M. ENTERPRISES
A9459,SIDDHACHINTAMANI POLYMERS
A9460,ALPHA CHEMIKA
A9461,PB GLOBAL LIMITED
A9462,Maan Impex
A9463,ARPIT INTERNATIONAL
A9464,Commit Paper Products Private Limited
A9465,YAMAI INTERNATIONAL
A9466,JETHABHAI GOPALJIS
A9467,PARMANAND AGRO EXPORT
A9468,RELIANCE CEMENT COMPANY PRIVATE LTD
A9469,PARAS PVC PIPES AND FITTINGS P LTD
A9470,GREEN APPLE PVT.LTD.
A9471,MAHINDRA GREENYARD PVT. LTD.
A9472,FRESENIUS KABI INDIA PVT LTD
A9473,GULABDAS & COMPANY
A9474,GALAXY INTERNATIONAL
A9475,MULJI DEVSHI & COMPANY
A9476,BENI IMPEX
A9477,KGN PHARMACEUTICALS PRIVATE LIMITED
A9478,national shipping
A9479,GRACE VENTURES
A9480,STEEL AND SCRAP PVT LTD
A9481,COLOP STAMPS INDIA PRIVATE LIMITED
A9482,Cosscoe Fashion & Lifestyle Private Limited
A9483,AGLOWMED LIMITED
A9484,Neptune Exim
A9485,GAYATRI TRADING CORPORATION
A9486,FIAT INDIA AUTOMOBILES PVT LTD
A9487,Scope Specialities LLP
A9488,SRI MAULI LOGISTIXS
A9489,PARAS DYEING AND PRINTING MILLS
A9490,JYP TEXTILES PVT LTD
A9491,NOYA LIFESTYLES PRIVATE LIMITED
A9492,BEHLIM CLOTHING COMPANY
A9493,KUNJ GLASS PRIVATE LIMITED
A9494,SHREEJI EXPORTS
A9495,HEMLINES TEXTILE EXPORTS PRIVATE LIMITED
A9496,SIA IMPEX
A9497,HARISH TEXTILE ENGINEERS PVT.LTD
A9498,PARLE AGRO PRIVATE LIMITED
A9499,Amrutva Fine Foods LLP.
A9500,Varron Industries Pvt Ltd
A9501,PREMIER INDUSTRIAL CORPORATION LIMITED
A9502,DODIA ESTABLISHMENT
A9503,CERES ORGANICS PRIVATE LIMITED
A9504,GATHA ENTERPRISES
A9505,CHEMISCHE GLOBAL PRIVATE LIMITED
A9506,HAZEL MERCANTILE LIMITED
A9507,KHURANA TEXTILE MILL PVT.LTD.
A9508,EASTERN PETROLEUM PVT LIMITED
A9509,MINAL IMPEX
A9510,AGUAPURO EQUIPMENTS PRIVATE LIMITED
A9511,DD COTTON PRIVATE LIMITED
A9512,AMAFHH CANS INDIA
A9513,ELKAY CHEMICALS PRIVATE LIMITED
A9514,Abicor Binzel Production India  Pvt Ltd
A9515,balaji logistics
A9516,IFC OVERSEAS
A9517,INDO AMINES LIMITED
A9518,Automark Technologies India Private Limited
A9519,KSHIRSAGAR COLD STORAGE
A9520,DAPHNE RIVER IMPORT EXPORT PRIVATE LIMITED
A9521,Technocraft Industries (India) Limited
A9522,JASH INTERNATIONAL
A9523,SHREE RADHA KRISHNA COTTONS
A9524,KULODAY TECHNOPACK PVT LTD
A9525,KOGTA IMPORT EXPORT PRIVATE LIMITED
A9526,ISPA EXIM PVT LTD
A9527,MAYOMAL NANIKRAM
A9528,MAYA FOOD PRODUCTS
A9529,SHREEJI TRADERS
A9530,ROKI IMPEX
A9531,WRITER BUSINESS SERVICES PVT LTD
A9532,ANMOL CHEMICALS
A9533,NIKHIL CORPORATION
A9534,SHRI DAMODAR YARN MANUFACTURING PRIVATE LIMITED
A9535,OG CORPORATION INDIA PVT LTD
A9536,REALM INTERMEDIATES PVT LTD
A9537,FORTUNE OVERSEAS
A9538,MI SALES CORPORTION
A9539,KENNIGTON INDUTRIES PVT.LTD
A9540,JAY PRECISION PRODUCTS INDIA PVT LTD
A9541,BRB EXPORTS
A9542,ZIYAURRAHMAN MOHAMMED ISHAQUE
A9543,MAHARASHTRA FOODS PROCESSING AND COLD STORAGE
A9544,Magic Special Purpose Machineries Private Limited
A9545,MARKET ASIA RETAIL PRIVATE LIMITED
A9546,Audax Protective Fabrics Private Limited
A9547,GOODLUCK METAL CORPORATION
A9548,Nasibdar International
A9549,ASHA DYESTUFF INDUSTRIES PVT. LTD.
A9550,RUCHIKA CHEMICAL INDUSTRIES PVT. LTD.
A9551,SEHER TOOLS & TRADE PRIVATE LIMITED
A9552,BDC DISTRIBUTION PVT LTD
A9553,INDITRADE BUSINESS CONSULTANTS LIMITED
A9554,Multichem Specialities Pvt Ltd
A9555,Gala Brush Limited
A9556,SHARDA CORPORATION
A9557,INDUS PAPER BOARDS PVT. LTD.
A9558,EAGLE EXPORTS
A9559,NSSL PRIVATE LIMITED
A9560,Commtel Networks Private Limited
A9561,DEVIDAYAL CHEMICAL INDUSTRIES PVT LTD
A9562,UNITED EXPO
A9563,Dow Chemical International Private Limited
A9564,Fresco Radiator Private Limited
A9565,AACASH EXPORTS
A9566,SHARP CONSULTANTS
A9567,ABK IMPORTS PVT LTD
A9568,Sub Zero Insulation Technologies Pvt. Ltd.
A9569,MUHI TRADING CORPORATION
A9570,ANAND EXPORT
A9571,AMAGIC HOLOGRAPHICS INDIA PRIVATE LIMITED
A9572,VASAI FROZEN FOODS
A9573,MAHAVIR PACKAGING
A9574,AAACORP EXIM INDIA PVT. LTD
A9575,M.B. LAMINATORS
A9576,Daniel & Sons
A9577,BRENNTAG INGREDIENTS INDIA PVT LTD
A9578,SHELL GLOBAL
A9579,AHUJAS INTERNATIONAL
A9580,TECHNOVA IMAGING SYSTEMS PVT LTD
A9581,FAMILY CLOTHING CO
A9582,MATAWALA MERCANTILE PVT. LT.D
A9583,Volkswagen Indin Pvt Ltd.
A9584,PARAMOUNT MINERALS AND CHEMICALS LIMITED
A9585,HIMALAYA TERPENES PVT. LTD.
A9586,PRATISH PACKAGING PRIVATE LIMTED
A9587,GLOBAL FOODS SOLUTIONS PRIVATE LIMITED
A9588,V SONS DISTRIBUTORS PRIVATE LIMITED
A9589,UNISYNTH CHEMICALS
A9590,ARYA TIMBER TRADING CO
A9591,SAIF BEARING AND TOOLS AND CO.
A9592,ROSE METALS
A9593,SALIENT SYNTHETICS
A9594,AASTHA ENTERPRISES
A9595,S.M.TRADING CO
A9596,Winley Polymers Pvt Ltd
A9597,MAHINDRA TWO WHEELERS LIMITED
A9598,FIERA INTERNATIONAL LLP
A9599,SMK TURNKEY SOLUTIONS PRIVATE LIMITED
A9600,ERNARD ENTERPRISES PVT LTD
A9601,MUEZ-HEST INDIA  PRIVATE LIMITED
A9602,DHARTI INDUSTRIES PVT LTD
A9603,Swastik Technopack PVT. LTD.
A9604,SUNFIX PLAST PRIVATE LIMITED
A9605,ULTRA CHEMICAL WORKS
A9606,RAM FASHION EXPORTS PVT.LTD.
A9607,Ajani Impex Private Limited
A9608,PANKY EXPORT CORPORATION
A9609,RAYMOND APPAREL LIMITED
A9610,J.K.PROMOTION
A9611,UNIQUE PHARMACEUTICAL LABORATORIES
A9612,Everest Exim Enterprises
A9613,RELIABLE AGRO FOODS
A9614,RED CIRCLE INDUSTRIES
A9615,ORIENTAL EXPORT CORPORATION
A9616,Pelicans Automotive & Promotional Products Pvt Ltd
A9617,SHAH PREMCHAND KESHAVJI & CO.
A9618,Lokmangal Logistics Private Limited
A9619,Celogen Pharma Pvt Ltd
A9620,NUTRON PHARMACEUTICALS PVT LTD
A9621,Dilkhush Enterprises
A9622,SARVODAY PLASTIC INDUSTRIES
A9623,CONNECTWELL INDUSTRIES PVT LTD
A9624,BENGAL STEEL CORPORATION
A9625,BHAVI SEWING MACHINE COMPANY
A9626,SPECTRUM ELECTRICAL COMPONENT PVT. LTD
A9627,WORLDLINE EXPORTERS
A9628,SUMANGAL PETROCHEMICALS PVT LTD
A9629,JEELANI MARINE PRODUCTS
A9630,VICKY ENTERPRISES
A9631,VENTURA LIFESTYLES PVT.LTD
A9632,SANA FRAMES
A9633,MAHALAXMI IMPEX
A9634,PREGNA INTERNATIONAL LTD
A9635,PRERANA METALS
A9636,BACO PHARM PVT.LTD.
A9637,AMEE RUBBER INDUSTRIES PVT LTD
A9638,Marine Plaza
A9639,Bishan Steel Industries
A9640,Yupaa Fresh Private Limited
A9641,GARWARE WALL ROPES LTD
A9642,P K INTERNATIONAL
A9643,SUPER KNIT INDUSTRIES
A9644,MYRAS WORLD
A9645,ADAM EXPORTS
A9646,Nagase India Pvt. Ltd.
A9647,RUDRAKSHA ALLIED CHEMICAL PVT LTD
A9648,AARNA CREATION
A9649,GODAVARI PULP AND PAPER MILLS PVT LTD
A9650,SHANUGA SPICES PVT LTD
A9651,CROWN CORPORATION PVT.LTD
A9652,AMPIMEX
A9653,RASHI PLAST
A9654,SHIVAM GLOBAL SERVICES
A9655,HIMMAT CORPORATION
A9656,J.K.ENTERPRISES
A9657,PIONEER EXPORTS
A9658,KNT CREATIONS INDIA PRIVATE LIMITED
A9659,GUNJAN CORPORATION
A9660,Gujarat Nippon International Private Limited
A9661,ESDEE PAINTS LIMITED
A9662,Penguin Petroleum Services Pvt Ltd
A9663,B M INDUSTRIES PVT LTD
A9664,GROVER METALLOYS LIMITED
A9665,B D  BANSAL & CO
A9666,JEEJA EXPORT SERVICES
A9667,AUTO GLASS CO
A9668,L.N. EXPORTS
A9669,B CHANDAN AND CO
A9670,ALBIR TRADING CO.
A9671,MULTI FOODS COMPANY
A9672,Xerox India Limited
A9673,AYSHA EXPORTS
A9674,V K TRADING COMPANY
A9675,BODO MOELLER CHEMIE INDIA PRIVATE LIMITED
A9676,SAIRAJ PET
A9677,SHREEM ELECTRIC LTD.
A9678,EBACO INDIA PVT LTD
A9679,UNITED TRADERS
A9680,RAIGAD CHEMICALS PVT. LTD.
A9681,ORACLE IMPEX
A9682,CMI FPE LTD
A9683,I WONDER
A9684,MATRIXONE BRANDS PRIVATE LIMITED
A9685,ECO CARE CORPORATION
A9686,BLUE STAR ENTERPRISES
A9687,A.A.CONTRACTOR & COMPANY
A9688,DIET FOODS INTERNATIONAL
A9689,SONIS IMPEX
A9690,santapet polymers ltd
A9691,RADIANT EXPORTS PVT. LTD.
A9692,RIYA IMPEX
A9693,VJ JINDAL COCOA PVT. LIMITED
A9694,MIDAS CARE PHARMACEUTICALS PVT LTD
A9695,A-TRAC ENGINEERING CO. LLP.
A9696,NIKITA TRANSPHASE ADDUCTS PRIVATE LIMITED
A9697,SILVER  ICE BEVERAGES
A9698,ANSHIKA FASTENERS PRIVATE LIMITED
A9699,Raj Traders
A9700,HARDIK EXPORTS
A9701,GLASS DUNIYA
A9702,SAKUMA EXPORTS LIMITED
A9703,SHREE RAM TEXTILE MILLS PRIVATE LIMITED
A9704,PFIZER LIMITED
A9705,SHREYAS ENGINEERS
A9706,DAVITEX INTERNATIONAL TRADING PVT LTD
A9707,WALAMBIA PLASTICS PVT LTD
A9708,MUSCLEPRO NUTRITION PRIVATE LIMITED
A9709,SHAMROCK PHARMACHEMI PVT. LTD
A9710,LMT INDIA PVT LTD
A9711,RAJ TRADING COMPANY
A9712,JINDAL POLY FILMS LTD
A9713,ORCHEM PRODUCTS
A9714,SAVITRU AIRCON PVT LTD
A9715,NEO PHARMA PVT LTD
A9716,SHANKAR ENTERPRISES
A9717,Elite Industries
A9718,SHREE RAM CLEARING AGENCY
A9719,saikrupa polymers corporation
A9720,MASTURLAL FABRICHEM PRIVATE LIMITED
A9721,RAJDHANI EXPORTS
A9722,Kohinoor Impex
A9723,Eternis Fine Chemicals Limited
A9724,EKOM INTERNATIONAL
A9725,ALCOMEX SPRINGS PRIVATE LIMITED
A9726,TEJ EXPORTS
A9727,HAYSINTH INVESTMENTS & TRADERS PVT. LTD
A9728,Seasaga enterprises  pvt.  ltd.
A9729,MPM-DURRANS REFRACOAT PRIVATE LIMITED
A9730,SSV INTERNATIONAL
A9731,Arihant Lubricants Pvt. Ltd.
A9732,Rico Appliances Pvt. Ltd.
A9733,N NAROTTAMDAS
A9734,SAMUDRA FEOZEN FOODS
A9735,ALPHATEC AUDIO VIDEO PRIVATE LIMITED
A9736,OMKAR OVERSEAS
A9737,LS CHEMICALS & PHARMACEUTICALS
A9738,SURONIK OVERSEAS PRIVATE LIMITED
A9739,TRANSCEND MOBILITY
A9740,SOLENIS CHEMICALS INDIA PVT LTD.
A9741,PARKER HANNIFIN INDIA PVT LTD
A9742,THE INDIAN EXPRESS PVT LTD
A9743,SHRI RAJ IMPEX
A9744,OMNIACTIVE HEALTH TECHNOLOGIES LTD
A9745,SWASAN CHEMICALS PVT.LTD.
A9746,GLOBAL CORPORATION
A9747,NITIKA PHARMACEUTICAL SPECIALTIES PRIVATE LIMITED
A9748,VAISHNAV EXPORTS
A9749,Wuerth India Pvt Ltd
A9750,SHIVANI MATS PVT LTD
A9751,sarwar food products
A9752,TRANSASIA FINE PAPERS PVT LTD
A9753,VADILAL DESAI & CO
A9754,MULCHAND LALJI & CO
A9755,RARE EARTH CONVEYORS PVT LTD
A9756,GODREJ AGROVET LTD
A9757,Alsina Formwork India Private Limited
A9758,SHRINE CHEMICALS PRIVATE LIMITED
A9759,PRINT IT INDIA PVT LTD
A9760,J.P.ENTERPRISES
A9761,ANDREAS STIHL PRIVATE LIMITED
A9762,R B ENTERPRISES.
A9763,Utopia Energy Pvt Ltd
A9764,TRACKON IMPEX
A9765,PRAGATI ORGANICS
A9766,Bridgestone India Private Limited
A9767,HIGH SPIRIT COMMERCIAL VENTURES PVT LTD
A9768,Volkswagen Group Sales India Private Limited
A9769,VIRGO IMPEX
A9770,KHAITAN POWER TOOLS
A9771,Nilkamal Bito Storage Systems Pvt. Ltd.
A9772,ULTRA DECOR PRIVATE LIMITED
A9773,AL BAPA TRADING
A9774,Hitesh Plastic Pvt Ltd
A9775,shri hanshraj import export
A9776,BUSCH VACUUM INDIA PRIVATE LIMITED
A9777,HEETU CHEMICALS & ALKALIES LTD
A9778,HARSH TRADING
A9779,BERICAP INDIA PVT LTD
A9780,AIMS IMPEX PVT LTD
A9781,CARDIOTECH
A9782,ZCL Chemicals Limited
A9783,RCK IMPEX PRIVATE LIMITED
A9784,PROTO CHEMICAL INDUSTRIES
A9785,FUTURE CONSUMER LIMITED
A9786,UMA INTERNATIONAL
A9787,STANDARD ELECTRICAL PRODUCTS
A9788,RUP EXPORTS
A9789,HERCULES PIGMENTS PRIVATE LIMITED
A9790,RAMODA EXPORTS PRIVATE LIMITED
A9791,Ashiyana Impex LLp
A9792,NEETA INTERNATIONAL
A9793,PR EXPORTS
A9794,VIRAT INDUSTRIES LIMITED
A9795,HIND EXPORTS
A9796,PRADEEP POLYFLEX PVT LTD
A9797,LAXMI INTERNATIONAL
A9798,GP Global Energy Pvt.Ltd.
A9799,KLICK IMPEX PVT. LTD
A9800,PARAG STEEL CORPORATION
A9801,NZ SEASONAL WEAR PVT LTD
A9802,VINAY CHEMOPLAST INDUSTRIES
A9803,RAFIQ NAIK EXPORTS PRIVATE LIMITED
A9804,SEVAK STOVE INDUSTRIES
A9805,POLYBOND INDIA PRIVATE LIMITED
A9806,LINO EXPORTS
A9807,LINKS AND ALLIANCES
A9808,RAYMOND UCO DENIM PRIVATE LIMITED
A9809,RISING SUN EXPORTS PVT.LTD.
A9810,JAIN EXPORT
A9811,Synergy Earth Resources Private Limited
A9812,KAMCOM INDIA PRIVATE LIMITED
A9813,BHAVANA ENERGY INFRASTRUCTURE PRIVATE LIMITED
A9814,NOVAS IMPEX
A9815,Chheda Specialities Foods Pvt. Ltd.
A9816,EAST WEST SEEDS INDIA PRIVATE LIMITED
A9817,QAIS ENTERPRISES
A9818,SUN PLAST
A9819,KAIRAV CHEMOFARBE INDUSTRIES LTD
A9820,KAPOTEX INDUTRIES PVT LTD
A9821,AVION EXIM PVT.LTD
A9822,GSV International
A9823,AMTIK PACKAGING PRIVATE LIMITED
A9824,SHREE SAIBABA CHEMICAL INDUSTRIES
A9825,BTL HERBS & SPICES PRIVATE LIMITED
A9826,JAISHIL SULPHUR & CHEMICAL INDUSTRIES
A9827,JAWAHAR SAW MILLS PRIVATE LIMITED
A9828,DONGKWANG PRECISION INDIA PVT LTD
A9829,KING METAL WORKS
A9830,TORTUE FOODS
A9831,BRASSICA PHARMA PRIVATE LIMITED
A9832,GURNANI METALS PVT LTD
A9833,OVERSEAS TRADERS
A9834,G AMPHRAY PHARMACEUTICALS PVT LTD
A9835,C C EXPORTS
A9836,ELKEM SOUTH ASIA PRIVATE LIMITED
A9837,SHUBHTEX ENTERPRISES
A9838,FORCE MOTORS LIMITED
A9839,VIDHI SPECIALTY FOOD INGREDIENTS LIMITED
A9840,AUTOMOBILE GLASS TRADERS
A9841,FAIRDEAL COMPONENTS LIMITED
A9842,AEROFLEX INDUSTRIES LIMITED
A9843,RAVESHIA PIGMENTS LIMITED
A9844,SHREE SIDDHIVINAYAK LOGISTICS
A9845,JANVI CANVASING AGENT
A9846,Dionysus Supply Chain Private Limited
A9847,SPECTRUM CHEMICALS
A9848,K TECH INDIA LIMITED
A9849,RELIANT MACHINES PRIVATE LIMITED
A9850,Aptrans Impex Private limited.
A9851,METCO MARKETING  INDIA  PRIVATE LIMITED
A9852,VIVAAN CORPORATION
A9853,MANGAL SINGH BROTHERS PRIVATE LIMITED
A9854,JN LIGHTING LLP
A9855,SHRIJI CHEMICALS
A9856,G.K.ENTERPRISES
A9857,Furtados Music India Pvt Ltd
A9858,KAILASH VAHAN UDYOG PVT. LTD.
A9859,XYLOS ARTERIORS INDIA PVT LTD
A9860,METRO GIFTS PVT LTD
A9861,A-1 IMPEX
A9862,ASHUTOSH METAL PVT LTD
A9863,KOTHARI PRODUCTS LIMITED
A9864,AKANSHHA FILAMENTS
A9865,AL NOOR IMPEX
A9866,ALOK ENTERPRISE
A9867,AHAD TRADE PVT LTD
A9868,TARANG EXPORTS PVT LTD
A9869,CVG SEATING INDIA PVT LTD
A9870,SHREE SHYAM IMPEX
A9871,BHARTIA PULVERISERS
A9872,TATA MOTORS LIMITED
A9873,PUNAMIYA EXIM PRIVATE LIMITED
A9874,SATKAMAL EXPORTS
A9875,RAIEN TRADING CORPORATION
A9876,KAB EXIM
A9877,ROYAL ENTERPRISES
A9878,AAYU IMPEX
A9879,KRISHANA CORPORATION
A9880,KKE Wash Systems Private limited
A9881,Sula Vineyards Private Limited
A9882,KING KAVERI  TRADING  COMPANY
A9883,Flexilis Private Limited
A9884,AAREL IMPORT EXPORT PRIVATE LIMITED
A9885,KARM IMPEX
A9886,Advantage Overseas Private Limited
A9887,Kalika International
A9888,United Pestichem and Nonionics private Limited
A9889,Agarwal Life Sciences Pvt.Ltd
A9890,BMI
A9891,HALDYN HEINZ FINE GLASS PVT.LTD.
A9892,Super Bond Adhesives Pvt.Ltd
A9893,INTERMETAL ENGINEERS INDIA   PRIVATE LIMITED
A9894,OM STEEL ENTERPRISES
A9895,PSB CORPORATION
A9896,Empire Trading Corporation
A9897,ESSEM SRINISONS SYSTEMS PVT LTD
A9898,NILFISK INDIA PRIVATE LIMITED
A9899,DANISCO INDIA PVT LTD
A9900,AVA CHEMICALS PVT LTD.
A9901,OSWAL INTERNATIONAL
A9902,R M ENTERPRISES..
A9903,PRINTOGRAPHY SYSTEMS  INDIA  PRIVATE LIMITED
A9904,SPARK GLASS COMPANY
A9905,R.NANDLAL AND SONS
A9906,MATOSHRI TRADING COMPANY
A9907,J J POLYIMPEX PVT LTD
A9908,SIGANPORIA BROS
A9909,SIDDHIVINAYAK EXPORT
A9910,ESAAR INTERNATIONAL
A9911,GREEN SOURCE
A9912,FINE-LINE CIRCUITS LTD
A9913,RAJPUT PLASTICS AND POLYMERS PVTLTD
A9914,ADITYA POLYMERS
A9915,RONIK METAL & ALLOYS
A9916,HARMAN INTERNATIONAL INDIA PVT LTD
A9917,BHOTIKA TRADE AND SERVICES PRIVATE LTD
A9918,ORACURA SOLUTIONS PRIVATE LIMITED
A9919,H R IMPEX
A9920,KOMAL ENTERPRISES
A9921,TM ENTERPRISES
A9922,EVERGREEN EXPORTS
A9923,SPECTRUM GLOBAL PROJECTS PRIVATE LIMITED
A9924,GREEN VEGE EXPORTS PVT LTD
A9925,Marudhar Systems
A9926,GOODVILL ENTERPRISES
A9927,WELSET PLAST EXTRUSIONS PRIVATE LTD.
A9928,SHINGAR IMPEX
A9929,ASAWA INSULATION PRIVTE  LIMITED
A9930,CHEMTURA CHEMICALS INDIA PRIVATE LIMITED
A9931,MALU PAPER MILLS LIMITED
A9932,TESCO FOODS INTERNATIONAL
A9933,MONIKA IMPEX
A9934,CHEMICO HEALTH & BEAUTY INDIA PVT LTD.
A9935,INDIAN CHEMICAL CORPORATION
A9936,MODERA ELECTRONICS
A9937,ECOGREEN LANDSCAPE TECHNOLOGIES INDIA PVT LTD
A9938,MOSIL LUBRICANTS PVT. LTD
A9939,GLOBAL FOAM AND FURNISHINGS
A9940,Rishichem Distributors Pvt Ltd.
A9941,AACHARANG METALS
A9942,JUBILANT DISTRIBUTORS
A9943,CARRON INDIA
A9944,US PHARMA  I  PVT. LTD
A9945,MCCOY PHARMA PVT. LTD.
A9946,SAMADHAN POLISHING PRODUCTS
A9947,Weltweit Agri Exports
A9948,LABDHI LOGISTICS PVT LTD
A9949,MAYUR TRADING CO.
A9950,PIDILITE INDUSTRIES LTD
A9951,ARIHANT INFOMATICS
A9952,DURABUILD ROOFING SOLUTION
A9953,VIPRA EXPORTERS
A9954,ADITI IRRIGATION TECHNOLOGIES PVT LTD
A9955,UNIQUE LABELS PVT.LTD
A9956,SANKUR EXIM PVT LTD
A9957,MAHESH TIMBER
A9958,DECENT CARTRIDGE
A9959,STAR ASIAN
A9960,VIDEOCON INDUSTRIES LIMITED
A9961,J&S CORP  I   PVT. LTD.
A9962,INNOVATIVE TEXTILES LIMITED
A9963,INCOTEX IMPEX PVT. LTD.
A9964,PATEL EXPORT CORPORATION
A9965,STONE EXPORT HOUSE
A9966,Classy Kontainers
A9967,MAS ADDITIVES PVT LTD
A9968,SHIV SAI COMPONENTS
A9969,DAMAN RUBBER PRODUCTS
A9970,Arihant Industrial Corporation Ltd.
A9971,POWERICA LIMITED
A9972,Simosis International
A9973,SHAGUN POLYPLAST INDUSTRIES
A9974,ROHIT ENTERPRISE
A9975,BHOSALE  AGRO EXPORTS
A9976,CASTLEROCK FISHERIES  PRIVATE LIMITED
A9977,HIRAVATI INTERNATIONAL PVT.LTD.
A9978,MAXO PLAST
A9979,RANDOM CRANE ENGINEER
A9980,SATYAM IMPEX
A9981,PRAYAS STEEL & ALLOYS
A9982,CONSIGNEE SEZ
A9983,LG Electronics India Pvt. Ltd.
A9984,NM WADIA HOSPITAL
A9985,AKZO NOBEL CHEMICALS INDIA PVT LTD
A9986,HETTICH INDIA PRIVATE LTD.
A9987,Sentinel Exports
A9988,CASEIN  INDIA
A9989,VALIANT GLASS WORKS PRIVATE LIMITED
A9990,GENOM BIOTECH PVT LTD
A9991,USHA EDIBLES PRIVATE LIMITED
A9992,Patel Retail Pvt Ltd
A9993,Sanjay Chemicals  INDIA  Private Limited
A9994,GUDDI PLASTACON PVT LTD
A9995,Empyrean Cashews Pvt Ltd
A9996,SHREEJI ENTERPRISES
A9997,VIN OXIDE INDUSTRIES
A9998,ZEENESTA MULTITRADING PRIVATE LIMITED
A9999,GIC INSUFLEX CONDUCTORS PRIVATE LIMITED
AAC,ACT AGRO CHEM PVT LTD 
AAD,AADITYA PAPTECH PRIVATE LIMITED
AAI,AARTI INDUSTRIES LTD
AAK,AAKASH POLYFILMS LIMITED 
AAN,ADACHI NATURAL
AAP,A A PERFUMES 
AAR,ASTA INDIA PVT LTD
ABP,ABHI PLASTIC
ACC,ACCORD CHEMICAL CORPORATION
ACO,ACO PERFUMES & COSMETICS LLP
ACP,ARIES COLORCHEM PVT. LTD.
ACT,ARYANN CHEMICAL TRADING PRIVATE LIMITED
ADC,ADVATECH CERA TILES LTD
ADI,ADI CHEMSOL LLP
ADM,ADMARK POLYCOATS PVT LTD 
ADP,ADDWARP PACKING
AEF,AAREHA ELASTIN FIBC PRIVATE LIMITED
AEO,AERO FIBRE PVT LTD
AEP,ALOK INDUSTRIES LTD
AET,AETRICO INDUSTRIES PVT LTD
AFB,AGNI FIBER BOARDS PVT. LTD.
AFD,AUSTIN FOODS & BEVERAGES PVT. LTD.
AFF,ARIHANT FLEXI  PACK
AFL,ASIAN FOOD INDUSTRIES
AFV,ASWANI FASHION PVT. LTD.
AFZ,ALFEREZ PRIVATE LIMITED
AGH,ANUGRAH INORG PVT LTD
AGR,AGRO LIFE SCIENCE CORPORATION
AIL,AERO WALK INTERNATIONAL INDIA PVT 
AIP,ARCHROMA INDIA PVT LTD
AKH,AAKASH PACKAGING
AKL,ALPHA PLASTOMERS PVT LTD
AKP,AKSHAT PAPERS LIMITED
AKW,A K WIRE INDUSTRIES
ALA,ALEXANDER AGENCIES
ALE,ALLTEX EXIM PVT LTD
ALF,ALLIANCE FIBRES LIMITED
ALI,ARYSTA LIFESCIENCE INDIA LTD
ALP,ALMONT STRUCTURES PVT LTD
ALU,ALUPLAST INDIA PVT LTD
AMA,AMVIAN AUTOMOTIVE PVT LTD
AMC,ACCENT MICROCELL PVT LTD
AMS,AMOD STAMPINGS PVT. LTD.
ANP,ANGUR PULSES LLP
APA,APAR INDUSTRIES LTD
APE,AMRUT PLASTICS ENGINERS
API,APCOTEX INDUSTRIES LTD
APK,ABHISHRI PACKAGING PRIVATE LIMITED.
APO,APOLLO INDUSTRIES
APR,ANUPM RASAYAN INDIA LTD
APT,APOLLO TYRES LIMITED
APV,ARIIX PRODUCTS (INDIA)) PVT. LTD.
ARI,CEAT LIMITED
ARL,AETHER INDUSTRIES LIMITED
ARO,ARUNAYA ORAGANICS
ARP,ARYAN PACKAGING INDUSTRIES
ARR,ACC PERFUMES& COSMETICS LLP
ARS,ARSTA SPECIALTY
ARV,ARVIND LIMITED
ASC,ASSOCITED POWER STRUCTURES PVT LTD
ASF,ASHWANI FASHION PRIVATE LIMITED
ASI,APPOLO SESAME INDUSTIRES
AST,ASTRA SPECIALTY COMPOUND INDIA PVT LTD
ASU,ADITYA SYNTHETICS
ATC,ATC TIRES PVT LTD
ATL,ALL TIME PLASTICS PVT LTD
ATM,ATM SYNTEX LTD.
ATP,ADITYA TIMPACCK PVT LTD
ATR,ASHOK TRADERS
ATU,ATUL LIMITED
AUL,ARVALLI CASTOR DERIVATIVES PVT LTD
AUR,AURA LIFECARE PVT. LTD.
AVC,AVANA LOGISTEK LTD
AVP,AVITY AGROTECH PVT LTD
AVT,ALVEOR PLASTIC TECHNOLOGIES PVTL TD
AYM,AYM SYNTEX LTD
AZU,AZUL DENIMKART LLP
B0001,P. G. ENTERPRISES
B0002,PERSTORP CHEMICALS INDIA PRIVATE LIMITED
B0003,INDRAYANI SALES PVT LTD
B0004,HEMANI CHEMIORGANIC PVT LTD
B0005,ASPIRIS OFFSHORE SERVICES PVT LTD
B0006,RX INFOTECH PVT LTD
B0007,BOLLI INDUSTRIES
B0008,COMMIT INDUSTRIES PRIVATE LIMITED
B0009,KOSO INDIA PRIVATE LIMITED
B0010,ELECTRONICA INDIA LIMITED
B0011,Unicorn Pharmachem Private Limited
B0012,GRAUER AND WEIL INDIA LTD
B0013,PANKAJ EXPORTS
B0014,SALVI CHEMICAL INDUSTRIES LIMITED
B0015,AQUAPHARM CHEMICALS PVT LTD
B0016,ORIGAMI CELLULO PRIVATE LIMITED
B0017,INDO GLOBAL STEEL
B0018,S A TRADERS
B0019,AMANAT STEELS PVT LTD
B0020,Little & Company
B0021,RAJSHREE POLYPACK PRIVATE LIMITED
B0022,POLY FLEX INDUSTRIES
B0023,NOATUM LOGISTICS INDIA PRIVATE LIMITED
B0024,TRANSWORLD FURTICHEM PRIVATE LIMITED
B0025,ALLIED INSTRUMENTS PVT. LTD.
B0026,METTA COMMODITIES LLP
B0027,SHERAL TEXPORT MILLS PVT LTD
B0028,SAMRUDDHI NUTRIENTS INDIA PRIVATE LIMITED
B0029,ROYAL ARC ELECTRODES LIMITED
B0030,DORF KETAL CHEMICALS INDIA PVT.LTD.
B0031,Sriab Chemicals Private Limited
B0032,HEMANI INTERMEDIATES PRIVATE LIMITED
B0033,AMBICA INTERNATIONAL PRIVATE LIMITED
B0034,K.V.FIRE CHEMICALS (I) PVT LTD
B0035,Asiad Steels
B0036,KHEMCHAND SONS
B0037,S D FINE CHEM LIMITED
B0038,SAMNAN INTERNATIONAL PRIVATE LIMITED
B0039,HEG LIMITED
B0040,ASHOK ENTERPRISES
B0041,DBL VENTURES PRIVATE LIMITED
B0042,GOLDEN FIBRES LLP.
B0043,GHI INDUSTRIES
B0044,HINDUSTAN GLOBAL
B0045,EXOTIC ENTERPRISES
B0046,A.K. DANUM & CO.
B0047,ROOFEX
B0048,PIONEER TRADING CORPORATION
B0049,FOCUS FITNESS PVT LTD
B0050,S B MARKETING
B0051,KAYMO FASTENER COMPANY
B0052,MAHARASHTRA ORGANO METALLIC CATALYSTS PVT LTD
B0053,JHA EXPORTS
B0054,S.S.EXPORTS
B0055,PRECISION METALS
B0056,VALMONT STRUCTURES PRIVATE LIMITED
B0057,PARASRAMPURIA ENGINEERS PRIVATE LIMITED
B0058,S. ZHAVERI PHARMAKEM PVT LTD
B0059,ABC CHEMICALS PVT LTD
B0060,NIRAJ KAKAD BUILDERS LLP
B0061,R.R.INNOVATIVE PVT LTD
B0062,DUJODWALA RESINS & TERPENES LTD
B0063,Muskan Fasteners
B0064,CHEMICAL BROTHERS ENTERPRISES PRIVATE LIMITED
B0065,DEEP STEEL TRADERS
B0066,Collapsible Tube Corporation
B0067,AL HAQUE AND EXPORT
B0068,THE RUBBER PRODUCTS LIMITED
B0069,POWERMASTER ENGINEERS PRIVATE LIMITED
B0070,SUNMEET PACKAGING PRIVATE LIMITED
B0071,SCITECH SPECIALITIES PVT LTD
B0072,ARTEVET INDIA LLP
B0073,KHOJATI HERBAL
B0074,Pearl Thermoplast Private Limited
B0075,RIOCARE INDIA PRIVATE LIMITED
B0076,ASMAT BANGLES
B0077,SHAH AGRO PIPES & FITTINGS PVT LTD PRIVATE LIMITED
B0078,JANS COPPER PRIVATE LIMITED
B0079,ELIMAR FROZEN FOODS
B0080,SALTEX
B0081,COATED SALES COMPANY PVT LTD
B0082,A.A.EXIM
B0083,Overseas Polymers Pvt Ltd
B0084,RAMANI STEEL HOUSE
B0085,TYRE EXPERTS
B0086,Veejay Trading
B0087,VIRAT IMPEX
B0088,Gennext Plywood Pvt Ltd
B0089,PV MEDIA VISION PVT LTD
B0090,RAMDEV TEXTILES
B0091,EPICURE FROZEN FOODS & BEVERAGES PVT LTD
B0092,COCA COLA INDIA PVT LTD
B0093,KLJ RESOURCES LTD
B0094,VISCOTEX ENERGY PVT LTD
B0095,PILLER POWER INDIA PVT. LTD.
B0096,CHOKSEY CHEMICALS PRIVATE LIMITED
B0097,M.I.T.R.A. AGRO EQUIPMENTS PRIVATE LIMITED
B0098,BKT IMPEX
B0099,PADMAVATI PULP & PAPER MILLS
B0100,TECHNO FIRE PROTECTION SERVICES PVT. LTD.
B0101,BROM INDIA
B0102,SANDEEP ORGANICS PRIVATE LIMITED
B0103,RAJ IMPEX
B0104,VASMIGA WORLD TRADE CORPORATION
B0105,KOHINOOR TISSUE CONVERTING COMPANY
B0106,ABHISHEK TRADELINKS
B0107,CMC METALS PVT LTD
B0108,Crystal India
B0109,GRAMPUS SHIPPING & LOGISTICS PRIVATE LIMITED
B0110,Unity Commodities
B0111,DIVINE TRADELINK
B0112,PARESH IMPEX
B0113,ATLAS EXPORTS INDIA
B0114,SRC CHEMICALS PVT. LTD.
B0115,SCHMOLZ  BICKENBACH INDIA PRIVATE LIMITED
B0116,PBK TRADING COMPANY
B0117,STARLASE SYSTEMS PVT LTD
B0118,METALLO MONDO
B0119,ORIENT  IMPEX
B0120,ALLIED FASTNERS
B0121,MAA KRUPA TRADING CORPORATION
B0122,Eoss Impex
B0123,STAR TOYS
B0124,R MAVJI AND CO
B0125,MION PLAST PVT LTD
B0126,Laxmichand Dayabhai Export Co
B0127,LAMIFAB INDUSTRIES
B0128,Steel Corporation
B0129,Propack Overseas
B0130,DATAR AND SONS EXPORTS INDIA PVT LTD.
B0131,SABMILLER INDIA LIMITED
B0132,U M C EXPORTS CORPORATION
B0133,MULTI COLOUR PACKS
B0134,ASIAN HYDRAULIC
B0135,KITTEN ENTERPRISES PVT LTD
B0136,AQUARIUS ENGINEERS PVT LTD
B0137,Miki Exports International
B0138,FAST FORWARDERS
B0139,IG INTERNATIONAL PRIVATE LIMITED
B0140,VARDHMAN EXPORTS
B0141,ARMAAN IMPEX
B0142,VALUE WISE ENTERPRISE
B0143,UNIFLY RUBBER YARN LIMITED
B0144,CHAKRADHARI AGRO EXPORTS
B0145,TRANCECARE LOGISTICS PRIVATE LIMITED
B0146,MANISHA INDUSTRIES
B0147,SHRIRAM FILAMENTS AND ROPES PVT. LTD
B0148,LOKEESH ENGINEERING
B0149,Mattel Toys  I  Pvt Ltd
B0150,A P PRODUCTS
B0151,WELLA INDIA PVT LTD
B0152,KAMAL IMPEX FITTING
B0153,REGAL STEEL CENTRE
B0154,BALAJI SOLUTIONS PVT.LTD
B0155,DOMO ENGINEERING PLASTICS INDIA PVT LTD
B0156,JSONS FOUNDRY PVT LTD
B0157,HUVEPHARMA SEA   PUNE   PVT LTD
B0158,KATHRANI EXPORTS  INDIA  PRIVATE LIMITED
B0159,SREELAKSHMI IMPEX
B0160,KHODIYAR FABRICATORS
B0161,HARMAN INTERNATIONAL
B0162,HART FOODS
B0163,ZEN CHEMICALS PVT LTD.
B0164,SELECTION CENTRE SPORTS PVT LTD
B0165,ARUN PULVARISING INDUSTRIES
B0166,MALU AGROTECH
B0167,VIDHI MINERALS AND ALLOYS PRIVATE LIMITED
B0168,SHREE RADHA OVERSEAS
B0169,New steel trading pvt ltd
B0170,JAINCO FASHIONS PVT LTD
B0171,MEANS SOLUTION
B0172,LEO EXIM
B0173,ASONA INDIA PVT LTD
B0174,TYRE EXPERTS LLP
B0175,Laoch International Private Limited
B0176,JATIN POLY PLAST
B0177,TAFFY APPLIANCES PRIVATE LIMITED
B0178,CHEM INTERNATIONAL
B0179,PIAGGIO VEHICLES PVT. LTD.
B0180,DAI ICHI KARKARIA LTD
B0181,SOFLENE TEXTILES PRIVATE LIMITED
B0182,Cummins Generator Technologies India Private Limit
B0183,Ecopack India Paper Cup Private limited
B0184,KANANI EXPORTS
B0185,ALLOY STEEL INDIA AGENCY
B0186,Vruti Impex Pvt Ltd
B0187,RTC ENTERPRISES
B0188,Radiant Plastic Industries Pvt.Ltd.
B0189,GALAXY IMPEX.
B0190,JAYASWAL NECO INDUSTRIES LIMITED
B0191,ALKYL AMINES CHEMICALS LIMITED
B0192,SIDDHI IMPEX
B0193,KALIKA STEEL ALLOYS PVT
B0194,MARSHALLS ENTERPRISE INDIA PVT LTD
B0195,Epsilon Carbon Pvt.Ltd.
B0196,KRISHNA EXPORTS.
B0197,KK INDIA PETROLEUM SPECIALTIES PVT LTD
B0198,SOOFI TRADERS
B0199,ROYAL SCRAP TRADERS
B0200,AMATEUR RIDERS CLUB
B0201,VERTEX CHEMICALS
B0202,PROTOLAB ELECTROTECHNOLOGIES PVT. LTD.
B0203,ENTREMONDE POLYCOATERS LTD
B0204,Canadian Agro India Pvt. Ltd.
B0205,Grass Blades Pvt Ltd
B0206,KISM TEXTILES PVT. LTD.
B0207,ULTRASEAL INDIA PVT LTD
B0208,SONAL PLASTICS
B0209,JAIN INTERNATIONAL
B0210,JANTA STEEL HOUSE
B0211,LAXMI STAINALLOYS PRIVATE LIMITED
B0212,NPL BLUESKY AUTOMOTIVE PVT LTD.
B0213,HARSHADA CORPORATION
B0214,KHANDELWAL LABORATORIES PRIVATE LIMITED
B0215,CHINA CONSTRUCTION SAUSAM INDIA PVT LTD
B0216,GREENSPAN AGRI TECH PVT LTD
B0217,HINDUSTAN PLATINUM PVT. LTD
B0218,BURHANI TOYS
B0219,EUROSTEEL OFFICE FURNITURE SYSTEMS PVT LTD
B0220,ZYTEX BIOTECH PVT. LTD.
B0221,A P TRADING COMPANY
B0222,PATEL CAR ACCESSORIES PVT. LTD.
B0223,V. TULSIDAS & SONS
B0224,AFFLUENCE INDIA OVERSEAS LLP
B0225,RV Metallo Mondo
B0226,KOMAL LEOLITE PVT LTD
B0227,BASF PERFORMANCE POLYAMIDES INDIA PRIVATE LIMITED
B0228,NISHIT INTERNATIONAL
B0229,AJINKYA CHEMTECH PVT LTD
B0230,Hansraj Impex
B0231,MEHTA BROTHERS & CO
B0232,AVRIDO INTERNATIONAL PRIVATE LIMITED
B0233,BK IMPEX
B0234,PEE AAR EXIM PVT LTD
B0235,NEW BOMBAY PAPER MILLS PVT LTD
B0236,B K ENTERPRISES
B0237,PETWELL HEALTH CARE
B0238,SHREE ROHINI DISTRIBUTORS
B0239,ECLECTICO TECHNOLOGIES LLP
B0240,MONARK ENGINEERING CORPORATION
B0241,DPB LIFESCIENCE
B0242,Industrial Laminates  India  Pvt Ltd
B0243,Indiana Enterprises
B0244,SHANTI INDUSTRIES
B0245,KOPRAN RESEARCH LABORATORIES LIMITED
B0246,Glorimex Pvt Ltd
B0247,NMK TEXTILE MILLS INDIA PVT.lTD.
B0248,Ratanmoti Texfab India Private Limited
B0249,MANCARE PHARMACEUTICALS PRIVATE LIMITED
B0250,RUBY IMPEX
B0251,Atul Timber Company
B0252,AKSONS SOLAR EQUIPMENTS PVT LTD
B0253,Vora Spice Mills LLP
B0254,CHHAJED AGRI PLASTIC PRIVATE LIMITED
B0255,FORTUNE TRADE LINKS
B0256,VPCG EXIM PVT LTD
B0257,FAMAK INTERNATIONAL
B0258,shree laxmi udyog
B0259,SAGAR OVERSEAS.
B0260,M.K. INGREDIENTS AND SPECIALITIES
B0261,ASB INTERNATIONAL PVT.LTD
B0262,MUKUND EXTRUSIONS
B0263,SUNRISE TRADERS.
B0264,SAI INDIA GYPSUM PRODUCTS PRIVATE LIMITED
B0265,Oriental Veneer Products Ltd
B0266,AMTEX ENTERPRISE
B0267,BANGANGA PAPER MILLS
B0268,Newage Fire Protection Industries Pvt. Ltd.
B0269,KASKAL FACADE PRIVATE LIMITED
B0270,LAXMI BOARD & PAPER MILLS PRIVATE LIMITED
B0271,EXZA CHEMICAL PVT LTD
B0272,KUBER IMPEX
B0273,A A NAYAK CONSTRUCTIONS PVT LTD
B0274,AAPL SOLUTIONS PRIVATE LIMITED
B0275,INTERNATIONAL FOOTSTEPS
B0276,JSK INDUSTRIES PRIVATE LIMITED
B0277,CHEVAL TRADING COMPANY
B0278,Assad Consulting Services
B0279,GRIP TIGHT PACKAGING (INDIA) PRIVATE LIMITED
B0280,RAVAGO SHAH POLYMERS PVT LTD
B0281,JAYA HIND MONTUPET PRIVATE LIMITED
B0282,EVONIK INDIA PVT LTD
B0283,Accord chemical corporation
B0284,Voltas Limited
B0285,GANAPATI ACOUSTICS
B0286,AVN PETROCHEMICALS INDIA
B0287,CAMBRO NILKAMAL PVT LTD
B0288,ATS LASER
B0289,ABHIPRAJ EXPORTS
B0290,HAJ EXPORTS
B0291,INDRAS AGENCIES PVT LTD
B0292,ASAMA TEXTILE
B0293,BALAJI INTERNATIONAL
B0294,ECO FUEL SYSTEMS INDIA PVT LTD
B0295,AARTI DRUGS LTD
B0296,PROSMART CONCEPT
B0297,THE ROYAL RIPES
B0298,SD TECHNOLOGIES
B0299,YOGESH DYESTUFF PRODUCTS PVT. LTD.
B0300,J M GLOBAL
B0301,MAX LINE INC
B0302,JAYANTILAL J. GANDHI CHEMICALS PVT. LTD
B0303,G KHANNA AND CO.
B0304,SAPNA STEELS
B0305,KONARK LEATHER
B0306,GRAFICA FLEXTRONICA
B0307,PRAJ INDUSTRIES LIMITED
B0308,PHARMALAB INDIA PVT.LTD.
B0309,MEHTA ENTERPRISES
B0310,MUKTI KITCHENWARE PRIVATE LIMITED
B0311,VORA PACKAGING PRIVATE LIMITED
B0312,SUPERMAX IMPEX PRIVATE LIMITED
B0313,KIRLOSKAR OIL ENGINES LIMITED
B0314,Shreemirra Food Industries Pvt. Ltd.
B0315,GARIMA GLOBAL PRIVATE LIMITED
B0316,HAWA VALVES INDIA PRIVATE LIMITED
B0317,MARLOW NAVIGATION INDIA PVT LTD
B0318,CROWN TAPES PVT LTD
B0319,INDIAN TECHNO ACCESSORIES CO
B0320,DESIGNER AUDIO INDIA PVT LTD
B0321,ANAVADIA IMPEX PVT LTD
B0322,Pure one water technologies
B0323,Ravi Vinyls India Limited
B0324,SGL CARBON INDIA PVT. LTD.
B0325,ROYAL IMPEX
B0326,CHANDAN EXPORTS
B0327,P V LUMENS LLP
B0328,AMJEY CHEM TRADE PVT LTD
B0329,CHOICE CREATION
B0330,STAR LASER TECHNOLOGY
B0331,HAIER APPLIANCES INDIA PRIVATE LIMITED
B0332,MOBITECH INDUSTRIES LLP
B0333,SANJIVANI PARANTERAL LTD
B0334,AJE INDIA PVT LTD
B0335,SHARP HIRING
B0336,S H CORP
B0337,JALNA SIDDHIVINAYAK ALLOYS PVT LTD
B0338,NEW HORIZON SOLUTIONS
B0339,SHELAR PROPERTIES PVT LTD
B0340,JAI ENTERPRISES.
B0341,MYTHOS INTERIOR & BUILD CONCEPTS
B0342,RAJ PROCESS EQUIPMENTS AND SYSTEMS PVT LTD
B0343,MODERN ELECTRONICS
B0344,JAGDISH K KHETWANI
B0345,SANJAY SALES CORPORATION
B0346,FENGYUAN INDIA PRIVATE LIMITED
B0347,KOSHA CHEM TECH PVT.LTD.
B0348,SHARDAM CHEMICALS
B0349,DIVYA GLOBAL PRIVATE LIMITED
B0350,TRI COLOUR COMMERCE PRIVATE LIMITED
B0351,SAGAR CHEMICALS
B0352,PC FOODS PRIVATE LIMITED
B0353,SKYTECH INDUSTRIES
B0354,IMPORT EXPRESS INDIA PRIVATE LIMITED
B0355,MAAZ ENTERPRISES
B0356,PRATAP RE ROLLERS PRIVATE LIMITED
B0357,SAKAL MEDIA PRIVATE LIMITED
B0358,JUST IN TIME INTERNATIONAL
B0359,CRYSTAL ENTERPRISES
B0360,FORTUNE IMPEX
B0361,N.K.IMPORTS
B0362,SUMANGAL POYMERS A DIVISION
B0363,INTERNATIONAL PACKAGING PRODUCTS PVT LTD
B0364,SAVITOOR AGRO IMPEX
B0365,BMW India Private Limited
B0366,Adam Fabriwerk Pvt. Ltd.
B0367,PRIDE TRADERS
B0368,USHA INTERNATIONAL
B0369,Milan Laboratories India Private Limited
B0370,FERRING THERAPEUTICS PRIVATE LIMITED
B0371,ECO ENTERPRISES
B0372,BMT IMPEX
B0373,PLANET ENTERPRISES
B0374,GAURAV ENTERPRISES.
B0375,C. H. BHANSALI & CO.
B0376,DATS INTERNATIONAL
B0377,New Standard Auto Associates LLP
B0378,DI-MASH INDIA PVT LTD
B0379,PROSTAR MICRONOVA POWER SYSTEMS PVT. LTD.
B0380,COSMO FILMS LIMITED
B0381,G. M. EXPORTS
B0382,Ghaio Mall and Sons
B0383,Yash Forwarders
B0384,LITE TECHNOLOGY CO. PVT LTD
B0385,K K GLASS
B0386,SAMSONNITE SOUTH ASIA PVT LTD
B0387,Goradia Special Steels Ltd
B0388,Sumitomo Chemical India Limited
B0389,PRINTOL ENTERPRISES PVT LTD
B0390,OM SURGICAL
B0391,GRIX CREATIONS
B0392,DDP SPECIALITY PRODUCTS INDIA PVT LTD
B0393,LIBERTY TIMBER SUPPLIERS
B0394,SEA-SKY MARINE PRIVATE LIMITED
B0395,RAJ SHOES
B0396,DEMOAR INNOVATIONS PRIVATE LIMITED
B0397,AMICO PHARMA
B0398,Aarththi Exports
B0399,LECAPRI ENTERPRISES
B0400,J KIRIT AND BROTHERS
B0401,MAGNETI MARELLI  MOTHERSON AUTO SYSTEM PVT LTD
B0402,ECO TRADERS
B0403,AL QURESH EXIM LLP
B0404,INI FARMS PRIVATE LIMITED
B0405,Shakti Food Products
B0406,HP INDIA SALES PRIVATE LIMITED
B0407,Glamac International Private Limited
B0408,HIRA ENTERPRISES
B0409,SRP ENTERPRISES PVT LTD
B0410,UNION CHEMICAR INDIA PRIVATE LIMITED
B0411,CHEMO INDIA
B0412,VIPRA SHIPPING
B0413,PLATINUM HOMES PROPERTY
B0414,FERRO TECH INDIA PVT LTD
B0415,PHARM AROMATIC CHEMICALS
B0416,PENNTECH ENGINEERS
B0417,STAYFRESH
B0418,LALA HOUSE
B0419,SALON & SPA STUDIO BY TANGY ROSE
B0420,MK Industries
B0421,MEHTA EXPORTS
B0422,HELICHEM INDUSTRIES
B0423,BHAIRAVNATH INDUSTRIES
B0424,HINDUSTAN FOODS LTD
B0425,BHERULAL RADHESHYAM BHANDARI
B0426,MAHABALI STEEL CENTRE
B0427,ROLEX INDUSTRIAL CORPORATION
B0428,SUKRUT STAINLESS PVT LTD
B0429,REWILLAX AGRO FOOS LLP
B0430,RETTENMAIER INDIA PVT. LTD.
B0431,CARRARO INDIA PVT LTD
B0432,CHINTAMANI TRADING COMPANY
B0433,VEERAL ADDITIVES PRIVATE LIMITED
B0434,SUSHMA AND CO. ELECTRICALS
B0435,VIPRA CENOSPHERE INDIA
B0436,SHLOK CHEMICALS
B0437,CARLTON INDUSTRIAL ENGINEERS
B0438,UV CHEM  INDIA  PRIVATE LIMITED.
B0439,FAITH EXIM
B0440,TIRTH CORPORATION.
B0441,DIACARE SOLUTIONS
B0442,MORGANITE CRUCIBLE INDIA LIMITED
B0443,Pooja Elastomers
B0444,FRESHPRO INTERNATIONAL
B0445,GODHANI EXPORTS LIMITED
B0446,K.G.ENTERPRISE
B0447,SANDOZ PVT LIMITED
B0448,GREENFIELD TECHNOLOGIES
B0449,S K SIGNATURE
B0450,C & P ASSOCIATES
B0451,RUGHANI BROTHERS
B0452,ALA INDUSTRIAL CORPORATION
B0453,SHRIJEE LIFESTYLE PRIVATE LIMITED
B0454,PUNEET SYNTEX PRIVATE LIMITED
B0455,GOLDEN CORPORATION
B0456,AGARWAL TOYS
B0457,Excellence Corporation
B0458,FOOD VALLEY IMPEX LLP
B0459,MASCOT STEEL CENTRE
B0460,RICHARD ENTERPRISES
B0461,KLUDIRAK INDIA PVT LTD
B0462,BHAKTI ENTERPRISES
B0463,TIRUPATI ENTERPRISES
B0464,K M GANATRA & CO
B0465,NUTRALECI INDUSTRIES LLP
B0466,SHARP SYSTEMS AND SERVICES
B0467,STEELO CONTAINERS LLP
B0468,KRUTI INDUSTRIES
B0469,SPECTEC TECHNO PROJECTS PVT.LTD.
B0470,FARM TO TABLE TRADING LLP
B0471,POONAM CLOSURES
B0472,BMS FASHIONS
B0473,A T NAJMUDDIN AND  BROS
B0474,AURA LASERFAB PVT. LTD.
B0475,STELLAR MARINE FOOD PROCESSOR INDIA PVT. LTD
B0476,Profound Impex Private Limited
B0477,SM OVERSEAS TRADING LLP
B0478,Green Rubber Crumb Pvt Ltd
B0479,IKEA INDIA PRIVATE LIMITED
B0480,RIPHARMA LABORATORIES LIMITED
B0481,OWENS CORNING INDIA PRIVATE LIMITED
B0482,STELLAR MARINE FOODS
B0483,KEVAL EXPORTS PVT. LTD.
B0484,FABS INTERNATIONAL
B0485,VRINDAVAN PLASTIC INDUSTRIES
B0486,HERMES GLOBETRADE
B0487,KAYCEE EXPORTS
B0488,SAFAL ENGINEERS AND FABRICATION
B0489,KIRLOSKAR BROTHERS LTD
B0490,Revoque Logistics Pvt Ltd
B0491,BACCAROSE PERFUMESES & BUETY PRODUCTS PVT LTD
B0492,K.RAHEJA PVT.LTD
B0493,MINSUN INFRAA PRROJECTS PVT LTD
B0494,UMED SIZERS.
B0495,AEGIS POLYMERS
B0496,Elite Specia
B0497,S K ENGINEERING PROJECTS AND ENTERPRISES
B0498,RENTOKIL INITIAL HYGIENEN INDIA PVT LTD
B0499,SHREEJI EXHIBITORS
B0500,Euro India Chems Pvt Ltd
B0501,M S INTERNATIONAL..
B0502,NAYAKEM ORGANICS PRIVATE LIMITED
B0503,ANKIT CORPORATION
B0504,SHREERAM POLYMERS
B0505,MILESTONE WORLDWIDE FREIGHT SOLUTIONS PVT. LTD.
B0506,VISHAKA TRADING COMPANY
B0507,PAN GRAPHICS MACHINERY
B0508,T G INTERNATIONAL
B0509,REEMAL INVESTRADE CO.
B0510,RISEN METAL & ALLOYS
B0511,SHAH DEVJI SHIVJI & CO
B0512,GIRIRAJ TRADING COMPANY
B0513,HIL LIMITED
B0514,WESTERN REFRIGERATION PRIVATE LIMITED
B0515,AARADHYA FRUITS PROCESSING PVT. LTD.
B0516,Attari Brothers
B0517,JHAVERI FLEXO INDIA LTD
B0518,TAMNNA ENTERPRISES
B0519,USD TRANSTRADE PVT LTD
B0520,VIDHI ENTERPRISES.
B0521,SPACE INTERNATIONAL
B0522,NIsarga Ventures Pvt Ltd
B0523,SILVERSHINE CORPORATION
B0524,METCO EXPORT INTERNATIONAL
B0525,PRAGATI ENGINEERS AND CONSULTANTS
B0526,GOODLUCK STEELS
B0527,Heat Solutions
B0528,RATHI DYE CHEM PRIVATE LIMITED
B0529,S M CHEMICAL VAPI PRIVATE LIMITED
B0530,AL FAATEH FROZEN FOODS
B0531,FINE LUBRICANTS
B0532,BSH Household Appliances Manufacturing Pvt. Ltd.
B0533,Kagazkaar Industries Pvt Ltd
B0534,Tinka Stones Private Limited
B0535,LANIK CERAMIC FOAM FILTERS INDIA PRIVATE LIMITED
B0536,LB Polymers Pvt. Ltd.
B0537,BRANDZ STORM INDIA MARKETING PVT LTD
B0538,Acosa Sports Infrastructure Services
B0539,LABDHI MANUFACTURING LLP
B0540,ANGAD AEROSOL
B0541,M.B.SALES CORPORATION
B0542,MEEZAN INTERNATIONAL
B0543,KAY AGENCIES
B0544,ANUCOOL INDUSTRIAL AIDS PVT LTD
B0545,VIVEKSHEEL AGRO PROCESSING INDUSTRIES
B0546,Midshipmite Recruiters Pvt. Ltd.
B0547,ASHAPURA BEEDING
B0548,Mehadia Enterprises Private Limited
B0549,RAMANAND KIDARNATH INTERNATIONAL
B0550,Tajit Private Limited
B0551,ROYAL RIDERS HELMET & ACCESSORIES
B0552,H GULABCHAND
B0553,STARDUST IMPEX PRIVATE LIMITED
B0554,CHIMERA CERAMICA
B0555,SRI BWC ENTERPRISES
B0556,KHEMCHAND DHOLUMAL
B0557,ULTRA NONWOVEN
B0558,METSONS INDUSTRIES PVT LTD
B0559,CHLORIDE METALS LTD
B0560,BRAJESH PACKAGING PVT LTD
B0561,EXPO INDIA AGENCIES
B0562,NIVEA INDIA PRIVATE LIMITED
B0563,NAGREEKA INDCON PRODUCTS PRIVATE LIMITED
B0564,ASM Industries  India  Pvt. Ltd.
B0565,SANGHI OVERSEAS
B0566,NIMA ENTERPRISES PRIVATE LIMITED
B0567,STERLING INDUSTRIES
B0568,VINA FRUIT SUPPLIERS
B0569,FORBES PHARMACEUTICALS
B0570,DOLLY ENTERPRISES
B0571,VISHAL SURYABHAN BARKE
B0572,VIRA PUMPS
B0573,Glow Plast Machines Pvt Ltd.
B0574,SAISAMRUDHI FEBTEX PRIVATE LIMITED
B0575,NULUX ENGINEERS
B0576,Paarichem  Resources LLP
B0577,JPS INTERNATIONAL
B0578,AMAX AGRO EXPORT
B0579,ELETRON POWER TOOLS COMPANY
B0580,ALPHA TECHNO INDUSTRIES
B0581,JET TECHNOLOGIES
B0582,ANITA NARESH BOLLI
B0583,KHARAWALA PRODUCTS
B0584,FRIENDS TIMBER PVT LTD
B0585,NICKEL IMPEX LLP
B0586,SAI UDYOG
B0587,ROSHAN TECHNO INDUSTRIES
B0588,DIC INDIA LTD
B0589,SERUM INSTITUTE OF INDIA PVT. LTD
B0590,FARMERS FORTUNE INDIA PRIVATE LIMITED
B0591,SCAME INDIA PRIVATE LIMITED
B0592,ABSOLUTE FILTER SOLUTIONS PVT. LTD.
B0593,WONDER IMPEX
B0594,MAGPIE GLOBAL LIMITED
B0595,JMC PROJECTS INDIA LIMITED
B0596,SATNAM ENTERPRISE
B0597,CREST METAL ENGINEERING LLP
B0598,SHREE BALAJI AGENCIES
B0599,THAKKARS EXPORTS
B0600,CITY CAT CHEMICALS
B0601,MONOPLAST
B0602,UNION ENTERPRISE PRIVATE LIMITED
B0603,PAPA PACKAGING
B0604,KAVISH EXPORT
B0605,The Variety Impex
B0606,PARSHWA DISTRIBUTORS
B0607,SHABBIR AND SONS ECO EXIM PRIVATE LIMITED
B0608,BALESHWAR ENTERPRISES OR BALESHWAR LOGISTICS
B0609,PROMEDA CHEMOTRADE OPC PVT LTD
B0610,Phillips machine Tools India Pvt Ltd
B0611,EMBARKATION HQ MUMBAI
B0612,MOTI INTERNATIONAL
B0613,ENSYS ENGINEERS PVT.LTD
B0614,GEM CORPOCHEM PVT LTD
B0615,Home Zone Metals Pvt Ltd.
B0616,APEX METAL AND NICKEL ALLOYS
B0617,Ravitex Textiles Pvt Ltd
B0618,Abbott Health care Pvt. Ltd.
B0619,COVESTRO INDIA PVT LTD
B0620,GREEN BELL
B0621,SHREE CHEMICALS INDUSTRIES PVT LTD
B0622,KENNYS TRENDZ PVT. LTD
B0623,FARM PRESS PVT LTD
B0624,IMPEX TRADING COMPANY
B0625,Super Shoppee
B0626,PLASTIC OMNIUM AUTO EXTERIORS  INDIA  PVT. LTD.
B0627,DARSH IMPEX INDIA PRIVATE LIMITED
B0628,SAMAY UDYAM
B0629,Prime Dental Products Pvt Ltd
B0630,D JAMNADAS & CO
B0631,Aayan Graphics
B0632,PRIME MANUFACTURING INTERNATIONAL
B0633,EXPO TRADING
B0634,WACKER CHEMIE INDIA PVT LTD
B0635,Delfingen India Pvt Ltd
B0636,Sea Shine Shipping Services Pvt. Ltd.
B0637,jnk lifters pvt ltd
B0638,VEENA INC
B0639,JAYESH INDUSTRIES LTD.
B0640,BREVI EXPORTS
B0641,AMIT & ASSOCIATES
B0642,NAIK ICE AND COLD STORAGE
B0643,SHREE G CORPORATION
B0644,Riyo Parapack Pvt Ltd
B0645,Inspire Interiors
B0646,GANESH TRADING CO.
B0647,LALJI HIRJI And SONS
B0648,ALMIGHTY BIOSCIENCES
B0649,OUEVRE INTEGRATED E TAIL TECHNOLOGY SOLUTIONS PVT
B0650,NPL BLUESKY AUTOMOTIVE PVT LTD
B0651,PADMA INDUSTRIES
B0652,T K BADSHAH LEATHER BELTS
B0653,DURA EXPORTS PVT LTD
B0654,S CHEMS & ALLIED PRODUCERS PVT LTD.
B0655,ASHOKA FOOD INDUSTRY
B0656,ACE MOULDINGS LTD
B0657,BHAGWATI ALLIED PRODUCTS
B0658,MAKS MEDICARE LLP
B0659,SOHAM INTERNATIONAL CHEMYTECH LIMITED
B0660,OMYA INDIA PVT LTD
B0661,GK FOUNDERS PVT LTD
B0662,ZENITH INDUSTRIAL RUBBER PRODUCTS PVT. LTD
B0663,BHAVIK ENTERPRISES LTD.
B0664,SERENA CHEMICALS
B0665,ALCHEMIE LABORATORIES
B0666,HIMATLAL BROTHERS
B0667,YESRAJ ENTERPRISES
B0668,ARCH PHARMALABS LIMITED
B0669,PRINCE SWR SYSTEM PRIVATE LIMITED
B0670,OCEANIC EXPORTS
B0671,VIRGIN EXPORT
B0672,JOYO PLASTICS
B0673,GROMOTECH MODIFIED STARCH COMPANY
B0674,P M RELOCATIONS PRIVATE LIMITED
B0675,TEXFAB EXPORTS
B0676,M D Impex
B0677,NOVELTY ENTERPRISES
B0678,Orange Pet Nutrition Pvt Ltd
B0679,USHTA ENTERPRISE
B0680,Hrishabh Life Sciences
B0681,PRINCE INC
B0682,SANJAY TRADING COMPANY
B0683,SHETRUNJAY DYEING AND WEAVING MILLS LTD
B0684,Boysen Exhausts Systems Pune Private Limited
B0685,Polysil Irrigation Systems Private Limited
B0686,AGRICOM IMPEX
B0687,M D AGARBATTI WORKS
B0688,TAWAKKAL WOOD PRODUCTS PVT. LTD
B0689,KARM CHEM
B0690,D B FARM
B0691,Meeta Agricorn Pvt Ltd
B0692,KUSHAL METAL AND STEEL INDUSTRIES
B0693,AMBANI METALS
B0694,GENERIC WORKS
B0695,INDIAN SUGAR EXIM CORPORATION LTD.
B0696,SVD RESINS & PLASTICS PVT LTD
B0697,CIPLA LTD
B0698,ARIHANT MIRRORS
B0699,KODAK INDIA PRIVATE LIMITED
B0700,PALADIN PAINTS AND CHEMICALS PVT LTD
B0701,VEENA DEVLOPERS
B0702,JAMES ENTERPRISES
B0703,ATASH ENTERPRISES
B0704,shidopharma
B0705,Navyug Chemicals Pvt Ltd
B0706,INDO GERMAN ALKALOIDS
B0707,MPM PRIVATE LIMITED
B0708,LOKPRIY TRADING
B0709,SIDDHANTH ENTERPRISES
B0710,DECCAN WATER TREATMENT PVT LTD
B0711,MAHINDRA VEHICLE MANUFACTURERS LIMITED
B0712,NAXPAR PHARMA PRIVATE LIMITED
B0713,INDIX
B0714,SWAROOP ENTERPRISES
B0715,Titan Scales
B0716,ALLWIN LIFECARE
B0717,AMRIT POLYCHEM PVT LTD
B0718,Chirag Metal
B0719,CONTINENTAL FOODS
B0720,BELAMI FINE CHEMICALS PRIVATE LIMITED
B0721,GLOBAL IMPEX
B0722,Barry Callebaut India Private Limited
B0723,YASHO INDUSTRIES (P) LTD
B0724,RUSH EXPORTS
B0725,SAAM TEXTILES PRIVATE LIMITED
B0726,JMD OVERSEAS
B0727,PHOENIX IMPEX.
B0728,SHARMILI SPICES PRIVATE LIMITED
B0729,SARDA UDHYOG
B0730,ACME SYNTHETIC CHEMICALS
B0731,SANJEEV FLEXI PACK PRIVATE LIMITED
B0732,A I Consultancy & Services Private Limited
B0733,RAVI INDUSTRIES
B0734,PUSHKAL INDUSTRIES
B0735,SCOPE LOGISTIC SERVICES INDIA PVT LTD
B0736,SHANGI FOODS PRIVATE LIMITED
B0737,NEW FANCY BAG
B0738,PAREKH PLASTICHEM DISTRIBUTORS LLP
B0739,BORGES INDIA PRIVATE LIMITED
B0740,PRESTON ENGINEERING IMPEX
B0741,ANAND POLYMERS
B0742,H.V.ENTERPRISES
B0743,SUNRISE CHEMICALS
B0744,INDENTA CHEMICALS  INDIA  PVT. LTD.
B0745,RAJ TRADERS.
B0746,CAPTOSUS ELECTRO AUTOMOBILE PRIVATE LIMITED
B0747,FIBRE IMPEX PVT. LTD.
B0748,Norben International
B0749,AMTRADE
B0750,TANISH INTERNATIONAL.
B0751,ALICON CASTALLOY LTD
B0752,ACE GAS CONVERSIONS PRIVATE LIMITED
B0753,AASHNA IMPEX
B0754,N.P. TOYS
B0755,UV HITECH PVT LTD
B0756,PAREKH ENTERPRISES
B0757,NAGMANI AGARBATTI BHANDAR
B0758,Alpha International.
B0759,global trading co
B0760,JAGTAP HORTICULTURE PVT LTD
B0761,Netfil Technik Pvt Ltd
B0762,ADEEBA & AYYAN EXPORTS
B0763,DEEJAY DISTILLERIES PVT. LTD
B0764,REDA CHEMICALS INDIA PVT LTD
B0765,KAIZEN FINE CHEMICALS
B0766,AVANCE EXIM
B0767,B BRAUN MEDICAL INDIA PVT.LTD
B0768,ND EXIM
B0769,SANCTUM TRADING CORPORATION PVT LTD
B0770,NIRMAL KUMAR FOOTWEAR SHOP
B0771,H Jules & Co. Ltd.
B0772,L CHHOTALAL AND SONS
B0773,UNIVERSAL PETRO CHEMICALS LTD
B0774,ESSITY INDIA PVT.LTD
B0775,MORYA ENTERPRISE
B0776,SHUBH PLASTICS
B0777,STALLEN SOUTH ASIA PVT LTD.
B0778,PAPPU INTERNATIONAL
B0779,JAGDISH METAL CORPORATION
B0780,TOPNOTCH CHEMICALS PVT. LTD.
B0781,SAHASTRAA EXPORTS PVT. LTD.
B0782,LAXMI DENTAL EXPORT PVT LTD
B0783,ATMASUMAN BUILDCON PVT. LTD.
B0784,HIND DYES & CHEMICALS
B0785,TRASY ENTERPRISES
B0786,DOJAHAN TRADING PVT. LTD
B0787,SATRA RETAIL PRIVATE LIMITED
B0788,AMEX RESOURCES
B0789,R K EXPORTS
B0790,RAMI ENTERPRISE
B0791,Sunita Commercials Pvt.ltd
B0792,SUBHASH SYNTHETICS
B0793,AASHI ENTERPRISES
B0794,DUVIK INTERNATIONAL
B0795,FENIX PROCESS TECHNOLOGIES PVT. LTD.
B0796,CHHAPRA INC.
B0797,ELI-LIILLY AND COMPANY INDIA PVT LTD
B0798,GS AGRO EXPORTS
B0799,COLORBAND DYESTUFF PVT LTD
B0800,ARCH ICONIC RECYCLERS
B0801,AUTOALLY SERVICES LLP
B0802,MUKANDA ENTERPRISES
B0803,VVS GLOBAL TRADE
B0804,EASTERN INTERIORS AND FURNISHERS
B0805,SUN TRADERS
B0806,PROENERGY RESOURCES PVT LTD
B0807,JUSHI INDIA FIBERGLASS PRIVATE LIMITED
B0808,Sun International
B0809,PLUTO TRADERS
B0810,WEIKFIELD FOODS PRIVATE LIMITED
B0811,POLYCHEM LIMITED
B0812,GRADIENT EXPORTS
B0813,STERLING BIOTECH LIMITED
B0814,B J AGRI COMM
B0815,RAIEN FRESH PRODUCE PVT LTD
B0816,ANANTNATH SILK MILLS PVT.LTD
B0817,METRO PAPER CO
B0818,COSMIC BYTE
B0819,PLASTOMACH  INDIA  INC
B0820,SMI COATED PRODUCTS PVT LTD
B0821,HARESH CHEMICALS
B0822,Farmech Impex LLP
B0823,BALAJI GLOBAL INC.
B0824,Global Agro Village LLP
B0825,TRAVELEX IMPEX
B0826,PANACHE DIGILIFE LIMITED
B0827,ABC CHEMICAL EXPORTS PVT. LTD.
B0828,JAI TIMBER COMPANY
B0829,AK ENTERPRISES
B0830,AD INTERNATIONAL
B0831,CIRCLE INFOTECH PVT LTD
B0832,MALAYCHEM INDUSTRIES
B0833,OSSTEM IMPLANT INDIA PVT LTD
B0834,JSW STEEL LIMITED
B0835,Kejal Enterprise
B0836,DHANANJAY IMPEX
B0837,SUPERFINE METALS  PVT LTD
B0838,MONISHA ENTERPRISES
B0839,JASS & COMPANY
B0840,ELECTRONICS COMPONENTS CO.
B0841,SHYAMLAL  RADHAKRISHNA AND CO
B0842,Solid Stone Company Ltd
B0843,JYOTI INDIA METAL INDUSTRIES PVT.LTD.
B0844,UNO VETCHEM
B0845,VETINA HEALTHCARE LLP
B0846,ADVANCE TECHNOLOGIES
B0847,TRANS INDIA
B0848,NEOGEN CHEMICALS LIMITED
B0849,KRISHNA FURNITURE
B0850,KARAN METALS
B0851,D P GLOBAL IMPEX
B0852,FIZA POLYMERS PVT LTD
B0853,RISHABH OVERSEAS
B0854,APEX DIAGNOSTICS
B0855,STRAW COMMODITTES LLP
B0856,Paar Industries
B0857,MAX IMPEX
B0858,Jay Chemical Industries.
B0859,AARTI SURFACTANTS LIMITED
B0860,ARIHANT HI-TECH INDUSTRIES
B0861,HIYA IMPEX
B0862,SRIROZ CONSULTANTS PRIVATE LIMITED
B0863,GLOBAL IMPEX..
B0864,SHIV KRUPA STEEL& ALLOYS PRIVATE LIMITED
B0865,SARA LOGISTICS SERVICES PVT LTD
B0866,GOLDEN BRICKS INFRASTRUCTURE PVT LTD
B0867,SWARNAL ENTERPRISES
B0868,SILVASSA PLASTICS
B0869,AFRICAN SALES CORPORATION
B0870,CHETAN TEXTILES
B0871,MAYA EXPORTS
B0872,NEW DAWN TRADING
B0873,ARCUS GLOBAL CO.
B0874,SUNRISE MARINE SERVICES
B0875,JAY DURGA INDUSTRIES
B0876,Santogen Natural Resources Ltd.
B0877,SHREE SAMARTH CRANE ENTERPRISE
B0878,RICH GRAVISS PRODUCTS PRIVATE LIMITED
B0879,CONTINENTAL EXPORTS
B0880,TRADEWELL INTERNATIONAL PVT. LTD.
B0881,SHREE CORPORATION
B0882,Aalisha Overseas
B0883,Virat Global Exim
B0884,KLASS VELVETS PVT LTD
B0885,INFLO INTERNATIONAL INC
B0886,SHANTI TEXTILE INDUSTRIES
B0887,PRITI ENTERPRISES
B0888,ROHA DYECHEM PRIVATE LIMITED
B0889,Perfect Filaments
B0890,AMRI INDIA PVT LTD
B0891,PRECISION RUBBER INDUSTRIES PVT LTD
B0892,INTERNATIONAL TRADE LINKS
B0893,METROPOLITAN EXIMCHEM PRIVATE LIMITED
B0894,SHREE HARI EXPORTS INC.
B0895,Britas International
B0896,Simosis International Private Limited
B0897,RATIONAL ENGINEERS LIMITED
B0898,KLAUS MULTIPARKING SYSTEMS PVT LTD
B0899,NAMAN KITCHENWARE
B0900,PROACTIVE CAMPAIGN
B0901,Entel Food Products Pvt. Ltd.
B0902,SUPRIYA MANISH MANIYAR
B0903,Ashapura Agrocomm Pvt Ltd
B0904,Fillon Technologies India Pvt Ltd
B0905,FORTUNE GOURMET SPECIALITIES PVT LTD
B0906,RILISONS IMPEX PRIVATE LIMITED
B0907,HIND ELASTOMERS PVT. LTD
B0908,technocraft
B0909,B N INDUSTRIES
B0910,UJWAL NETWORK
B0911,TOTAL EXPORTS
B0912,MOCSHIPYARDS PVT. LTD.
B0913,TANGENT SYNTHETICS LLP
B0914,NAKODA PLAST INDUSTRIES PRIVATE LIMITED
B0915,NUTRICIA INTERNATIONAL PRIVATE LIMITED
B0916,UMICORE AUTOCAT INDIA PVT LTD
B0917,GARV HEIGHTS
B0918,Meyer Organics Pvt. Ltd.
B0919,"1 MICRON"
B0920,omkar logistics
B0921,RADIANT IMPEX
B0922,EXIM INDIA CORPORATION
B0923,NOVA ALLOYS
B0924,ADOR POWERTRON LTD
B0925,SHREERANG MERCANTILE  INDIA  PVT LTD
B0926,PAWAN POLYMERS
B0927,Punagri Organics and Lifesciences Pvt Ltd
B0928,SHARVAYA METALS PVT LTD
B0929,WILCO INTERNATIONAL
B0930,Dyna Energy Solutions LLP
B0931,ASI INDUSTRIES LIMITED
B0932,Madhuban Impex
B0933,EMBELLE TRADING
B0934,SHREE VALLABH SALES CORPORATION
B0935,FIBS LOGISTICS INDIA PVT LTD
B0936,APSARA CREATION
B0937,NEDERMAN INDIA PVT LTD
B0938,HEMPEL PAINTS INDIA PVT LTD.
B0939,OLON API INDIA PRIVATE LIMITED
B0940,H S TRADING CO
B0941,RD OVERSEAS
B0942,N. S. EXPORTS
B0943,LEO ENTERPRISES
B0944,SAIBABA MACHINERY AND TOOLS
B0945,POLO AMUSEMENT  NAGPUR  PRIVATE LIMITED
B0946,BALAJI ISPAT UDYOG
B0947,BHARAT TEXTILES
B0948,Magnum Forge & Machine Works Pvt. Ltd.
B0949,D TOTLA PLASTIC
B0950,Arpita Logistics
B0951,MAJOR METALS LTD
B0952,SABEENA TRADING COMPANY
B0953,SULZER PUMPS INDIA LIMITED
B0954,DILIPKUMAR AND CO
B0955,B P REFINERIES
B0956,Varun Enterprises.
B0957,S R SHIPPING
B0958,CHEMI CARE
B0959,VEDANT OVERSEAS
B0960,MANSHYA MARKETING PRIVATE LIMITED
B0961,hindustan magnets and electronic company
B0962,OMSAI FOODS
B0963,SURYA CERAMICS AND DISTRIBUTORS
B0964,ORION CHEM PVT LTD
B0965,CENTRAL INDIA VENEERS PVT LTD
B0966,PREMDEEP GOLDSTAR PRIVATE LIMITED
B0967,PNV LOGISTICS SOLUTIONS
B0968,SMIT EXPORT PVT. LTD.
B0969,AB MAURI INDIA PRIVATE LIMITED
B0970,INSPIRA BIO PHARM PVT. LTD.
B0971,IVP LIMITED
B0972,SUNRISE OVERSEAS.
B0973,MLX CORPORATION
B0974,OSIAN INDIA
B0975,JINISH ELECTROHEAT
B0976,P R GLOBAL RESOURCES INDIA
B0977,JAILAXMI CASTING AND ALLOYS PVT LTD
B0978,CLOTEX LABELS INDIA PVT LTD
B0979,Mehta Tubes Ltd
B0980,DHANVI IMPEX
B0981,SAGAR INTERNATIONAL
B0982,HONEST ENTERPRISE PVT LTD
B0983,R PAC  INDIA  PRIVATE LIMITED
B0984,ENGINEERING AND CHEMICAL INDIA PVT LTD
B0985,Exotic Metal Alloys
B0986,H M H CORPORATION
B0987,MAGENTA INTERNATIONAL
B0988,JKC GENERAL TRADING CO
B0989,HETAL CHEM IMPEX
B0990,SMIT EXPORTS
B0991,VISION ENTERPRISES
B0992,Prowill Pharmaceticals Pvt Ltd.
B0993,SS Health & Hygiene
B0994,NUTREND LIFESTYLES  PVT LTD
B0995,MAITRI INTERNATIONAL
B0996,IMPERIAL EXIM
B0997,DORADO CHEM PVT LTD
B0998,AMK STEEL ENGG CO
B0999,S K Oil Incorporation
B1000,GLOBAL SOURCING & PROCUREMENT CONSILIDATION LTD
B1001,PRISE PRINT SERVICE PVT LTD
B1002,QUANTUM CREATIONS INC
B1003,MUSIC DISTRIBUTION CO
B1004,CORO CHEM
B1005,SKH SHEET METALS COMPONENTS PRIVATE LIMITED
B1006,City Cat International limited
B1007,AYM SYNTEX LIMITED
B1008,R.L STEELS AND ENERGY LTD
B1009,KANJI BHAGWANJI
B1010,SONIA FISHERIES
B1011,JAIN FARM FRESH FOODS LTD
B1012,RAN CHEMICALS PRIVATE LIMITED
B1013,KANDOI FABRICS PVT LTD
B1014,YU TH AD RETAIL VENTURES PVT. LTD.
B1015,TOY KING
B1016,J n K Composites
B1017,NAVPAD METAL AND TUBES
B1018,SAI HI TECH AGRO SERVICES
B1019,GLOBECOT YARN PVT LTD
B1020,NANDOSAL INDUSTRIES
B1021,SAM ALLOYS PVT. LTD.
B1022,PAREKH PETROCHEMICALS
B1023,SAMPADA PAPER INDUSTRIES PVT LTD
B1024,Mondelez India Foods Private Limited
B1025,Teikoku Printing Inks India Private Limited
B1026,CARYAIRE EQUIPMENTS INDIA PVT LTD
B1027,UNIVERSAL IMPORT EXPORT INDIA PVT LTD
B1028,AMINES AND PLASTICIZERS LIMITED
B1029,C.ARUNKUMAR & CO. EXPORTS
B1030,Shadow International
B1031,WINGZ INC
B1032,FIRMENICH AROMATICS PRODUCTION  I  PRIVATE LIMITED
B1033,EGIANT AGROCONNECT PRIVATE LIMITED
B1034,IWI Pens & Plastics LLP
B1035,Bluplast industries Limited
B1036,Sahyadri Farmers Producer Company Limited
B1037,Dana Pharmaceuticals Private Limited
B1038,TRISTAR INTERNATIONAL
B1039,RAJ PETRO SPECIALITIES PRIVATE LIMITED
B1040,SHREERAJ IMPEX
B1041,PORITE INDIA PRIVATE LIMITED
B1042,VARROC LIGHTING SYSTEMS  INDIA   PVT LTD
B1043,ANUSPAA HERITAGE PRODUCTS PVT.LTD.
B1044,MONTEX GLASS FIBRE INDUSTRIES PRIVATE LIMITED
B1045,ASB ENTERPRISES
B1046,FSN Brands Marketing Pvt Ltd
B1047,Hepo India Private Limited
B1048,RADHARANI INTERNATIONALS PRIVATE LIMITED
B1049,GRI ALLESET INDIA PRIVATE LIMITED
B1050,WORLDWIDE EXIM OVERSEAS NETWORK
B1051,GLOBAL EXIM.
B1052,A K MACHINE TRADERS
B1053,ENAYA PACKAGING SOLUTIONS
B1054,Altech Alloys India Pvt Ltd
B1055,AGS Transact Technologies Ltd
B1056,HIKAL LIMITED
B1057,Blumont India LLP
B1058,GEMINI POWER HYDRAULIC PVT LTD
B1059,MOHINI FINE FOODS PRIVATE LIMITED
B1060,VENKATESHWARA B.V. BIOCORP PVT LTD.
B1061,HAMON SHRIRAM COTTRELL PVT LTD
B1062,PRAXIS HOME RETAIL LTD
B1063,COREL MACHINE IMPEX
B1064,AARTI ENTERPRISES
B1065,DELUXE PAPER MART
B1066,OLMEC INVENTURES
B1067,NATIONAL TIMBER TRADERS
B1068,SHREE SAI RAM TRADERS
B1069,KUMAR TRADING CO
B1070,AROMA CHEMICAL AGENCIES INDIA Pvt Ltd
B1071,TENNECO AUTOMOTIVE INDIA PVT LTD
B1072,SANJAY UDYOG
B1073,TABASUM TEXTILE
B1074,VARAD ENTERPRISES
B1075,TIME TECH ENTERPRISE
B1076,BHIMNATH UDYOG
B1077,K UTTAMLAL AND COMPANY
B1078,BUSHRA IMPEX
B1079,YASRIB TRADERS
B1080,VENTURE IMPEX
B1081,VALIANT ORGANICS LIMITED
B1082,NEW BHARAT TRADERS
B1083,FELDER WOODWORKING MACHINES PVT LTD
B1084,SAVIYAA IMPEX
B1085,TATARIA HYGIENE
B1086,Yara Fertilisers India Private Limited
B1087,NH EXIM INTERNATIONAL
B1088,KOSMOCHEM PRIVATE LIMITED
B1089,AARNA INTERNATIONAL
B1090,M.K.International
B1091,JADAVJI AND SONS
B1092,CONNELL BROS COMPANY INDIA PVVT LTD
B1093,VISION TECHNOLOGIES
B1094,ALCHEMIE FINECHEM PVT LTD
B1095,ASIAN PRELAM INDUSTRIES PVT LTD
B1096,BAPA PLASTICS
B1097,JASHRAJ SHIPPING
B1098,"9890887117"
B1099,BLACK ROSE INDUSTRIES LIMITED
B1100,BLUZEN CLOTHING
B1101,CHAITANYA INDUSTRIES
B1102,BAARCO LASERTECH PVT LTD
B1103,PNP POLYMERS PVT. LTD.
B1104,SHAKTI IMPEX
B1105,THE BEST INDIA
B1106,ACE GLOBAL
B1107,CLASSIC COLLECTION
B1108,SALEH TRADING CO
B1109,EZ LIFE RETAIL PRIVATE LIMITED
B1110,Ogo Fibers India Pvt. Ltd
B1111,BLIQ TRADING PVT LTD
B1112,PHOENIX MECANO  INDIA  PRIVATE LTD
B1113,ruby exim
B1114,NOBLE ENTERPRISES.
B1115,H. R. ORGANO CHEM PVT LTD
B1116,AJAY ENTERPRISES
B1117,HYGENIX HEALTHCARE
B1118,ABDUL GHAFFAR KHAN & SONS
B1119,YARDLAKE EXPORTERS AND TRADERS PVT LTD
B1120,HYPRO ENGINEERS PRIVATE LIMITED
B1121,JAY CHEMICALS
B1122,SHUBH EXIM
B1123,SACHIN FLEXIPACK
B1124,MASPOLI VENTURES PRIVATE LIMITED
B1125,DEVRITA EXPORTS PVT LTD
B1126,MUDYAR METALS
B1127,JERAI FITNESS PVT. LTD.
B1128,FX PIGMENTS PVT LTD
B1129,PROCTER & GAMBLE HYGIENE AND HEALTH CARE LIMITED
B1130,POWERMAX FITNESS INDIA PVT. LTD.
B1131,PEARL POLYMERS LTD
B1132,ARIHANT AGRO EQUIPMENT & MACHINERY PVT LTD
B1133,MILLENIUM STEEL CORPORATION
B1134,SKY ELECTRONICS PVT. LTD.
B1135,BHAVESH TRADERS
B1136,VENUS SAFETY & HEALTH PVT. LTD
B1137,Taurus Recycling Solutions
B1138,ROHAN VERMA DESIGNS PVT. LTD
B1139,MANJUSHREE ENTERPRISE
B1140,ROCK INNOVATION
B1141,PRAMA HIKVISION
B1142,PIGMENTS AND ALLIEDS
B1143,GREATSHIP INDIA LIMITED
B1144,G C CHEMIE PHARMIE LTD
B1145,TECNOCAP ORIENTAL PRIVATE LIMITED
B1146,CLASSIC INDUSTRIES AND EXPORTS LIMITED
B1147,PADMA POLYMERS
B1148,Magnus Composites Synergies Pvt. Ltd.
B1149,PASHU JIVAN
B1150,AGOG PHARMA LTD
B1151,ENVOPAP PRIVATE LIMITED
B1152,A.Y.ENTERPRISES
B1153,Bhagwan Packaging Industries Pvt ltd
B1154,Green Rubber Granules Pvt Ltd
B1155,PRABHAT GLOBAL COLOURCOATED PVT LTD
B1156,MECH & TECH
B1157,S R INTERNATIONAL.
B1158,SOHAN HEALTHCARE PRIVATE LIMITED
B1159,WINGFAN INDIA PRIVATE LIMITED
B1160,RAYMOND LUXURY COTTONS LTD
B1161,RAJ MARKETING
B1162,LIUGONG INDIA PRIVATE LIMITED
B1163,SHREE ASHAPURA TRADING COMPANY
B1164,JOHNSON AND JOHNSON PVT.LTD.
B1165,PATEL AUTO ENGINEERING COMPANY INDIA PRIVATE LIMIT
B1166,SHIV SHAKTI AGRO IMPEX
B1167,PIRAMAL PHYTOCARE LIMITED
B1168,KIRLOSKAR PNEUMATIC COMPANY LIMITED
B1169,BALUNI D ART
B1170,AAMRAI
B1171,VINAYAK ENTERPRISES.
B1172,ROCKET TRADING COMPANY
B1173,HEMPSHIER STEEL PVT LTD
B1174,Auchtel Products Ltd.
B1175,A.R. INTERNATIONAL.
B1176,PUKHRAJ ENGINEERING & CHEMICALS PRIVATE LIMITED
B1177,GREENLIGHT GLOBAL
B1178,VRW RUBBER INDUSTRIES PRIVATE LIMITED
B1179,JOLLY BOARD  LTD
B1180,SKR EXPORTS INDIA PVT.LTD.
B1181,VIRAJ PROFILES LTD
B1182,Y T ENTERPRISES
B1183,WANZL INDIA PVT. LTD.
B1184,K UTTAMLAL EXPORTS PVT LTD
B1185,Concrete Additives & Chemicals Pvt. Ltd.
B1186,SALAFI FABRICS & FITTINGS PRIVATE LIMITED
B1187,UJWAL PHARMA PVT LTD
B1188,SONARYS CO BRANDS PVT LTD
B1189,RUIA COMMODITIES
B1190,"3ROOT3"
B1191,TRANSCHEM CORPORATION
B1192,TURN ON SYSTEMS
B1193,GEL FIT FASTNERS
B1194,SHREE GANESH INTERNATIONAL
B1195,MILTON CHEMICALS PVT.LTD.
B1196,PRIME POLYCHEM PVT. LTD.
B1197,BAKER HUGHES ASIA PACIFIC LTD
B1198,NAGRESH OVERSEAS
B1199,T & Y COMMUNICATION PRIVATE LIMITED
B1200,MOULDERS INDIA
B1201,Flemingo Duty free Shop Pvt  Ltd.
B1202,ADVANCE PAINTS PRIVATE LIMITED
B1203,ABP LOGISTICS.
B1204,EMIRERRI STEEL MANUFACTURER PRIVATE LIMITED
B1205,R C PLASTO TANKS AND PIPES PRIVATE LIMITED
B1206,JAISINGH ALLOYS PVT LTD
B1207,KVB Processors Pvt. Ltd.
B1208,JAGGI & JAGGI MACHINE TOOLS INDIA
B1209,ANA GLOBAL IMPEX
B1210,Sonodyne Technologies Pvt Ltd
B1211,REAMANT ENTERPRISES
B1212,DESAI ELECTRONICS PVT LTD
B1213,KATALINE INFRA PRODUCTS PRIVATE LIMITED
B1214,INDINOX
B1215,TIMBERNATION LLP
B1216,NPEX LLP
B1217,GAURI CHEMICALS LLP
B1218,NDC DRUG & CHEMICAL COMPANY PVT LTD
B1219,MEDITECH HEALTHCARE
B1220,HEM SPARES CO
B1221,AGRANA FRUIT INDIA PVT LTD
B1222,SHREE ASHTAVINAYAK PAPERS PVT LTD
B1223,ATUL OVERSEAS INDIA PRIVATE LIMITED
B1224,Inaylak Tooling Co
B1225,PEMAC CORPORATION
B1226,NEW INDIA IMAGING INDUSTRIES PVT. LTD.
B1227,EMPIRE STEELS
B1228,MAX ENTERPRISES
B1229,BABUBHAI AND COMPANY
B1230,CHEMCLEAN SERVICES
B1231,B X Furtado & Sons
B1232,BEERSHEBA MINES AND MINERALS PVT. LTD.
B1233,Primex Corporation
B1234,ISHWAR PULP & PAPER MILL
B1235,OMSHRINIWAS EXTRUSIONS
B1236,JAINUINE MARBLE
B1237,HTS COLLECTION
B1238,EXCELLENT ENGINEERING COPRORATION
B1239,TECHNOCRATS
B1240,KAVYA INTERNATIONAL
B1241,LRC SPECIALITY CHEMICALS PVT. LTD
B1242,CALIDAD INDUSTRIES
B1243,Vaibhav Plasto Printing & packaging Pvt. Ltd.
B1244,Shree Siddhivinayak Cotspin Pvt. Ltd.
B1245,Kadbros Solutions LLP
B1246,LILA POLYMERS PRIVATE LIMITED
B1247,Vantage Global
B1248,KAIYUAN WELDING & CUTTING AUTOMATION INDIA PVT LTD
B1249,SATCHEL BAGS & ACCESSORIES
B1250,SADHANA AGENCIES
B1251,M M INTERNATIONAL.
B1252,BEAUTY 4 U
B1253,alvi international
B1254,Hinimpex Private Limited
B1255,SHREYA TRADING CO
B1256,HARDOLI PAPER MILLS LTD
B1257,SHVENI INCORPORATION
B1258,E-AGROCARE MACHINERIES AND EQUIPMENTS PVT LTD
B1259,LIBRA ALKALISCHEMIE PVT LTD
B1260,A R MARKETING
B1261,VINSUN ENTERPRISES
B1262,PREMIER COLORSCAN INSTRUMENTS PVT. LTD.
B1263,Shah Stone Machines Pvt. Ltd.
B1264,DALIP MANUFACTURERS & COMPANY
B1265,ONLINE NETSYS INDIA PRIVATE LIMITED
B1266,DECENT EXIM
B1267,Jewel Impex Pvt Ltd
B1268,SAFSET AGENCIES PVT LTD  DIV.ASTAGURU.COM
B1269,OBI EXPORT
B1270,TOKYO PLAST INTERNATIONAL LTD
B1271,UNITED SPECIALITIES PRIVATE LIMITED
B1272,Vidushi Wires Private Limited
B1273,TATA STARBUCKS PVT LTD
B1274,POHOOMALS EXPORTS PVT LTD
B1275,CARDINAL HEALTH MEDICAL PRODUCTS INDIA PVT LTD
B1276,NAVDURGA ENGINEERS
B1277,JAI IMPEX
B1278,M A INTERNATIONAL
B1279,DC Enterprise
B1280,mrib chemicals
B1281,AL ANWAR MARKETING COMPANY
B1282,S G MERCHANTS
B1283,S K IMPEX
B1284,FORTUNE ENTERPRISES
B1285,SWAD AGRO COLD CHAIN PVT. LTD.
B1286,GOVERDHAN VENTURES PRIVATE  LIMITED
B1287,Nalco Champion Dai-ichi India Pvt Ltd
B1288,CANBARA INDUSTRIES PVT. LTD.
B1289,Global Services.
B1290,CHARMIE INTERNATIONAL
B1291,GOMEC ELECTRICALS PRIVATE LIMITED
B1292,INVENTYS RESEARCH COMPANY PVT LTD
B1293,MAHARASHTRA ALDEHYDES & CHEMICALS LTD
B1294,MANSI SPECIALITY CHEMICALS
B1295,EDEN FOOD EXPORT INDIA
B1296,TRICON ENERGY INDIA PVT LTD
B1297,HERO MULTI PAP PVT LTD.
B1298,Maira International
B1299,RAPID TRADERS
B1300,ASHBURY INTERNATIONAL
B1301,RUDRA ENTERPRISES
B1302,PEGASUS ASSOCIATES
B1303,AL AMAFHH COLLECTION
B1304,DALINI POLYMERS AND METALS
B1305,LATHA RICE INDUSTRIES
B1306,AL MUZAYYAN TEXTILE
B1307,INT CROP
B1308,INDIAN SEAFOOD CORPORATION
B1309,Raju Construction Company
B1310,Kay bee Foundry Services Private Limited
B1311,RAYAN PLAST
B1312,Glenmark Pharmaceuticals Limited
B1313,TERYAIR EQUIPMENT PRIVATE LIMITED
B1314,GHARDA CHEMICALS LIMITED
B1315,CLASSIC FLOORINGS & INTERIORS PVT LTD
B1316,Shanti Agro Industries
B1317,GEE GLOBAL EXIM LLP
B1318,Metarolls Ispat Pvt.Ltd
B1319,SANDEEP SILK MILLS
B1320,NASH ROBOTICS & AUTOMATION PRIVATE LIMITED
B1321,NEW AYESHA ENTERPRISES
B1322,S.B. ENTERPRISES
B1323,NITI PU CHEMICALS
B1324,JAY BEE ELECTRONICS
B1325,TRUCAREKIDZ INDIA PRIVATE LIMITED
B1326,MEAD JOHNSON NUTRITION  INDIA  PRIVATE LIMITED
B1327,R.I.ASSOCIATES
B1328,HI TECH SOLUTIONS
B1329,TCPL PACKAGING LTD
B1330,ARTEK SURFIN CHEMICALS LIMITED
B1331,ALPHA CHEMIE
B1332,Fredun Pharmaceuticals Limited
B1333,GAURAANGANA TRADE PVIVATE Limited
B1334,SAVITA OIL TECHNOLOGIES LIMITED
B1335,RAM RATNA WIRES LIMITED
B1336,PROMPT IMPEX
B1337,KALP IMPEX
B1338,SIEMENS FINANCIAL SERVICE PVT.LTD.
B1339,MAC ENTERPRISES
B1340,GOODLUCK IMPEX
B1341,POOJA PLYWOOD
B1342,IMPULSE GREEN NEREGY PVT LTD
B1343,VENKYS INDIA LTD
B1344,GOODWILL CHEMICAL INDUSTRIES
B1345,SENSIENT INDIA PVT LTD
B1346,KADER EXPORTS PRIVATE LIMITED
B1347,KRISHNA ENTERPRISES-
B1348,HINDUSTAN  ANTIBIOTICS  LTD
B1349,SHREE SWANGIYA METAL INDUSTRIES
B1350,HITECH LIFITNG
B1351,RIYA INTERNATIONAL
B1352,U W A ENTERPRISES
B1353,KAPURWALA ENTERPRISES
B1354,Niket Impex
B1355,T M PRINTERS PVT LTD
B1356,COACT IMPRINTS
B1357,NEPL HOLDINGS CORPORATION
B1358,MICHELMAN PVT LTD
B1359,JINAL OVERSEAS
B1360,Meher Distillery Pvt Ltd
B1361,SHAH NANJI NAGSI OVERSEAS PVT. LTD.
B1362,SNA POLYMERS PVT LTD
B1363,DEE VEE METALS
B1364,ABS MACHINERY LLP
B1365,Astrateq Laboratories  Pvt  Ltd
B1366,RAINBOW SHOPEE
B1367,VIJAY PALLET AND BOX MANUFACTURERS INDIA PVT LTD
B1368,Resideo International India Pvt. Ltd.
B1369,DEV ABRASIVE
B1370,ELECTRONIFY
B1371,SANOFI INDIA LIMITED
B1372,GLAXOSMITHKLINE PHARMACEUTICALS LIMITED
B1373,GLOBAL TRADING CORPORATION
B1374,Insight Print Communications Pvt Ltd
B1375,SHREE SAI RESEARCH LAB
B1376,GARIMA IMPEX
B1377,SARAH TRADING CORPORATION
B1378,ARIES INTERNATIONAL
B1379,DIAL CHEM
B1380,SPECTRA INERNATIONAL LIMITED
B1381,D S V CHEMICALS PRIVATE LIMITED
B1382,NAMRATA GRAPHICS
B1383,KHEMCHAND SONS PVT.LTD.
B1384,SHILPA CHEMSPEC INTERNATIONAL PRIVATE LIMITED
B1385,MEDLINE HEALTHCARE INDUSTRIES PRIVATE LIMITED
B1386,Bliss GVS Pharma Ltd
B1387,BARKATI IMPEX
B1388,TEX YEAR INDUSTRIAL ADHESIVES PVT. LTD
B1389,Rashmi Plastic Industries
B1390,NUOVOMONDO CHEMICALS PVT LTD
B1391,NIPRA HYDROCOLLOIDS
B1392,D S OVERSEAS.
B1393,WEBTECH INDUSTRIES
B1394,HITESH EXIM LLP
B1395,ACCORDIANCE COMMERCIAL LLP
B1396,SILVER KRAFT
B1397,DHIMANT P DOSHI.
B1398,Fabtech Projects & Engineers Ltd.
B1399,SANJAY TRADERS.
B1400,S M LOGISTICS SERVICES
B1401,SHREE NAKODA DISTRIBUTORS
B1402,PHYTO TRADING INTERNATIONAL
B1403,Malas Fruit Products.
B1404,G K WOODEN PACKAGING
B1405,ARHAM IMPEX
B1406,URMILA PAINTS
B1407,INFIBIM ENGINEERING PRIVATE  LIMITED
B1408,POWER TRADF CORPORATION
B1409,R.K.TRADING CO.
B1410,VIHANG FOOD INDUSTRIES PRIVATE LIMITED
B1411,MILESTONE EXIMP PRIVATE LIMITED
B1412,SEALINK INTERNATIONAL SHIPPING AND LOGISTICS P LTD
B1413,YASH TRADES
B1414,SCHAEFER SYSTEMS INTERNATIONAL PRIVATE LIMITED
B1415,ZALAK ENTERPRISE
B1416,INDISOL MARKETING PRIVATE LIMITED
B1417,MANIBHADRA TRADING CO.
B1418,Avik Polychem
B1419,DIAM ORGANIC CHEMICAL INDUSTRIES PVT LTD
B1420,COATALL FILMS PRIVATE LIMITED
B1421,LAXMI GROUP OF INDUSTRIES
B1422,GREEN GLOBE IMPEX PVT. LTD
B1423,PRAFUL VENTURE PVT LTD
B1424,ROOFSOL ENERGY PRIVATE LIMITED
B1425,Bloom Packaging Pvt. Ltd.
B1426,AGAM ENTERPRISES
B1427,POPULAR MACHINE TOOLS
B1428,SHREENATH FINE CHEM INDIA PVT. LTD.
B1429,SAMRUDH PHARMACARE PVT LTD
B1430,BHAGWATTI IMPEX
B1431,UNIVERSAL EXIM INC
B1432,FRESH EXPRESS LOGISTICS PVT LTD
B1433,KAPLESHWAR FOOD PRODUCTS
B1434,INDIA CROPS TRADING COMPANY
B1435,RSA INDUSTRIES PRIVATE LIMITED
B1436,SARA EXPORTS
B1437,PRINCE WOOD
B1438,LOTUS IMPEX.
B1439,SHRI BALAJI GLOBAL INC
B1440,K G N TOYS
B1441,AJMERA ENTERPRISE
B1442,Krish Cookware LLP
B1443,GOHIL DYECHEM PVT LTD
B1444,ORNELLA ENTERPRISES PVT LTD
B1445,NARAYANI ENTERPRISES
B1446,VAIBHAV IMPEX
B1447,JOSEPH OVERSEAS
B1448,BHAVI IMPEX
B1449,Arush Marketing
B1450,BEKAERT INDUSTRIES PRIVATE LTD.
B1451,LABHYASH INDUSTRIES PVT. LTD.
B1452,RAJKOT TANDON DISTRIBUTORS
B1453,VINOD IMPEX LLP
B1454,VICTORY TRADING COMPANY
B1455,MEDICO REMEDIES LTD
B1456,Nihaar Export
B1457,PROCTER & GAMBLE HEALTH LIMITED
B1458,SAAN NETS LLP
B1459,ZRJ MACHINE TOOLS
B1460,IKRA COLLECTIONS
B1461,BLUE MOUNT CLOTHING
B1462,DARSHAN CREATION PRIVATE LIMITED
B1463,NATIONAL INST. FOR RESEARCH IN REPRODUCTIVE HEALTH
B1464,SOLITAIRE ENTERPRISE
B1465,HIGHLINE SALES
B1466,IB IMPEX
B1467,FERNS CONSULTANCY
B1468,BEAUTY PLANET
B1469,BARSING ENTERPRISES
B1470,REFRACTORY SHAPES PVT LTD
B1471,global impex.
B1472,SHUBHAM PRODUCTS
B1473,K.S.ENTERPRISES.
B1474,SKY WAY TRANDING CO.
B1475,FLOWTECH ENGINEERS
B1476,SUBHLAXMI TIMBERS
B1477,EASTERN AGENCIES AROMATICS PRIVATE LIMITED
B1478,SINGHAL COMMODITIES PVT. LTD.
B1479,CURE CHEM
B1480,MAGNUM BEAUTY PRODUCTS
B1481,JAIMOL FASHION
B1482,UV CHEM  INDIA  PRIVATE LIMITED
B1483,SHEFALI ENTERPRISES
B1484,SHEWALE TRADERS
B1485,H R BELT
B1486,JAGMOHAN PLA-MACH PVT LTD
B1487,DASSAULT RELIANCE AEROSPACE LIMITED
B1488,MARU ENTERPRISES PVT.LTD
B1489,KRISHNA INTERNATIONAL.
B1490,ONENESS INTERNATIONAL
B1491,SHRI RAM PLASTICS
B1492,AL HAYAT EXPORTS PVT LTD
B1493,KARISHMA TRADERS
B1494,City Link Logistics
B1495,V S SALES
B1496,SYNCHROTRON TECHNOLOGY PRIVATE LIMITED
B1497,VANTAGE INDIA PVT. LTD
B1498,RATANDEEP EXPORTS
B1499,MAHAPHANT FIBRE CEMENT  SOUTH ASIA  PVT. LTD.
B1500,R K B IMPEX
B1501,MERCURY PLASTO CONTAINERS
B1502,J Ray McDermott SA
B1503,Agfa Healthcare India Pvt. Ltd.
B1504,UMA CHEMICALS
B1505,MSL DRIVELINE SYSTEMS LIMITED
B1506,ANKUSH ENTERPRISE
B1507,Trishala Insulation Private Limited
B1508,H. N. INTERNATIONAL
B1509,VIVA COSMETICS
B1510,MERCHANT
B1511,Metro Enterprises
B1512,ASSOCIATED DYE CHEM CORPORATION
B1513,S.S.K STONE INTERNATIONAL PVT.LTD
B1514,SPM MACHINES  INDIA
B1515,BRIGHT EXIM
B1516,PNP POLYTEX PVT. LTD.
B1517,HITECH RADIATORS PVT LTD
B1518,POPAWALA CHEMICALS PRIVATE LIMITED
B1519,GAURANGA PAPERS LLP
B1520,ARJOHUNTLEIGH HEALTHCARE INDIA PRIVATE LIMITED
B1521,KWALITY SCRAP METALS
B1522,Raina International
B1523,R P SHAH AND SONS
B1524,ADINATH INDUSTRIES..
B1525,DAX INDUSTRIES
B1526,MAHANSARIA TYRES PVT. LTD
B1527,BRAWNEPAK
B1528,"4ACES"
B1529,REKHA BRIGHT STEELS PVT LTD
B1530,BARAMATI METALLURGICAL PRIVATE LIMITED
B1531,STRISUN DRUGS LLP
B1532,VILLA MODE EXPORTS  INDIA  PVT LTD
B1533,Karamtara Engineering Pvt. Ltd
B1534,AXAYYA ALLOYS PVT LTD
B1535,LE SYMONEE FLOR PVT LTD
B1536,KRISHNAM RESOURCES PRIVATE LIMITED
B1537,DYLT SEWING FITTING CENTRE
B1538,J R LABELWALA & CO
B1539,B R STEEL PRODUCTS PVT LTD
B1540,DHIRAJ ALLOY AND STAINLESS STEEL PVT.LTD
B1541,Novotech Steel & Alloys Pvt Ltd.
B1542,TIGER PUG COMMERCE PVT LTD
B1543,NYNAS NAPHTHENICS PRIVATE LIMITED
B1544,RIVIERA GLASS PVT LTD
B1545,DUFLON INDUSTRIES PRIVATE LIMITED
B1546,GAYATRISHAKTI PAPER & BOARD LIMITED
B1547,SIRAJ DECORATORS
B1548,KUNTAL GRANITES PVT LTD
B1549,SPORTS FACILITY CO PRIVATE LIMITED
B1550,CHANDAN GLASS TRADERS
B1551,WHITE LOTUS IMPEX
B1552,GOEL STEEL COMPANY
B1553,RANISH IMPEX PVT LTD
B1554,SAKAL PAPERS PRIVATE LIMITED
B1555,JHANVI TRADING COMPANY
B1556,REDEMACO ENGINEERING PVT LTD
B1557,AUTOTECH INTERNATIONAL
B1558,SYNCOM FORMULATIONS INDIA LTD
B1559,Sanjay Nursery
B1560,NOVO EXCIPIENTS PRIVATE LIMITED
B1561,S S TRADING
B1562,VEEKAY CHEMICALS
B1563,SHIVLON
B1564,IMPERIAL SALES CORPORATION
B1565,VIKAS CYCLES INDIA
B1566,SFC Environmental Technologies Pvt.Ltd.
B1567,PIDILITE ADHESIVES PVT LTD
B1568,RD JACTEX INDIA
B1569,RAJASTHAN MACHINE TOOLS
B1570,BEST KNITTING MILLS PRIVATE LIMITED
B1571,A.T.E. ENTERPRISES PRIVATE LIMITED
B1572,AFRO ASIAN EXPORTS
B1573,SAGAR AN SYSTEMS
B1574,DUTYFREE DISTRIBUTION SERVICES PRIVATE LIMITED
B1575,Shivani Impex
B1576,VIRAMDEV TEXTILES
B1577,ASHAPURA AROMAS PVT. LTD.
B1578,BENZO ORGANICS INDIA PVT LTD
B1579,Eastern Colours & Chemicals
B1580,KAISHAN MACHINERY  INDIA  PRIVATE LIMITED
B1581,WOOLTEX ASSOCIATES
B1582,AUNDE INDIA LIMITED
B1583,BRITACEL SILICONES LIMITED
B1584,BALMER LAWRIE-VAN LEER LIMITED
B1585,AMAR INDUSTRIES
B1586,KHYATI ADVISORY SERVICES LIMITED
B1587,BHARAT WIRE ROPES LIMITED
B1588,BENZO CHEM INDUSTRIES PRIVATE LIMITED
B1589,PANDYA ENGINEERING WORKS
B1590,CRYSTAL SWIMMING POOLS (INDIA) PRIVATE LIMITED
B1591,NEPTUNUS POWER PLANT SERVICES PRIVATE LIMITED
B1592,UniMax Stationery
B1593,REGENCY INGREDIENT LLP
B1594,MAXGROW CORPORATION
B1595,SARASWATI STEEL INDIA
B1596,MAGNUM INTERNATIONAL
B1597,Bombay well print inks pvt ltd
B1598,BRINTONS CARPETS ASIA PVT LTD
B1599,FORTUNE ENTERPRISE
B1600,PIONEER CALICOS PRODUCTS PRIVATE LIMIETD
B1601,LIBERTY CHEMCOLOR
B1602,JATIN COTTON MILLS PRIVATE LIMITED
B1603,TRANSAL INTERNATIONAL
B1604,MAJOR BRANDS  I  PVT. LTD.
B1605,PUNAV ENTERPRISES
B1606,BRIGHTWAY IMPORT EXPORT
B1607,NOVA IMPEX
B1608,KLOUD 9 INTERNATIONAL
B1609,KHATOR FIBRE & FABRICS LIMITED
B1610,SATNAM MART PRIVATE LIMITED
B1611,JAI GLOBAL COMMODITES PRIVATE LIMITED
B1612,HAST KALA ENTERPRISES
B1613,FORTUNE KITCHENWARE PRIVATE LIMITED
B1614,MILAN TUBE TOOLS CORPORATION
B1615,RGH GLOBAL
B1616,WHITE METALS
B1617,RUDRA IMPEX
B1618,DESINGA WORLDWIDE PRIVATE LIMITED
B1619,United Trade And Investments
B1620,SOHAM POLYMERS PVT LTD.
B1621,Jay Impex
B1622,Mazal Food Corporation
B1623,AKAI IMPEX LIMITED
B1624,SHAH IMPEX
B1625,SIS COMPANY
B1626,AMBER EXPORTS INDIA
B1627,MAITHAN INTERNATIONAL
B1628,PRINCE CORP PVT LTD
B1629,KHIMJI VISRAM AND  SONS CO MM DEPT
B1630,SCOTTISH CHEMICAL INDUSTRIES
B1631,ROLEX FITTINGS INDIA PRIVATE LIMITED
B1632,FLAMINGO CHEMICALS
B1633,BANGERA SEAWORLD PRIVATE LIMITED
B1634,RIZWAN ICE & COLD STORAGE
B1635,G.D.FASHIONS
B1636,ALMAS EXPORTS & IMPORTS PVT. LTD.
B1637,ROYALTECH INDUSTRIES
B1638,STIEFEL INDIA PVT. LTD.
B1639,DURA IMPEX
B1640,SUNNY ENTERPRISES.
B1641,ALL INDIA HING SUPPLYING CO
B1642,KHETAN PACKFINE PVT LTD
B1643,HARDWARE TRADING CORPORATION
B1644,MIZUKI POWER PRODUCTS PVT LTD
B1645,SAFEPACK INDUSTRIES LTD
B1646,HASHIMSONS
B1647,Cellpage Ventures Private Limited
B1648,SATYEN EXPORTS
B1649,AMMA MOTORS
B1650,DYNAMIC INTERNATIONAL CORPORATION
B1651,LEBEN LABORATORIES PRIVATE LIMITED
B1652,Kider (India) Prviate Limited
B1653,Mihit Enterprises LLP
B1654,KHANNA and KHANNA LTD.
B1655,MRK FOODS PVT LTD
B1656,SOHAN INDUSTRIES PRIVATE LIMITED
B1657,MITUL PAPERS PVT LTD
B1658,SUPER NOVA ENTERPRISES
B1659,NOBEL HYGIENE PRIVATE LIMITED
B1660,VIDHATA IMPEX
B1661,IOT INFRASTRUCTURE & ENERGY SERVICES LIMITED
B1662,AMBICA PHARMA SALES
B1663,NUTRACARE INTERNATIONAL
B1664,ANANDSONS OVERSEAS TRADING PRIVATE LIMITED
B1665,SIYARAM SILK MILLS LTD.
B1666,BAKE-O-NOMIC CORPORATION
B1667,PIONEER MANUFACTURING CORPORATION
B1668,Toro Cooling Systems Private Limited
B1669,PRATIK INDUSTRIES
B1670,IMMENSE HEALTHCARE PVT LTD
B1671,DIAMOND IMPEX
B1672,PAKONA ENGINEERS  I  PVT LTD
B1673,CISONS EXPORTS PRIVATE LIMITED
B1674,SEWCO GARMENT SOLUTIONS PRIVATE LIMITED
B1675,TANISH GLOBAL
B1676,Proprietorship
B1677,TS SPECIALITY CHEMICALS
B1678,shivam collection traders
B1679,NOREL NBPL INDIA PRIVATE LIMITED
B1680,SATELITE ENTERPRISES PVT LTD
B1681,ANSHUL SPECIALTY MOLECULES PRIVATE LIMITED
B1682,LETAP INTERNATIONAL LLP
B1683,SAMRUDDHI INDUSTRIES LTD
B1684,ARTO TEXTILES PRIVATE LIMITED
B1685,SANGHAR EXPORTS
B1686,NUTRICH FOODS PVT LTD
B1687,ASHA INDUSTRIES
B1688,OPERA CLOTHING PRIVATE LIMITED
B1689,GLOBAL MASTER PRODUCTS COMPANY
B1690,TIRUPATHI IMPEX
B1691,SHALIMAR NUTRIENTS PRIVATE LIMITED
B1692,MEERA MARKETING
B1693,S.R TRADERS
B1694,ARV ENGINEERING CO. LLP.
B1695,NEWKEM ENGINEERS PVT LTD
B1696,THYSSENKRUPP INDUSTRIS INDIA PVT LTD
B1697,STAR FLEXI FILMS
B1698,J.N.N. ENTERPRISES
B1699,VYAS ENTERPRISE
B1700,KGC ENGINEERING PROJECTS PVT. LTD.
B1701,JENIL EXPORTS
B1702,Aquent Advance Material Technologies Pvt. Ltd
B1703,FAIR FIELD ATLAS LIMITED
B1704,Pradeep Masterbatches Pvt. Ltd.
B1705,MONOMER CHEMICAL INDUSTRIES .LTD.
B1706,JMB Pharmaceuticals Pvt. Ltd.
B1707,BERGWERFF ORGANIC INDIA PVT.LTD.
B1708,KAKARIA EXIM INDIA LIMITED
B1709,Metallurgical Products India Private Limited
B1710,FAIR DEAL EXPORT
B1711,KRISHANG ALLOY
B1712,BIC CELLO INDIA PRIVATE LIMITED
B1713,AGRIM IMPEX
B1714,APPL INDUSTRIES LIMITED
B1715,THE BATH SHOP
B1716,HARIDASS AGGARWAL & SONS
B1717,AAKASH TEXTLES
B1718,VAV Lipids Pvt Ltd
B1719,PARLE GLOBAL TECHNOLOGIES PVT LTD.
B1720,PREMCO GLOBAL LTD
B1721,Vihan Electric Vehicles Company
B1722,ALMAS STEEL AND ALLOYS PVT LTD
B1723,Taruk Impex Pvt.Ltd
B1724,WINE ENTERPRISES
B1725,HD FIRE PROTECT PVT.LTD.
B1726,AMAR TEA PVT LTD
B1727,KAHAN PACKAGING
B1728,SACHINS IMPEX
B1729,ASA AGROTECH PRIVATE LIMITED
B1730,AAR ESS ENTERPRISE
B1731,BASF INDIA LIMITED
B1732,PACSOL PACKAGING INDIA
B1733,MAXINOX STEEL INDIA
B1734,NITIN KITCHENWARE INDIA PRIVATE LIMITED
B1735,CIRON DRUGS AND PHARMACEUTICALS PVT LTD
B1736,BLOSSOM GROCERY & FOODS INDIA PRIVAT LIMITED
B1737,SELMAX EXPORTS PVT. LTD.
B1738,Phinix International
B1739,PARUL EXPORTS
B1740,UPDATE FASHIONS
B1741,CHO SPN LIFESCIENCE & RESEARCH PRIVATE LIMITED
B1742,DATUM HINDUSTAN PRIVATE LIMITED
B1743,Shri Shriniwas Traders
B1744,M M INTERNATIONAL
B1745,KANORIA CHEMBOND PVT.LTD
B1746,INDUSTRIAL METAL POWDERS INDIA PVT. LTD.
B1747,TRINITY WORLDWIDE EXPORTS PRIVATE LIMITED
B1748,EURO LABS
B1749,SHRI TRADCO DEESAN PVT LTD
B1750,RADNIK KNITS PVT LTD
B1751,RG EXPORTS
B1752,SANJAY ENTERPRISES
B1753,JYOTHI JOB EXPORT & IMPORT
B1754,KAMDHENU FOODS
B1755,TKG INDUSTRIES  PRIVATE LIMITED
B1756,MARK INTERNATIONAL FOODS STUFF PRIVATE LIMITED
B1757,Renfro India Private Limited
B1758,Mantri Metallics Pvt. Ltd.
B1759,RECAUTO INDIA PVT.LTD
B1760,DAMATI PLASTICS
B1761,R.R.ASSOCIATES
B1762,PARAMOUNT TRADERS
B1763,AXIS IMPEX
B1764,PARVATI INTERNATIONAL
B1765,RRAKOV EXIM PRIVATE LIMITED
B1766,FUJIFILM INDIA PVT LTD
B1767,BOTHARA AGRO EQUIPMENTS P LTD
B1768,JAGRUTI IMPEX
B1769,ARVIND PHARMACEUTICALS
B1770,BOMBAY LEATHER STORE
B1771,JAISONS ELECTRONICS
B1772,NRB BEARINGS LIMITED
B1773,MIDDAY INFOMEDIA LTD.
B1774,TRP SEALING SYSTEMS  INDIA  PVT. LTD.
B1775,JAI ASHAPURA EXPORTS
B1776,TRANS OILFIELD CHEMICALS PVT LTD.
B1777,POLY CHEM IMP & EXP CO.
B1778,WALMARK MEDITECH PVT LTD
B1779,HINDUSTAN SPECIALITY CHEMICALS
B1780,ROHIT IRON &STEEL INDIA PVT LTD
B1781,Magnetic Metal Industries
B1782,GOPAL ENTERPRISES
B1783,F CUBE
B1784,STEELTECH ENGINEERING COMPANY
B1785,GMT PIPES & TUBES PVT LTD
B1786,Oriental Trexim Pvt.Ltd.
B1787,CHEMAROMA DRUG HOUSE
B1788,JAY PRECESION PHARMACEUTICALS PVT. LTD.
B1789,PYROTEK INDIA PVT LTD
B1790,SOKTAS INDIA PVT LTD
B1791,NILKAMAL LTD
B1792,FAIRDEAL AGENCIES PRIVATE LIMITED
B1793,SHRI GANESH ENTERPRISES
B1794,shamrock internaiton ltd
B1795,G.R. POLYPAPERS PVT. LTD
B1796,J. Hemchand And Company
B1797,TAWAKKAL EXIM
B1798,AMI MACHINE TOOLS
B1799,GREENVALE ECO PRODUCTS PVT LTD.
B1800,ZILLION
B1801,BUEN MANEJO DEL CAMPO INDIA PVT LTD
B1802,KARANI PAPERS
B1803,FORTUNE DISTRIBUTORS
B1804,Asian Chemtech Private Limited
B1805,SOFIA MARINE PRIVATE LIMITED
B1806,SUPER EXIM
B1807,COPYSTAR EXPORT  I  PVT LTD
B1808,SHRIKANT STEEL CENTRE
B1809,DILIGENT MEDIA CORPORATION LIMITED
B1810,BHARAT PETROLEUM CORPORATION LTD.
B1811,HEMANT SURGICAL INDUSTRIES LIMITED
B1812,SOLAE COMPANY INDIA PRIVATE LIMITED
B1813,excel apparels exports pvt ltd
B1814,DIVAKAR TECHNO SPECIALITIES & CHEMICALS PRIVATE LI
B1815,NIRJAY IMPEX PVT LTD
B1816,Nandlal Bankatlal Pvt.Ltd
B1817,AGNI INDUSTRIES
B1818,Lord India Pvt Ltd
B1819,XL EXPORTS
B1820,J & J CARE MULTITRADE PVT LTD
B1821,G. G. Engineering Works
B1822,DECCAN MECHANICAL & CHEMICAL INDUSTRIES PVT. LIMIT
B1823,HARSHAD ENTERPRISE
B1824,THAKKER MERCANTILE PVT LTD
B1825,FLORA CHEMICALS
B1826,AMBICA TIMBER MART
B1827,Arinsun Clean Energy Pvt. Ltd.
B1828,SHAMROCK INTERNATIONAL LIMITED
B1829,SONATA DESIGN SYSTEMS.
B1830,PUKHRAJ ADDITIVES LLP
B1831,GLOBAL 7 IMPEX
B1832,AL SHAIKH INTERNATIONAL
B1833,GROMA GLOBAL LTD
B1834,S A IMPEX
B1835,SRI  ENTERPRISES
B1836,ELETECH TRADING CORPORATION
B1837,PARKIN GEMS
B1838,ADVANTECH
B1839,HUARO PROJECTS INDIA PRIVATE LTD
B1840,HUNTER DOUGLAS INDIA PVT LTD
B1841,METCO RESOURCES
B1842,PALAK COLLECTION
B1843,KIRAN TRADERS
B1844,INDUSTRIAL REFRIGERATION PVT. LTD.
B1845,NAVKAR IMPEX
B1846,SIDH EXIM
B1847,VARADHASTA PLASTICS & PACKAGING PVT.LTD.
B1848,WIM PLAST LIMITED
B1849,EMSONS EXIM PVT LTD
B1850,MANISH OVERASE
B1851,APEX STEEL & ALLOYS
B1852,Amber International LLP
B1853,Arch Protection Chemicals Pvt Ltd
B1854,BHARAT INTERNATIONAL PET FOODS
B1855,New Bombay Build Tech Pvt. Ltd.
B1856,MECCANICA PLAST PVT LTD
B1857,ANORALUX CORP
B1858,SIGNOTECH ENTERPRISES LLP
B1859,EVERLITE CORPORATION
B1860,GLOBUS INTERNATIONAL PVT LTD
B1861,ANJANA STEEL TRADERS
B1862,MARINE INDIA IMPORT EXPORT PRIVATE LIMITED
B1863,ALFA CARPETING COMPANY PVT LTD
B1864,CHEMVERA SPECIALTY CHEMICALS PRAIVATE LIMITED
B1865,WE SHIP
B1866,ANSHIKA LOGISTICS SOLUTIONS
B1867,INTERNATIONAL IMPEX.
B1868,NETWORK INC
B1869,Hytek Marketing
B1870,GANPATI ENTERPRISES.
B1871,BEID HEALTHCARE PRIVATE LIMITED
B1872,BHARAT SERUMS & VACCINES LTD
B1873,MAN MILL CHEMICALS PVT LTD
B1874,SAPNA INTERNATIONAL
B1875,CELLPAP INDIA PVT. LTD.
B1876,KAIZEN ENGINEERING  I  PRIVATE LIMITED
B1877,LEELA INTERNATIONAL
B1878,FINOLEX INDUSTRIES LTD.
B1879,NEHA IMPEX
B1880,NOD BEARINGS PRIVATE LIMITED
B1881,BHARAT TRADES
B1882,TRADECHEM ORGANICS LIMITED
B1883,SUMITTO INDUSTRIES
B1884,NEXUS PETROCHEM PRIVATE LIMITED
B1885,PERFECT WAY TRADING
B1886,SHOGINI TECHNOARTS PVT LTD
B1887,MITASHI EDUTAINMENT PVT LTD
B1888,CLASSIC IMPORTS PVT LTD
B1889,BHARAT GLASS SYSTEMS
B1890,GLOBAL INTERNATIONAL
B1891,BEST IT WORLD  INDIA PRIVATE LIMITED
B1892,NRG FINE PAPERS
B1893,NATIONAL PLASTIC.
B1894,SAMRIDHI ENTERPRISES
B1895,AKSHITA ENTERPRISES
B1896,ELEMENTS
B1897,SPECTRUM INDUSTRIES
B1898,KOOCHIE PLAY SYSTEMS PVT LTD
B1899,K G N IMPEX
B1900,LASER TECHNOLOGIES PVT LTD
B1901,UMESH BOARD & PAPER MILLS PVT LTD
B1902,Parikh Metacast Pvt Ltd
B1903,FASHION PLUS
B1904,TERMINAL TECHNOLOGIES  I  PVT LTD
B1905,NISHA CHEMICALS
B1906,WESTERN STEEL TRADERS
B1907,SIMARA FOODS PVT LTD
B1908,GOOD LIVING PRODUCTS
B1909,NITIN ENTERPRISE
B1910,Black & Veatch Private Limited
B1911,Cascade India Material Handling Pvt. Ltd
B1912,Raishan Technologies LLP
B1913,ROYAL TRADE LINKS
B1914,UNOMAC
B1915,Anshul Life Sciences
B1916,MCM FLEXI CLADDING  INDIA  PVT. LTD.
B1917,MEGAMET STEELS PRIVATE LIMITED
B1918,G.L.ROCK BREAKING EQUIPMENT
B1919,COLGATE PALMOLIVE INDIA LTD
B1920,J.Y INTERNATIONAL
B1921,ACE INTERNATIONAL
B1922,PARADISE CHEMICALS
B1923,POOJA POLYMERS
B1924,SURAJ COATS
B1925,PERFECT POLYMERS
B1926,FRAGRANCE & AROMA  EASTLAND  PVT LTD
B1927,CANDID CORPORATION
B1928,G H INSULATION INDIA PVT LTD
B1929,V.I.PLY INDUSTRIES
B1930,AVESTA ENTERPRISES PRIVATE LIMITED
B1931,MALANEY CONSULTANTS PVT LTD
B1932,ROCKWELL METAL
B1933,TPL PLASTECH LTD
B1934,VICTORY VENTURES
B1935,GALAXY INDUSTRIAL CORP.
B1936,PPF EXPORTS
B1937,RCMPA POLISHING TECHNOLOGIES PVT LTD
B1938,ENKAY IMPEX
B1939,UZAIR IMPEX
B1940,SHREE GANPATI INDUSTRIES
B1941,RAJ GRANITES
B1942,DHALOP CHEMICALS PVT LTD
B1943,WORKPLACE INDIA
B1944,J J Exim Pvt Ltd
B1945,ISHWAR TEX. LLP
B1946,SHREEPAL FOOD ADDITIVES & CHEMICAL CO
B1947,STANDARD DRAWINGS STORE
B1948,Lonza India Pvt Ltd
B1949,AUM ADHESIVES PVT. LTD.
B1950,SAGAR UNIVERSAL
B1951,MILESTONE ENTERPRISES
B1952,VSK OVERSEAS
B1953,Industrial Suppliers Corporation
B1954,INDIA GELATINE & CHEMICALS LIMITED
B1955,FAMILIA CRAFTCREATION
B1956,SPA COMERT PVT LTD
B1957,CHEMIE ALLIANCE INDIA PVT LTD
B1958,BARSAN GLOBAL LOGISTICS PRIVATE LIMITED
B1959,SUBHLAXMI FOOD PRODUCTS.
B1960,NORTONS EXIM PVT LTD
B1961,QUADRANT CONSUMER PRODUCTS LLP
B1962,G M TRADERS
B1963,SAURABH EXIM INTERNATIONAL
B1964,TAURUS MULTITRADE COMPANY
B1965,KEMTEC PHOTOGRAPHIC CO PVT LTD
B1966,ARISTO INTERNATIONAL
B1967,Omkar Logistics And Export
B1968,RAHUL ENTERPRISES..
B1969,Agena International Private Limited
B1970,Vaishali Pharma Ltd
B1971,Kohinoor Ropes Private Limited
B1972,JAY RAJ FINE PAPER CO
B1973,ISAGRO  ASIA  AGROCHEMICALS PVT LTD
B1974,ECHELON METALS PVT LTD
B1975,MTA GENERAL MERCHANDISING PVT LTD
B1976,SAMYAK OVERSEAS
B1977,LEO MARKETING
B1978,UNIBOURNE FOODS INGREDIENTS LLP
B1979,SHUBH STONE
B1980,ACCORD CHEMCORP PPRIVATE LIMITED
B1981,TRIOCHEM LABORATORIES PVT LIMITED
B1982,Deepa Traders
B1983,ASSK INTERNATIONAL
B1984,NSW AUDIO ACCESSORIES PRIVATE LIMITED
B1985,SOUL INTERNATIONAL
B1986,SUNSTAR ENTERPRISES
B1987,KLITZZ IMPEX PRIVATE LIMITED
B1988,HORIZON BUSINESS HOUSE
B1989,NOVA ENTERPRISES
B1990,KAL ENVIROTEK
B1991,"52N2W MACHINE TOOLS PVT LTD"
B1992,SPARTAN ENGINEERING INDUSTRIES P LTD
B1993,SPARSH GALLERY
B1994,JAIVIC ELECTROMECH ENGINEERING PVT LTD
B1995,CB ENTERPRISE
B1996,RANGOLI REALTORS AND DEVELOPERS
B1997,BALAR IMPEX
B1998,ELECTROMECH MATERIAL HANDLING SYSTEMS I PVT LTD
B1999,UTTARA IMPEX PVT LTD
B2000,MBM TRADE LINK PVT LTD
B2001,ASIER METALS PVT LTD
B2002,S BABULAL AND CO
B2003,CHEMIE PHARMIE INTERNATIONAL
B2004,AGSP IMPAX CORP
B2005,ECHRAJ AND SONS
B2006,MINAKSHI ENTERPRISES
B2007,Kiara Foods
B2008,ARYAN TRADING COMPANY
B2009,SULTANIA OIL INDUSTRIES PVT LTD
B2010,BFN FORGINGS PVT LTD
B2011,SOLITAIRE RESOURCES PRIVATE LIMITED
B2012,SAIMA ENTERPRISES
B2013,AMALFI ENTERPRISES
B2014,DHRUVIKA CHEMICALS TRADING PVT LTD
B2015,Hindustan Scale Company
B2016,NEW DANDELI VENTURES
B2017,HI-TECH METAL & TUBES
B2018,SUBHASH SALES CORPORATION
B2019,LEONI CABLE SOLUTIONS INDIA PVT LTD
B2020,MTS PIPES AND TUBES PVT. LTD
B2021,NIRAJ SILK MILLS
B2022,KRUPA CHATON MFG. CO. PVT. LTD
B2023,PADMAVATI ENTERPRISES
B2024,MANSONS INTERNATIONAL PVT. LTD.
B2025,SHUBH IMPEX
B2026,METRO TRADING CORP
B2027,SANCHI ORGANICS PVT LTD
B2028,AIM CHEMICALS & INGREDIENTS
B2029,AXIS ELECTRICAL COMPONENTS  I  PVT.LTD.
B2030,Unique Collection
B2031,R R INDUSTRIAL PACKAGING PVT LTD
B2032,KUSHALL LABS LLP
B2033,Shrabik Solutions Pvt. Ltd.
B2034,NEW DRUG & CHEMICAL CO
B2035,EPITOME COMPONENTS PRIVATE LIMITED
B2036,SUNROSE SYNTEX PVT LTD
B2037,ebek enterprises
B2038,ATHENE LABORATORIES
B2039,AMBICA CORPORATION LIMITED
B2040,PANACHE INNOVATIONS LIMITED
B2041,ROSE COLLECTION
B2042,TIRUPATI IMMITATION
B2043,SHREE VIMAL FABRICS
B2044,G K R TECHNO PLAST INDUSTRIES
B2045,SUHANI INTERNATIONAL
B2046,ARTEMIS ELECTRICALS LIMITED
B2047,Spectrum International.
B2048,MULTIFILMS PLASTICS PVT LTD
B2049,VENKATESHWARA TEXTILES
B2050,RASHMI IMPEX
B2051,gaurav kumar
B2052,RISHI IMPEX
B2053,SAS SHIPPING & LOGISTICS
B2054,SHREE VISHWA PHARMA CHEM
B2055,CITRINE RESOURCES PVT LTD
B2056,BRISTOL-MYERS SQUIBB INDIA PVT.LTD.
B2057,OUTCOME COMMERCIAL PRIVATE LIMITED
B2058,KOPRAN LIMITED
B2059,QUALITY SPECIALITY CHEMICALS LLP
B2060,POKNAPHAM
B2061,THE SANGAI EXPRESS
B2062,CMJ BREWERIES PVT LTD
B2063,prp buildmart traders pvt ltd
B2064,SHILLONG TIMES PRIVATE LIMITED
B2065,FERRO ALLOYS CORPORATION LIMITED
B2066,ABBA KABA OVERSEAS PVT LTD.
B2067,Binayak Aluminium Pvt. Ltd
B2068,TEEKAY MARINES PRIVATE LIMITED
B2069,BIJAYA MARINE PRODUCTS
B2070,Jindal Stainless Limited
B2071,DELICACIES INTERNATIONAL
B2072,S.CHANCHALA COMBINES PRIVATE LIMITED
B2073,Odisha Aqua Traders and Marine Exporters Pvt Ltd
B2074,B-ONE BUSINESS HOUSE PVT. LTD.
B2075,BHIMRAJ EXPORTS PVT.LTD
B2076,MAA SANTOSHI ENGINEERING
B2077,TARATARINI CASHEW INDUSTRIES
B2078,GANGA JAMUNA SEAFOOD PVT LTD
B2079,INTERNATIONAL SEAPORT DREDGING PVT LTD
B2080,FALCON MARINE EXPORTS LTD
B2081,B B ESTATES & EXPORTS PRIVATE LIMITED
B2082,global enterprisers
B2083,SHIMPO SEAFOODS
B2084,Sabri Food Products
B2085,ORCHID MARINE EXPORTS PRIVATE LIMITED
B2086,SUBHAM ASSOCIATES
B2087,CHARIDHAM COMPANY
B2088,SAGAR MINING & METALS INDUSTRIES PVT.LTD.
B2089,NK ENTERPRISES
B2090,PUSPA AGENCIES PRIVATE LIMITED
B2091,VIDHI HOME DECORS PRIVATE LIMITED
B2092,AADITYA KRAFT AND PAPERS PVT LTD
B2093,AD9 SYNTHETIC & SPORTS PRIVATE LIMITED
B2094,CENTRAL TOOL ROOM & TRAINING CENTRE
B2095,DHAMRA LNG TERMINAL PRIVATE LIMITED
B2096,DALMIA CEMENT BHARAT LIMITED
B2097,ANNAPURNA AGRO INTERNATIONAL PRIVATE LIMITED
B2098,RUNAYA REFINING LLP
B2099,PARASNATH INDUSTRY
B2100,NATIONAL ALUMINIUM COMPANY LIMITED
B2101,Shyam Metalics And Energy Limited
B2102,EVER GREEN TECHNO SOLUTIONS PVT. LTD.
B2103,Mindtree Limited
B2104,ODISHA SKILL DEVELOPMENT AUTHORITY
B2105,EATON POWER QUALITY PVT LTD
B2106,PUSHPIT STEELS PRIVATE LIMITED
B2107,STERILGENE LIFE SCIENCES PVT LTD
B2108,HIPRO CERAAMICS PRIVATE LIMITED
B2109,ISS FAIR TRADERS
B2110,M.S INDUSTRIES
B2111,LOTUS ROOFINGS PVT LTD
B2112,PRAVEEN CHEM INDUSTRY
B2113,HELIOS ALCOBEV PRIVATE LIMITED
B2114,PONDY AGRO CHEMICALS PVT LTD
B2115,ABIRAMI SOAP WORKS
B2116,SIECHEM TECHNOLOGIES PVT LTD
B2117,SOUTHERN HYDROCARBONS
B2118,Bhavya Enterprises
B2119,Sandeep Arts
B2120,SVSJS AEROSOLS
B2121,GRACE INFRASTRUCTURE PRIVATE LIMITED
B2122,AMCOR FLEXIBLES INDIA PVT LTD
B2123,S3 TRADERS
B2124,DECCAN EXTRUSIONS PVT LTD
B2125,SRI SUMUKHA VEERESWARA RICE MILL
B2126,EASTMAN INTERNATIONAL
B2127,Chirag International
B2128,WOOLWAYS INDIA LTD
B2129,VIJAY TRADING COMPANY
B2130,IOL CHEMICALS AND PHARMACEUTICALS LIMITED
B2131,VALLABH TEXTILES COMPANY LIMITED
B2132,JAWANDSONS
B2133,SEL MANUFACTURING CO.LTD
B2134,EASTMAN EXPORTS PRIVATE LIMITED
B2135,DRRK FOODS PRIVATE LIMITED
B2136,TURBO TOOLS PVT LTD
B2137,EASTMAN IMPEX
B2138,SALIL INTERNATIONAL
B2139,UNION SPORTS INTL
B2140,FABMARK EXPORTS
B2141,JIWAN UDYOG
B2142,NEXO INDUSTRIES PVT. LTD.
B2143,SAUNDH ENGG. WORKS
B2144,BASANT INDUSTRIES
B2145,COLDMATIC INDIA
B2146,HERO EXPORTS
B2147,PREET TRACTORS PVT.LTD.
B2148,AVON CYCLES LIMITED
B2149,STYLAM INDUSTRIES LTD
B2150,VERAT HOSIERY MILLS
B2151,KANIK EXPORTS
B2152,NAHAR SPINNING MILLS LTD
B2153,UDEY UDYOG
B2154,Deepak International Limited
B2155,SYNERGY METALS PRIVATE LIMITED
B2156,ETIN IMPEX PRIVATE LIMITED
B2157,asia cycle industries
B2158,KING EXPORTS
B2159,INDORAMA INDUSTRIES LIMITED
B2160,INDIA RICE MILLS
B2161,APAN  INDIA  EXPORTS
B2162,AMAR SINGH CHAWALWALA
B2163,Max Speciality Films Limited
B2164,SpeedWays Rubber Company
B2165,D.V.Saharan &Son
B2166,DELICASY CONTINENTAL PRIVATE LIMITED
B2167,SOFT KNITS
B2168,RAJHANS INTERNATIONAL
B2169,DEVA SINGH SHAM SINGH
B2170,S.P. AUTO INDUSTRIES
B2171,RAJA INTERNATIONAL
B2172,Shiva Texfabs Limited
B2173,ADIL IMPEX INDIA LIMITED
B2174,INTERNATIONAL TRACTORS LIMITED
B2175,Broadway Overseas Limited
B2176,YOUNGMAN WOOLLEN MILLS PRIVATE LIMITED
B2177,TAIPAN EXPORTS PRIVATE LIMITED
B2178,VIRA INDUSTRIES
B2179,KARNA INTERNATIONAL
B2180,ESS BEE EXPORTERS
B2181,Avani Textiles Limited
B2182,Kapson India
B2183,OSWAL WOOLEN MILLS LIMITED
B2184,R.S RICE MILLS
B2185,SHAKUNT ENTERPRISES PRIVATE LIMITED
B2186,PARKER CYCLE INDUSTRIES
B2187,PARKER EXPORTS
B2188,KANIN  INDIA
B2189,AARAV EXIM
B2190,VISTA KNITBERRY FASHIONS LTD
B2191,SHIVALIKVIEW STEEL TRADING (P) LTD.
B2192,JAP INDUSTRIES
B2193,RATTAN BROTHERS
B2194,R V IMPEX
B2195,GEM TECHNOLOGIES
B2196,GURBACHAN SINGH & SONS
B2197,Nandyavart Trading Private Limited
B2198,Punjab Chemicals And Crop Protection Limited
B2199,SOVEREIGN EXPORTS
B2200,HIM OVERSEAS
B2201,GOLDEN BOY FOODS
B2202,NICE EXPORTS PRIVATE LIMITED
B2203,Laj Exports
B2204,DEV INTERNATIONAL
B2205,AAA EXIM
B2206,PUNJAB RICELAND PRIVATE LIMITED
B2207,INTRAX
B2208,MACK BROWN PHARMACEUTICALS PVT LTD
B2209,KOHINOOR INDIA LTD.
B2210,HINDUSTAN WHEELS PVT LTD
B2211,LEO WETBLUE LEATHER LTD
B2212,M.B. EXPORTS LIMITED
B2213,GARG ADHESIVES
B2214,DST EXPORTS
B2215,K.S.WORLD WIDE EXPORTS PVT LTD
B2216,SOCCER INTERNATIONAL PRIVATE LIMITED
B2217,SWATI INDS.
B2218,POPLON CHEMIE
B2219,M S BHOGAL N SONS
B2220,NAGPAL WOOLLEN TEXTILE INDUTSRIES
B2221,Winsome Textile Industries Ltd
B2222,ESS ESS EXPORTS
B2223,FALCON EXPORTS
B2224,FRIENDS INTERNATIONAL
B2225,SHAKTI APIFOODS PRIVATE LIMITED
B2226,Jasbir Impex & Traders Private Limited
B2227,PUNJAB BASMATI RICE LTD
B2228,Health Biotech Limited
B2229,ANAND CRANKS
B2230,KARTIK INTERNATIONAL
B2231,AEROTECH PACKERS
B2232,AMAN INTERNATIONAL
B2233,JMP MANUFACTURING COMPANY
B2234,DAICHI INTERNATIONAL
B2235,STANDARD CORPORATION INDIA LTD.
B2236,WOODMASTER  INDIA  MACHINES PVT LTD
B2237,SURYA MALLEABLES
B2238,GURSAM INTERNATIONAL
B2239,ROYAL INTERNATIONAL EXPORTS
B2240,MIDAS AGRO FOODS PRIVATE LIMITED
B2241,MRCO INTERNATIONAL
B2242,PRUTHI INTERNATIONAL
B2243,Jindal Fine Industries
B2244,RAMAN  GHAI  INDUSTRIES
B2245,WHITE MOUNTAIN FIXINGS
B2246,T C TERRYTEX LIMITED
B2247,Bham Tex International Private Limited
B2248,Kwality Pharmaceuticals Limited
B2249,REX SEWING MACHINE CO. PRIVATE LIMITED
B2250,UNIFIED CLOTHING CO.
B2251,TRISHAN EXPORTS PRIVATE LIMITED
B2252,HERO MOTORS LIMITED
B2253,GEMINY INDUSTRIAL CORPORATION
B2254,OYASH ENTERPRISES
B2255,EVEREST ENGINEERING CORPN
B2256,A.V.J. INTERNATIONAL
B2257,PRUTHI EXPORTS
B2258,VIRGO ALUMINUM LIMITED
B2259,M.R. INTERNATIONAL
B2260,JAWALA SINGH AND SONS
B2261,RAM KISHAN SHANKAR DASS AGRO PVT LTD
B2262,METFAB EXPORT HOUSE
B2263,NEW PENSLA INDUSTRIES
B2264,A P ORGANICS LIMITED
B2265,DESON EXPORTS
B2266,Varindera Tools Private Limited
B2267,SRISHTI WOOL COMBERS
B2268,GURU TEG ENGG.CO
B2269,GAGAN ENGINEERS
B2270,CAPITAL INDUSTRIES
B2271,ELPAR INTERNATIONAL
B2272,PREMIER RUBBER MILLS
B2273,TECHNICAL PRODUCTS CORPORATION
B2274,MRS. BECTORS FOOD SPECIALITIES LIMITED
B2275,RALSON INDIA LIMITED
B2276,A.G FORM  AND FORGE
B2277,PIONEER CRANES & ELEVATORS PRIVATE LIMITED
B2278,DAICHI OVERSEAS PVT LTD
B2279,R.B.GEARS PVT LTD
B2280,BANSAL SPINNING MILLS LIMITED
B2281,METRO TYRES LTD
B2282,STARK INDUSTRIES
B2283,PYE TOOLS PRIVATE LIMITED
B2284,ADITYA CYCLES (P) LTD
B2285,AMCO ENTERPRISES PRIVATE LIMITED
B2286,KNIT AID
B2287,ROBIN TOOLS MFG.CO
B2288,KUANTUM PAPERS LIMITED
B2289,JAGAT INDUSTRIES
B2290,AMBIKA OVERSEAS
B2291,BLACK JACK INDIA PVT. LTD.
B2292,PIONEER CAPS AND SLOPES PVT LTD
B2293,JAGDISH COMMERCIAL SERVICE
B2294,RADIANT INTERNATIONAL.
B2295,MINAR RECLAIMATION PRIVATE LIMITED
B2296,TRB Exports Private Limited
B2297,THAPAR 7 SEAS
B2298,TECHAIDS
B2299,Maharaja International
B2300,P. C. TANWELL
B2301,BIG-BEN EXPORTS
B2302,RABRO SPORTS INDIA  PVT LTD
B2303,GEE TEE TEXTILES
B2304,ROYAL ENGINEERS & TECHNOCRATS
B2305,AROMATI FOOD STUFF TRADING
B2306,H.M.FASHION INDIA
B2307,GURU KIRPA OVERSEAS
B2308,TURBO INDUSTRIES PRIVATE LIMITED
B2309,KAY CEE EXPORTS
B2310,SRI TOOLS INDUSTRIES
B2311,EASTMAN CAST & FORGE LIMITED
B2312,A M IMPEX
B2313,LUDHIANA BEVERAGES PRIVATE LIMITED
B2314,NEWLIGHT CYCLE INDUSTRIES
B2315,PUNJAB AGRI EXPORT CORPORATION LTD
B2316,UNISTAR DISTRIBUTORS PRIVATE LIMITED
B2317,Texla Plastics & Metals Pvt. Ltd.
B2318,H R OVERSEAS
B2319,SHARMAN JI YARNS PVT LTD
B2320,KGOC GLOBAL LLP
B2321,A P PAPER MILLS LTD.
B2322,METAL KRAFT INTERNATIONAL
B2323,BHURJEE EXPORTS
B2324,KANGARO INDUSTRIES LIMITED
B2325,TRIDENT LIMITED
B2326,VISHAL TOOLS & FORGINGS PVT.LTD.
B2327,SHAHPURI INDUSTRIES
B2328,S.K.TOOLS AND FORGINGS
B2329,WHITE MOUNTAIN FIIXINGS
B2330,Lexus Paints & Coatings
B2331,Ramco International
B2332,NILPAR INTERNATIONAL PRIVATE LIMITED
B2333,M R  INTERNATIONAL
B2334,EXCEL ENTERPRISE
B2335,PROTECH ASSOCIATES  P  LTD
B2336,TIPSON CYCLES PVT LTD
B2337,PARI AGRO EXPORTS
B2338,D.D. International Global
B2339,SILVERTOWN TEXTILE TRADING CO.
B2340,NEXUS INTERNATIONAL
B2341,Moscot Exports
B2342,RADHEYSHAM ENTERPRISES
B2343,J.P. MACHINE TOOLS PRIVATE LIMITED
B2344,Nidhi Steel Industries
B2345,VENUS GARMENTS (INDIA) LIMITED
B2346,OM ENTERPRISES
B2347,Sumit Impex  India
B2348,R.N GUPTA & CO. LTD.
B2349,SAWAN INDIA OVERSEAS
B2350,Windsor Industries Pvt. Ltd.
B2351,jaswant agriculture works
B2352,R.P OVERSEAS
B2353,CHHABEELA ENERGY FOODS PRIVATE LIMITED
B2354,JNSL FERRO ALLOYS
B2355,ONKAR INTERNATIONAL
B2356,KUBER CASTING PRIVATE LIMITED
B2357,JANTA TIMBER STORE
B2358,SHIVAM IMPEX
B2359,Balram Sri Krishna Overseas
B2360,ABROL INTERNATIONAL
B2361,NUCON POWER CONTROLS PVT LTD
B2362,KANGARO INDS. (REGD.)
B2363,TRBEX IMPEX PVT LTD
B2364,SYNTEX OVERSEAS
B2365,SWANI RUBBER INDUSTRIES
B2366,CONCEPT FASTNERS
B2367,QUAD LIFESCIENCES PRIVATE LIMITED
B2368,PARAM IMPEX
B2369,STARHEAD ENTERPRISES
B2370,Cayman International
B2371,INDIAN ACRYLICS LIMITED
B2372,QUEST IMPEX PRIVATE LIMITED
B2373,BHAGAT RUBBER & CHEMICALS CO.
B2374,RAKESH & CO
B2375,Jagraon Global Industries
B2376,KAY CEE WOOLLEN MILLS
B2377,FILLCHEM GLOBAL
B2378,SALEX SALES CORPORATION
B2379,AARTI INTERNATIONAL LIMITED
B2380,SINGHANIA INTERNATIONAL LTD
B2381,WORLDWIDE IMPEX
B2382,Victor Forgings
B2383,ONKAR INTERNATIONAL.
B2384,SINGHANIA CHEMICALS
B2385,GKG INDUSTRY
B2386,R. R. GLOBAL  INDIA
B2387,SUN EXIM
B2388,STAR POLYMERS INC
B2389,AARTI STEELS LTD
B2390,SIDEX OVERSEAS
B2391,Jalandhar leather India Pvt Ltd
B2392,RAGHU EXPORTS  INDIA  PVT. LTD.
B2393,SMILE TRADING CO
B2394,INIDAN IRON & METALS PVT LTD
B2395,PRESONS IMPEX
B2396,CREATIVE JUNCTION
B2397,SHIVAM INTERNATIONAL
B2398,BANSARIWALA HOSIERY MILLS
B2399,HARI OM TRADERS
B2400,SHREE KRISHNA RICE & GENERAL MILLS
B2401,EASTMAN INDUSTRIES LTD
B2402,KANNAV INTERNATIONAL
B2403,ASIA INTERNATIONAL
B2404,SAMPOORNA FEEDS PRIVATE LIMITED
B2405,BAWA INDUSTRIES PVT LTD
B2406,Babla Steel Traders
B2407,TANVEEN ENTERPRISES
B2408,R.K. METAL INDUSTRIES
B2409,JSW VALLABH TINPLATE PVT LTD
B2410,SEWA RAM OVERSEAS INDIA PVT LTD
B2411,JAGATSUKH INDUSTRIES
B2412,Ganga Acrowools Limited
B2413,GEMINI IMPEX
B2414,GOLDSTONE INTERNATIONAL
B2415,ADDI ALLOYS PRIVATE LIMITED
B2416,JAI MAA KNITWEARS
B2417,MARS EXIM (P) LTD
B2418,CANDEX FILAMENT PRIVATE LIMITED
B2419,R S COLLECTION
B2420,HERO CYCLES LIMITED
B2421,KEAA INTERNATIONAL PRIVATE LIMITED
B2422,CHAMAN LAL SETIA EXPORTS LIMITED
B2423,ANUJA HEALTHCARE LTD
B2424,BHAGWATI TRADING CO
B2425,BHUSHAN STEEL CORPORATION
B2426,SEMI-CONDUCTOR LABORATORY
B2427,INPORT INTERNATIONAL
B2428,DRSC METALS PRIVATE LIMITED
B2429,SHEENAM INTERNATIONAL
B2430,KAY KAY INDUSTRIAL CORPORATION
B2431,JINDAL AGROS MILL PVT LTD
B2432,ARYAN EXPORTS
B2433,OLYMPUS INTERNATIONAL
B2434,JCBL INDIA PRIVATE LIMITED
B2435,Yogindera Worsted Limited
B2436,J.KISHORE EXPORTS
B2437,MANNAT ENTERPRISES
B2438,SAAR INDUSTRIES
B2439,BHURJEE MACHINE TOOLS
B2440,SINGLA TIMBER STORE
B2441,H.S. & COMPANY
B2442,ANGEL STEELS
B2443,Jagdish Industries
B2444,Prominent Exports International
B2445,RAL NUTRALIFE PRIVATE LIMITED
B2446,AVTAR KALSI AGRO WORKS
B2447,BEAT ALL SPORTS
B2448,ARORA IRON AND STEEL ROLLING MILLS P LTD
B2449,KIRPAL SINGH SEHMBEY AND SONS
B2450,K.K. ENTERPRISES
B2451,ALP NISHIKAWA COMPANY PVT LTD
B2452,VAID ENTERPRISES
B2453,JETHU RAM & SONS
B2454,DAKSH IMPEX
B2455,FUTURISTICS METAL TRADING PVT LTD
B2456,SYAL ENTERPRISES
B2457,D V WOOLLEN MILLS
B2458,SUJU EXPORTS
B2459,K. KISHORE OVERSEAS
B2460,Fortune Mall Pvt Ltd
B2461,H.R.INTERNATIONAL
B2462,KARAN SALES
B2463,KARTAR CORPORATION
B2464,GOPAL KRISHAN AND SONS
B2465,ABS FOOD & BEVERAGES
B2466,R.B LOGISTICS
B2467,SYB INTERNATIONAL
B2468,PANNA LAL SAT PAL BAHRI and SONS
B2469,ARINAA IMP-EXP
B2470,INFINITY LABORATORIES PRIVATE LIMITED
B2471,MODERN MACHINERY STORES
B2472,VISHAL INTERNATIONAL
B2473,AJIT SINGH OM PRAKASH PVT LTD
B2474,AVON METERS PVT LTD
B2475,SHIVAAY INTERNATIONAL
B2476,SOORA INTERNATIONAL
B2477,DHARAM PAL & SONS
B2478,AKS ENGINEERING CO.
B2479,PRIYA FASTENERS
B2480,VANEETA TEXCRAFT PVT LTD
B2481,CIS EXPORTS P LTD
B2482,Inder Industries
B2483,STRUT SUPPORT SYSTEMS
B2484,FENCE FIXINGS
B2485,Ventura Global Inc
B2486,Maruti Global
B2487,K.K.KAPOOR HOSIERY
B2488,TARUN ENTERPRISES
B2489,BHATINDA CERAMICS PVT.LTD.
B2490,Indo-German Agriculture Sprayer & Pressing Works
B2491,Divyansh International
B2492,Jawandsons Private Limited
B2493,Gurudev Overseas Ltd
B2494,BAMA INFOTECH
B2495,Hero Electric Vehicles Pvt Ltd
B2496,Ess Pee Enterprises
B2497,ARISUDANA INDUSTRIES LIMITED.
B2498,IND SWIFT LABORATORIES LTD
B2499,DESIRE ENTERPRISES
B2500,GANPATI ENTERPRISES..
B2501,Rajdhani Traders
B2502,Amber Enterprises India Limited
B2503,AURA WORLDWIDE
B2504,SETH NANDRAM DAULATRAM BIYANI
B2505,BANSAL ALLOYS & METALS PVT LTD.
B2506,TIRUPATI BALAJI EXIM PVT.LTD
B2507,KRISHNA STATIONERY MART
B2508,SIDHU BUILDERS
B2509,J N PLASTIC
B2510,S V ENTERPRISES
B2511,KARAN INTERNATIONAL...
B2512,SATURN METALS
B2513,ALBACORE LOGISTICS LLP
B2514,FREUDENBERG NOK PVT.LTD
B2515,MADHAV ALLOYS PVT LTD
B2516,GINNI EXPORTS PVT LTD
B2517,Khanna Paper Mills Limited
B2518,STEELMAN INDUSTRIES
B2519,PARI INDIA
B2520,Modern Insecticides Ltd.
B2521,Fectum Global Industries
B2522,HORIZON OVERSEAS
B2523,CRYSTAL FABRICS
B2524,INDUSTRIAL CHEMICALS & COATINGS
B2525,AGI INFRA LTD
B2526,SINGHANIA RESOURCES PRIVATE LIMITED
B2527,DILAWARI EXPORTS CORPORATION
B2528,PLATANUS IMPEX LLP
B2529,NAT MED CARE
B2530,MASTER CRAFT INDUSTRIES
B2531,BELLWETHER FASHIONS
B2532,RAJASTHAN STEEL CENTRE
B2533,ARIHANT OSWAL HOSIERY FACTORY
B2534,NATURE NAO PRIVATE LIMITED
B2535,JINDAL TRADING CO.
B2536,Dolphin Exports
B2537,EAGLE METALS
B2538,PRENDA CREATIONS PRIVATE LIMITED
B2539,MAJESTIC INTERNATIONAL
B2540,IQBAL ENTERPRISES
B2541,NAV TRADERS . COM
B2542,GREYHOUND INTERNATIONAL
B2543,GARDEX
B2544,HLG TRADING
B2545,MAHESH STEEL TRADERS
B2546,ARSH STEEL TRADERS
B2547,O.P. Soaps & Cosmetics
B2548,HERO E-CYCLES PRIVATE LIMITED
B2549,R.K. METAL INDUSTRIES  REGD.
B2550,VINAYAK INTERNATIONAL
B2551,DEEP OVERSEAS
B2552,F.C. SONDHI CO.  INDIA  PVT. LTD
B2553,JTL INFRA LIMITED
B2554,SWASTIKA IMPEX
B2555,aaren export
B2556,S.K. MINERALS
B2557,UPKAR INTERNATIONAL PRIVATE LIMITED
B2558,SAANVI IMPEX INDIA PRIVATE LIMITED
B2559,A.H.  KNITS & FIBRES
B2560,NATIONAL SOAP MILLS
B2561,MAA ASHIRWAD STEEL ENTERPRISES
B2562,SHREE GANPATI PACKWELL
B2563,GROSPINZ FABZ LTD
B2564,ORELIA THE GOLD
B2565,ALASKA FABTECH PRIVATE LIMITED
B2566,TEJ INDUSTRIES
B2567,Garg Acrylics Limited
B2568,S T COTTEX EXPORTS PVT LTD
B2569,SHREE GANESH ENTERPRISES.
B2570,Fortune Metals Limited
B2571,JASKIRAN UDYOG
B2572,VIDYA SONS
B2573,DERBY KNITWEARS
B2574,DEEP TRADERS INDIA PVT LTD
B2575,CREB NUTRITION
B2576,ARMAAN IMPEX.
B2577,NORTHERN INDIA SALES CORPORATION
B2578,FINE PRODUCTS  INDIA
B2579,Gripwell Tools Industries
B2580,RMX INDUSTRIES
B2581,PATIALA OVERSEAS
B2582,ENGINEERS TRIO
B2583,ADI SHREE UDYOG
B2584,HANS RAJ MAHAJAN & SONS
B2585,Ind Swift Limited
B2586,SHREE GANESH EDIBLES PVT LTD.
B2587,DELTA OVERSEAS
B2588,AADI SHREE FASTENER INDUSTRIES
B2589,MODAK DYEING AND PRINTING COMPANY PRIVATE LIMITED
B2590,PERFECT FORGINGS
B2591,DEEPAK FASTENERS LIMITED
B2592,SATIA INDUSTRIES LTD.
B2593,S.V SPINNING MILLS
B2594,PARKER PHARMACEUTICALS
B2595,PARMJOT INDUSTRIES
B2596,MAHADEV INTERNATIONAL
B2597,SHIVA CASTINGS PRIVATE LIMITED
B2598,MANCHANDA SPINNING & WEAVING MILLS
B2599,GOLDEN PAINTS AND CHEMICAL INDUSTRIES
B2600,SHERON FURNITURE PRIVATE LIMITED
B2601,PHARMA SOLUTIONS
B2602,R.S ENTERPRISES
B2603,Super Tools Corporation
B2604,NUCON SWITCHGEARS PVT LTD
B2605,UNIQUE TECHNOLOGIES  INDIA
B2606,AMRIK SINGH & SONS
B2607,EDELMANN PACKAGING INDIA PVT. LTD.
B2608,STANDARD WOOLLEN MILLS
B2609,Maghi Ram & Sons
B2610,DEEPS TOOLS PVT LTD
B2611,BIOMEX INSTRUMENTS PVT LTD
B2612,Sapra Dyes & Chemicals
B2613,BRICK TECHNOLOGIES INDIA
B2614,AGARRWAL FIRE PROTECTION PVT LTD
B2615,PURI TEXTILE
B2616,SWASTIKA STEEL BIRDS
B2617,NEW SWAN MULTITECH LIMITED
B2618,LAJ OVERSEAS
B2619,SRL IMPEX
B2620,KLM OVERSEAS
B2621,ALA FOODSTUFF PRIVATE LIMITED
B2622,HERO YOUON PRIVATE LIMITED
B2623,TIWANA TEXTILE & FABRIC
B2624,LAKSHMAN DASS GANESH DASS ASHWANI KUMAR H.U.F
B2625,ROCKPECKER PVT LTD
B2626,RADIANT TEXTILES LTD
B2627,KHANNA OVERSEAS
B2628,PARAMOUNT IMPEX
B2629,META INDUSTRIES LIMITED
B2630,GOLCHA ASSOCIATED EXPORTS
B2631,ADARSH GUAR GUM UDYOG
B2632,WMA INDIA
B2633,SUNCITY ART EXPORTERS
B2634,REGATTA UNIVERSAL EXPORTS
B2635,REGATTA STONE EXPORTS PVT LTD
B2636,ARTASIA
B2637,Gravita India Ltd
B2638,SHARMA INDUSTRIES
B2639,Skema International Pvt. Ltd.
B2640,Sushila Overseas
B2641,JAINSONS AGROCHEM INDUSTRIES
B2642,Bundi Silica Exports
B2643,NARAYAN ARTS
B2644,EVERGREEN INTERNATIONAL LTD
B2645,Alokik
B2646,RAJASTHAN CRAFTS INDUSTRIES
B2647,SHREE RAM INDUSTRIES
B2648,CRAFTS N MARBLE
B2649,PARIS ELYSEES INDIA PVT. LTD
B2650,Sulux Phosphates Ltd.
B2651,TIRUPATI  IMPEX
B2652,National Engineering INDUSTRIES.Ltd.
B2653,Harsha Stone Industries
B2654,GLOBAL STONES PVT LTD
B2655,PINKCITY ENTERPRISES
B2656,SHREE RISHABH MARMO PVT.LTD.
B2657,Satyam Polyplast
B2658,PHOENIX PRIME INTERNATIONAL LLP
B2659,PEGMA RESOURCES PRIVATE LIMITED
B2660,SUPREME GUMS PRIVATE LIMITED
B2661,KHEMCHAND HANDICRAFT
B2662,FLORENCE SANDSTONE PVT. LTD.
B2663,Avid Marbles & Granites Pvt. Ltd.
B2664,VANTAGE ORGANIC FOODS PVT. LTD.
B2665,A.L. PAPER HOUSE
B2666,THIS AND THAT
B2667,SANKALP INTERNATIONAL
B2668,Shushrusha Exports
B2669,LALJI HANDICRAFTS
B2670,GALAXY EXPORTS
B2671,MAHABALI INTERNATIONAL
B2672,SUSHIL UDYOG
B2673,THE HOME DEKOR
B2674,Shree Agencies Pvt. Ltd.
B2675,NUTRIX INDIA PRIVATE LIMITED
B2676,JAINSONS INDIA INDUSTRIES
B2677,SHREE KARNI PHARMACEUTICALS PRIVATE LIMITED
B2678,Home Atmosphere
B2679,RAJDHANI CRAFTS INDUSTRIES PVT LTD
B2680,Anant Marmo Private Limited
B2681,MADHAV MARBLES & GRANITES LTD
B2682,LUXOR IMPEX PVT. LTD.
B2683,Tab India Granites Pvt. Ltd.
B2684,Pacific Industries Limited
B2685,STONE CRAFT INETRNATIONAL
B2686,INANI MARBLES & INDUSTRIES
B2687,WESTERN DRUGS LIMITED
B2688,handicraft emporio
B2689,golcha talc
B2690,SUN ART EXPORTERS
B2691,Kirat Crafts
B2692,Seaward Exports Pvt. Ltd.
B2693,MOONLIGHT MARBLES
B2694,SMG OVERSEAS
B2695,Satyam Plastfab Pvt. Ltd.
B2696,SAMURAI EXPORTS
B2697,NITIN SPINNERS LTD
B2698,Taj Granites Pvt. Ltd.
B2699,STONE GALLERY
B2700,PARTH NATURAL STONES PVT.LTD
B2701,JAJOO RASHMI REFRACTORIES LTD
B2702,PRINCE EXPORTS
B2703,JAIPUR CRAFTS PVT. LTD.
B2704,Asian Traders & Exporters
B2705,MARUTI EXPORTS
B2706,PROSAFE INTERNATIONAL PRIVATE LIMITED
B2707,GEO SUPPLIES
B2708,Daksh Handicrafts Private Limited
B2709,PODDAR ASSOCIATES
B2710,M.R.International
B2711,PSV POLYMERS PRIVATE LIMITED
B2712,SRSL INTERNATIONAL PVT LTD
B2713,Shriram Timber Hastkala udyog
B2714,A&D INTERNATIONAL PRIVATE LIMITED
B2715,Kriticraft Pvt. Ltd.
B2716,APEX ART EXPORTS
B2717,THAR ART EXPORTS
B2718,MAMTA HYGIENE PRODUCTS PRIVATE LIMITED
B2719,RADHIKA ENTERPRISES
B2720,RISING STAR EXIM PVT LTD
B2721,Aravali India Marbles & Granites
B2722,PREM MARBLES PRIVATE LIMITED
B2723,Rahul Agro Industries
B2724,MANGLAM ARTS
B2725,JL DAGA MINES & MINERALS PVT LTD
B2726,SHARAD ENTERPRISES
B2727,AXON GLOBAL PRIVATE LIMITED
B2728,CHIRMI OVERSEAS
B2729,NORTH INDIA STONE
B2730,SARDA GUMS & CHEMICALS
B2731,NICE EXPORTS INC.
B2732,Alliance Polysacks Private Limited
B2733,LATIYAL HANDICRAFTS PVT. LTD.
B2734,RSWM LIMITED
B2735,DHOOT DAL MILL
B2736,BDS WORLDWIDE EXPORTS
B2737,MADHUSUDAN MARBLES PVT LTD
B2738,JAIPUR RUGS COMPANY PRIVATE LIMITED
B2739,PRINCE ART EXPORTER
B2740,FINE FURNITURE ARTS EXPORTS
B2741,JAGAN EXPORTS
B2742,BASANT
B2743,SAMARPAN ARTS AND HANDICRAFTS
B2744,TRUPTI EXPO CRAFTS
B2745,BHANDARI EXPORTS
B2746,ROCKMET GRANULTI
B2747,MAHADEV STONES PRIVATE LIMITED
B2748,SHREE RAM INDUSTRIES.
B2749,SHEKHAWATI ART EXPORTS
B2750,BATHLA MINERALS PRIVATE LIMITED
B2751,KUBER CREATION PRIVATE LIMITED
B2752,NATURAL POLYCOATS
B2753,KUCHYA EXPORT
B2754,SHREE NATH GUM & CHEMICALS
B2755,ART AGE PRIVATE LIMITED
B2756,Pacific Bulk Bags Private Limited
B2757,THE ART PALACE
B2758,SHREE VIJAYLAXMI ENTERPRISES
B2759,HERITAGE
B2760,WOLKEM INDIA LIMITED
B2761,ARMANI INDUSTRIES (INDIA) PRIVATE LIMITED
B2762,MODERN INSULATORS LIMITED
B2763,NEELAM AQUA & SPECIALITY CHEM PRIVATE LIMITED
B2764,INDIAN ARTWARE
B2765,ROSE MARBLES PVT. LTD.
B2766,CLAY CRAFT INDIA PRIVATE LIMITED
B2767,ARAVALI MINERALS & CHEMICALS INDUSTRIES PVT LTD
B2768,LAXMI IDEAL INTERIORS
B2769,WELCOS SPUNFAB
B2770,KANCHAN INDIA LIMITED
B2771,MM STONEWORTH INDIA
B2772,LAXMI CREATION
B2773,Shri Shanker Gauri Agro Product Private Limited
B2774,HAVELI EAST WEST DESIGNS
B2775,VIRASAT MINE & MINERALS
B2776,Shree Ram Granimarmo Pvt. Ltd.
B2777,SHRI PREMPURIJI GRANIMARBO PRIVATE LIMITED
B2778,PRAYAG POLYTECH PVT LTD
B2779,COUNTRY ART & CRAFT LLP
B2780,RAJ  KESARI METALS PVT. LTD.
B2781,MIDAS EXPORTS
B2782,SHREENATH MINING WORKS PVT. LTD.
B2783,INFINITI INDIA
B2784,IN TRADING PRIVATE LIMITED
B2785,SWASTIK EXPORT INDIA
B2786,HIMALAYA INTERTRADE PRIVATE LIMITED
B2787,Atlantic Marbles Private Limited
B2788,S.K.INDIA INTERNATIONAL
B2789,SHERA ENERGY PRIVATE LIMITED
B2790,SHREE RANA MARBLE MINES
B2791,SHRI GANESH GRANITE
B2792,STONE CRAFT INDIA PRIVATE LIMITED
B2793,PARAG CORPORATION
B2794,SUSHEEL YARNS PRIVATE LIMITED
B2795,Bella Casa Fashion & Retail Ltd
B2796,VARUN INDUSTRIES
B2797,Nakoda Marble Industries
B2798,SHIV EDIBLE LTD.
B2799,NATH EXPORT
B2800,NOBLE ART AND CRAFT HOUSE
B2801,Poddar Udyog
B2802,SHREE RISHABHDEV MARBLE AND MINERALS PRIVA LIMITED
B2803,SHREE RAM GUM CHEMICALS PRIVATE LIMITED
B2804,DEEJAY NEELUM MARBLE INDIA PVT. LTD.
B2805,Royal Art & Exports
B2806,DURGA MARBLE & MINERALS
B2807,JAJOO EXPORTS
B2808,MAA CHEMFOOD PRIVATE LIMITED
B2809,STONE INDIA
B2810,Barmer Emporium
B2811,RAYMAN ARTEFACTS PVT. LTD.
B2812,SANJEEV KAHALI
B2813,S. S. ARTS
B2814,CROSS COUNTRY
B2815,Orbit International
B2816,RAJDARSHAN EXPORTS
B2817,PRATIBHA REFRACTORY MINERALS
B2818,MEHAR ARTS
B2819,Jodhana art and crafts
B2820,KAVERI  MINECHEM PRIVATE LIMITED
B2821,VIJETA TEX FAB
B2822,M.R.EXPORTS
B2823,ADARSH TRANSFORMERS PRIVATE LIMITED
B2824,ARORAS J.K.NATURAL MARBLES LIMITED
B2825,GIRISH ENTERPRISES
B2826,JAI VARDHMAN KHANIZ PVT. LTD.
B2827,TEAM WORKS
B2828,Kumar Arch Tech Pvt Ltd
B2829,STAR GALAXY EXPORTS
B2830,BAHETI SILICONES AND METALS PRIVATE LIMITED
B2831,Silver Stone India Paving
B2832,SAMRIDHI PETROCHEM
B2833,Vikas WSP Limited
B2834,MAHARAJA SHREE UMAID MILLS LIMITED
B2835,SHREE RAM COLLOIDS PRIVATE LIMITED
B2836,OM INDUSTRIES
B2837,UTTAM POLYRUBS INDIA PVT. LTD
B2838,SHEKHAWATI EXPORTS
B2839,Orient Refractories Limited
B2840,ARAWALI EXPORTS
B2841,S.B. GRANITES LTD
B2842,BOTHRA INTERNATIONAL
B2843,Samarth Enterprises
B2844,CHETAK MARMO PVT. LTD.
B2845,Stoneking Exports India Pvt Ltd
B2846,HANDMADE ART & CRAFT LLP
B2847,JOHARI IMPEX
B2848,ANAND TALC &STEATITE PVT.LTD.
B2849,KG Petrochem Ltd.
B2850,RAJASTHAN GUM PRIVATE LIMITED
B2851,INANI INTERNATIONAL PVT. LTD
B2852,CREATIVE ART & CRAFT
B2853,RANI HANDICRAFTS PRIVATE LIMITED
B2854,BULAKI DASS & CO.
B2855,ARUNA TRADING COMPANY
B2856,Roopsi International
B2857,MANISH AGRO INDUSTRIES
B2858,Amzole India Private limited
B2859,SYNTHETIC STONES
B2860,PARAS  MARBLE
B2861,POORNIMA HANDICRAFTS PVT LTD
B2862,Harish Handicrafts
B2863,CLASSICAL NATURAL STONE
B2864,DIVYANSH AUTOMOBILES PRIVATE LIMITED.
B2865,Pelican Quartz Stone
B2866,SHIVA IMPEX COMPANY
B2867,DEEKAY TREXIM (INDIA) PRIVATE LIMITED
B2868,SAKATA INX  INDIA  PRIVATE LIMITED
B2869,DIVYA IMPEX.
B2870,MAHENDRA NATURAL STONE
B2871,UMANG BOARDS PVT. LTD.
B2872,RANJAN SUITINGS PRIVATE LIMITED
B2873,UDAIPUR HEALTH CARE PVT LTD
B2874,LAXMI INTERNATIONAL EXPORT
B2875,ABHINAV EXPORTS
B2876,SETHI MARBLE & STONE INDUSTRIES KOTA
B2877,SHREE SHANTI ENTERPRISES
B2878,ELITE STONE IMPEX
B2879,ECO EDGE TRADING PRIVATE LIMITED
B2880,OILFIELD MINERALS & CHEMICALS
B2881,STONE AGE PRIVATE LIMITED
B2882,XL LABORATORIES PVT. LTD.
B2883,UMANG STONE INTERNATIONAL
B2884,SNG IMPEX
B2885,INDIAN CRAFTS
B2886,MAXWELL INDUSTRIES
B2887,TS TECH SUN RAJASTHAN PVT LTD
B2888,SANJAY ROCKS GRANITES INDIA PVT. LTD.
B2889,SWASTIK ENTERPRISES.
B2890,HARIT POLYTECH PVT. LTD.
B2891,SHIVAS VISION EXPORTS PRIVATE LIMITED
B2892,KASHDRA SALES CORPORATION
B2893,EURRO-GRANITE MARBLE PRIVATE LIMITED
B2894,"3R POLYMERS PVT LTD"
B2895,SAMYAK SYNTHETICS PRIVATE LIMITED
B2896,SULZRO SUITINGS PRIVATE LIMITED
B2897,JYOTI ENTERPRISES.
B2898,Haswani Handicrafts
B2899,GLOBAL ART EXPORTS
B2900,MAHESH AGRO FOOD INDUSTRIES
B2901,R S G STONES
B2902,GALAXY IMPEX
B2903,AADITYA FINECHEM PVT.LTD.
B2904,NEHA STONE INDUSTRIES
B2905,Mahesh Handicrafts
B2906,MKR Lightings Pvt. Ltd.
B2907,STONE AGE INDUSTRIES
B2908,METALLIZING EQUIPMENT CO. PVT. LTD.
B2909,A N ENTERPRISES
B2910,DIVYA STONES
B2911,HUBOW INDUSTRIES
B2912,C. S. ENTERPRISES
B2913,Raj Kesari Electrodes Pvt. Ltd.
B2914,Manju Exim Private Limited
B2915,GANESH HANDICRAFTS
B2916,baba super minerals pvt.ltd.
B2917,Ajanta Chemical Industries
B2918,BHAVAL EXPORT
B2919,ROCKDEN
B2920,Grace Marbles & Granites Pvt. Ltd.
B2921,M.R.INDUSTRIES
B2922,B B EXPORTS
B2923,DIVYA EXIM
B2924,TIRUPATI CARBON PRODUCTS PVT LTD
B2925,AGARWAL EXPORTS
B2926,SHARAD ENTERPRISES
B2927,R K TRADERS
B2928,PUNAV SLATE & STONES
B2929,ARIHANT TILES & MARBLES PRIVATE LIMITED
B2930,SURYA POWER INDIA
B2931,GEMSCAB INDUSTRIES LIMITED
B2932,RAJDHANI CRAFTS INTERNATIONAL PVT LTD
B2933,Alps Corporation
B2934,MANU TILING COMPANY PVT LTD
B2935,Yash Refractories
B2936,Takahata Precision India Pvt. Ltd.
B2937,Laxminarain And Company
B2938,KAPOOR CELLULOSE UTILITY PVT.LTD.
B2939,KISHORE MOORTI BHANDAR
B2940,AHLCON PARENTERALS INDIA LTD
B2941,GREEN OVERSEAS
B2942,RAMA ARTS AND EXPORTS
B2943,Bholnath stones
B2944,TOYS JUNGLE
B2945,CUARZO
B2946,CONTEMPORARY FURNITURES PRIVATE LIMITED.
B2947,Manak Glass Company
B2948,ALAF EXPORTS
B2949,DHABRIYA POLYWOOD LIMITED
B2950,B S ENTERPRISES
B2951,BHALOTHIA OVERSEAS
B2952,BANSAL ART EXPORTS
B2953,K N INTERNATIONAL
B2954,DIVINE STONE ENTERPRISE
B2955,abs agro foods
B2956,EAST WEST ORGANIC WAY PRIVATE LIMITED
B2957,KUMAWAT SALES CORPORATION
B2958,Bright Impex
B2959,VERTICOVE ENTERPRISES PRIVATE LIMITED
B2960,RISHABH HANDICRAFT
B2961,Ratan Papers Pvt Ltd
B2962,ARTS & CRAFTS EXPORTS
B2963,FRONTIER OVERSEAS
B2964,HAVELI MARBLE PVT. LTD.
B2965,KARNAWAT INTERNATIONAL PVT. LTD.
B2966,Guru Stones
B2967,QUALITY MARBLE EXPORTS  INDIA
B2968,S.S.BLOW CHEM PVT. LTD.
B2969,Shashi Minerals
B2970,SMILE INTERIORS PVT. LTD.
B2971,IMASEN MANUFACTURING INDIA PVT LTD
B2972,NEWAR METALS PVT. LTD.
B2973,TILECO NATURAL STONES PRIVATE LIMITED
B2974,RAMCHANDER MOTILAL EXPORTS
B2975,TINA ORGANICS PVT. LTD.
B2976,DIWACH INDUSTRIES
B2977,GOLCHA ASSOCIATED EXPORTS LLP
B2978,LODHA OFFSET LTD
B2979,HF METALART PVT. LTD.
B2980,DIVINE TRADES
B2981,PACIFIC QUARTZ SURFACES LLP
B2982,KOKOKU INTECH INDIA PVT LTD
B2983,JATIN ENTERPRISES
B2984,SHIVAM INTERNATIONAL EXIM
B2985,AZTEC SHIVA HANDICRAFTS & ARTS PRIVATE LIMITED
B2986,SAAN BOARDS PVT. LTD
B2987,SANKARA FURNITURE DESIGNS
B2988,Bhati & Company
B2989,TRADE CORPORATION
B2990,RICKY INTERNATIONAL
B2991,ART & CRAFTS INC.
B2992,Marudhara Arts Inc.
B2993,Goyal Crafts
B2994,HINDUSTAN ZINC LTD
B2995,PHOENIX EXPORTS
B2996,Nikunj Arts
B2997,FCC CLUTCH INDIA PVT LTD
B2998,SAHARA EXPORTS
B2999,ROLLZ MATERIAL HANDLING SYSTEMS PRIVATE LIMITED
B3000,SARASWATI GLOBAL PRIVATE LIMITED
B3001,ASHIMORI INDIA PVT. LTD.
B3002,DASS SURGIMED PVT LTD
B3003,SHANTA IMPEX PVT. LTD.
B3004,SARAF EXPORT PALACE
B3005,Three Pearl Exports Pvt. Ltd.
B3006,WRITEMARK BOARDS
B3007,GARBA EXPORTS
B3008,SHIVA CREATIONS
B3009,UV STONE IMPEX
B3010,Kothari Plaster Industries
B3011,Star Rose International
B3012,KALCO PRODUCTS INDIA PVT LTD
B3013,NARMADA GRANITES
B3014,GLOBAL LINK IMPEX
B3015,EURO EXPORTS PVT LTD
B3016,BIKAJI FOODS INTERNATIONAL LIMITED
B3017,En Vision Exim International
B3018,IVA OVERSEAS PRIVATE LIMITED
B3019,BHAGWATI KRIPA PAPER MILLS PVT LTD
B3020,ARTISAN ALLIANCE
B3021,SHRI GANPATI OVERSEAS
B3022,JAMAD IMPEX
B3023,MAMTA HANDICRAFTS PVT LTD
B3024,Shri Sanmati sagar marble
B3025,SUNNY WOOLLEN INDUSTRIES
B3026,KALYANI MINE PRODUCTS PRIVATE LIMITED
B3027,SHREE RAM INDIA GUMS PRIVATE LIMITED
B3028,DAULAT TRADERS
B3029,KUBER ENTERPRISES
B3030,ROCK FOREVER
B3031,MEERA STONES PRIVATE LIMITED
B3032,INNOTEX  INDIA  PRIVATE LIMITED
B3033,AGRO INTERNATIONAL
B3034,JLC ELECTROMET PRIVATE LIMITED
B3035,PADMINI MARBLE PVT LTD
B3036,ALAXA GRANITE
B3037,SIMRAN TRADERS
B3038,S G EXPORTS
B3039,N G SUITINGS PRIVATE LIMITED
B3040,SUNGRACE IMPEX
B3041,VINAYAK POLYMERS
B3042,GENUS POWER INFRASTRUCTURES LTD.
B3043,ARL INFRATECH LTD.
B3044,SHREE RAM GRANTIES
B3045,KEMPULSE INDUSTRIES
B3046,SHREE KALYAN INNOVATOR & PANURY LOGICS
B3047,MEWAR TRADERS & ENGINEERS
B3048,MANGALAM INDIA PCC PRODUCTS
B3049,MW WIRETEC PRIVATE LIMITED
B3050,THE WOODPECKER
B3051,S.S. INTERNATIONAL
B3052,JBB ENTERPRISES INDIA
B3053,UNIVERSAL METALLICS PRIVATE LTD
B3054,DKB Optical International Pvt. ltd
B3055,OCTIVA HOME INDUSTRIES
B3056,SAMDANI GRANITES PRIVATE LIMITED
B3057,ADELANTE EXIM INDIA PRIVATE LIMITED
B3058,MADANGANJ STONES
B3059,Mitsui Prime Advanced Composites India Pvt. Ltd.
B3060,SIMRAN INTERNATIONAL EXPORT  INDIA  PVT.LTD.
B3061,MADHAVI STONES PRIVATE LIMITED
B3062,KGN EXPORTS
B3063,SKYZ STONES PRIVATE LIMITED
B3064,BSL LIMITED
B3065,HONDA CARS INDIA LIMITED
B3066,STONE LAND
B3067,MALANI IMPEX INC
B3068,JAMES ANDREW NEWTON ART EXPORTS PVT. LTD.
B3069,SHREE BANARASI MARBLE STONE PVT. LTD.
B3070,Shri Mahalaxmi Industries
B3071,DHARTI CRAFT
B3072,CALIX AGRIGENETICS PVT.LTD.
B3073,BL ART AND IMPEX
B3074,SIEGWERK INDIA PVT LTD
B3075,PRISHA FOOTPRINTS
B3076,OILES INDIA PVT. LTD.
B3077,SHRI VINAYAK INDUSTRIES
B3078,Axiom exports
B3079,ADONIS BIOTECH PRIVATE LIMITED
B3080,MAHADEV CRAFT CONCEPTS
B3081,SHRI OM AGRO PRODUCTS
B3082,MENAL STONES
B3083,Rajdhani Craft
B3084,RAM KRIPA STONE
B3085,BLUE STAR EXIM
B3086,IRAJ EVOLUTION DESIGN COMPANY PVT. LTD.
B3087,GUILTFREE INDUSTRIES LTD
B3088,SHYAM INTERNATIONAL
B3089,India Stone House LLP
B3090,EARTH STONE GLOBAL
B3091,LUMI ART
B3092,TEENY TREASURE
B3093,Harshita Exim
B3094,MYTEX POLYMERS INDIA PRIVATE LIMITED
B3095,Periwal Polymers Pvt Ltd
B3096,AMAPAI CORPORATION INDIA PVT LTD
B3097,Sneh Enterprises
B3098,AAKAAR MARBLE AND MINERALS PVT LTD
B3099,Shree Angira Enterprises
B3100,VARUN ENTERPRISES
B3101,S-CCI INDIA PRIVATE LIMITED
B3102,QAMASH TRADING COMPANY
B3103,Jodhpur Handicraft House
B3104,Arun Manufacturing Services Pvt Ltd
B3105,KARVIN EXIM
B3106,VISHNU ART & CRAFT
B3107,EUGIA PHARMA SPECIALITIES LTD
B3108,STONEBY INDIA LLP
B3109,UNNATI EXIMP INTERNATIONAL
B3110,ANIL EXPORTER
B3111,GRUPO JK
B3112,KKSPUN INDIA PVT LTD
B3113,Daksh Arts
B3114,UNITED NATURAL STONES
B3115,PAS INTERNATIONAL
B3116,SYNERGY STEELS LTD.
B3117,JAIN GRANI MARMO PVT. LTD.
B3118,J K Cement Limited.
B3119,MTJ INDUSTRIES PVT LTD
B3120,AL KADIR TRADING COMPANY
B3121,INDUS TRADE
B3122,U AND T Tractor Spares Pvt Ltd.
B3123,YASH ENTERPRISES
B3124,V S STONES
B3125,ROHAN ART EXPORTS
B3126,SMG OVERSEAS STONES LLP
B3127,KRISHNA INNOVATION
B3128,MASHI EXPORTS INDIA PRIVATE LIMITED
B3129,DS JAIPUR HOSPITALITY PVT LTD
B3130,ALTIS OVERSEAS
B3131,BAGAYAT ENTERPRISES
B3132,MAHVEER TRADING COMPANY
B3133,Lariya Art Palace Pvt. Ltd.
B3134,BHANDARI MARBLE WORLD
B3135,Shubhanshu Trading Company
B3136,MAYANK EXPORTS
B3137,SUMAIYA RUBBER SCRAPE
B3138,PADMINI NATURAL STONES PVT LTD
B3139,Pavehouse Exports Overseas Private Limited
B3140,aravali distributors private limited
B3141,RUJ WOODCRAFT PVT. LTD.
B3142,H H PLASTIC
B3143,SARV POLYTECH
B3144,IMPERIAAL GRANIMARMO PVT.LTD.
B3145,SUNEX STONES PRIVATE LIMITED
B3146,THE UNBREKABLES
B3147,GLOBE BHARAT SHILP ENTERPRISE
B3148,Bhagwati Products Ltd.
B3149,THE INTERIORS RUG
B3150,SHANKAR LAL RAMPAL DYE CHEM PRIVATE LIMITED
B3151,GMG ENGINEERS AND CONTRACTOR PVT LTD
B3152,HANSA MARBLE AND GRANITE PVT.LTD.
B3153,GASTON ENERGY INDIA PVT LTD
B3154,STONE CONNECT LLP
B3155,SHAGUFA INDIA
B3156,ENVISION EXIM LOGISTICS
B3157,ESPRIT STONES PVT.LTD.
B3158,SAMBHAV NATURAL STONES PVT LTD
B3159,INDIAN DIAMOND TOOLS
B3160,Rigil Techno India Pvt Ltd
B3161,KRISHNA INTERNATIONAL EXIM
B3162,GLOBAL LOGISTICS INC.
B3163,United Trademart Private Limited
B3164,GLASS N GLASS
B3165,RURAL CRAFT AND CREATION PRIVATE LIMITED
B3166,AXTRON TEXCHEM INDIA PVT LTD
B3167,V K METCAST PVT LTD
B3168,P J ARTS
B3169,BATHLA MINERALS
B3170,WIZARD INDIA PRIVATE LIMITED
B3171,DILIBER INDIA LP
B3172,Unique Perfect Productions Private Limited
B3173,Shri Bhagwati Machines Pvt. Ltd.
B3174,JUSICA AGRO FOODS PVT LTD
B3175,Ratan Textiles Pvt Ltd
B3176,SHRI BALAJI INDUSTRIAL PRODUCTS LIMITED
B3177,ABHIKRATI TRADELINK LLP
B3178,Bangalore Polycotters Pvt Ltd
B3179,PACIFIC ICONICE
B3180,AL- PAHARIYAN IMPO EXPO ENTERPRISES
B3181,balaji cork
B3182,RADIKA EXIM
B3183,SS Export House
B3184,L M J SERVICES LTD.
B3185,AUTOLITE INDIA LIMITED
B3186,FINORE MINERALS LLP
B3187,PRIME TELELINK PRIVATE LIMITED
B3188,GUPTA EXPORT
B3189,PODDAR PIGMENTS LTD.
B3190,JET FURNITURE COMPANY
B3191,DEEPAK MANUFACTRING AND TRADING
B3192,BLUE CITY DESIGNS
B3193,AVON EMERY INDUSTRIES
B3194,LEO INCENSE & PERFUMER
B3195,UNIVERSAL INDUSTRIAL PLANTS MFG. CO.  P  LTD.
B3196,J.P. ARTS
B3197,RAJASTHAN BARYTES LTD
B3198,Universal Granimarmo Pvt. Ltd
B3199,M.B.EXPORTS
B3200,Envilon Electro Private Limited
B3201,ABS INDUSTRIES
B3202,ARJUN IMPEX
B3203,THE WIPE HOTWIRE INDIA THERMAL EQUIPMENTS PVT LTD
B3204,BALAJI ART AND CRAFTS
B3205,SUGANA HANDICRAFT
B3206,ICHIBAN CROP SCIENCE LIMITED
B3207,PRAYAG POLYMERS PRIVATE LIMITED
B3208,LODHA IMPEX
B3209,MANGLAM STONEX
B3210,MARUDHAR STONEX LLP
B3211,P.P. RUBBER PRODUCTS PRIVATE LIMITED
B3212,RAJPUTANA INDUSTRIES PRIVATE LIMITED
B3213,Shriram Axiall Pvt Ltd
B3214,AGARWAL IRON AND STEEL INDUSTRIES
B3215,SABOO EMERYSTONES INDUSTRIES
B3216,RIGHT CORRUPACK PVT LTD
B3217,"3D VENTURES"
B3218,CORDS CABLE INDUSTRIES LIMITED
B3219,RAJ METAL AND ALLOYS
B3220,P.M.M. INDUSTRIES
B3221,INDIAN SOLAR CIty
B3222,JAINTECH COOLING TECHNOLOGIES
B3223,Dapatical Global Business
B3224,TEJA MARBLE INDUSTRIES
B3225,JUST WOOD
B3226,RARE GEMS
B3227,"7SEAS UNIT"
B3228,Indira enterprises
B3229,MOUNTMINE IMPEX PRIVATE LIMITED
B3230,VINTAGE
B3231,RAJDHANI TECHNOLOGY
B3232,RAINBOW ENGINEERING
B3233,Natural Stone Vision
B3234,SHAIL IMPORTS PRIVATE LIMITED
B3235,MARUTI EMERY STONE INDUSTRIES
B3236,KOTHARI  STONES
B3237,SURAJ METAL EXPORTS
B3238,BABJEEXPORTS
B3239,RAJASTHAN ANTIBIOTICS LTD
B3240,BLACK GOLD TECHNOLOGIES
B3241,PERFECT MACHINE TOOLS
B3242,SUNRISE MARKETING.
B3243,Imagination
B3244,INDO AFRO RESOURCES
B3245,ALP FPI PARTS PVT LTD.
B3246,Daulal Kamal Kishore
B3247,V.K. HARDWARE STORE
B3248,Pal overseas
B3249,RAM STONES
B3250,Pranshi Handicrafts
B3251,STONE INDIA EXPO
B3252,JAIN DECOR PRIVATE LIMITED
B3253,MARWAL FUSION GROUP
B3254,JAI SHREE BALAJI STONEX
B3255,ARRAY STONE HUB PRIVATE LIMITED
B3256,Interbrake Systems P. Ltd
B3257,RISHABH NATURAL STONE PRIVATE LIMITED
B3258,FRONTIER STRIPS PVT LTD
B3259,Lakshmi Tradesoft Pvt Ltd
B3260,VINAYAK ART & CRAFT
B3261,AH INTERNATIONAL
B3262,NATURAL STONE CAMPUS
B3263,RONAK TEXTILE MILLS
B3264,TONGWIE INDUSTRIES PVT. LTD.
B3265,OM SHREE MINERALS & CHEMICALS
B3266,Naturejoy Global Pvt Ltd
B3267,Lynx Tools & Components Private Limited
B3268,SATYA BABU INDUSTRIES
B3269,AK INDUSTRIES
B3270,HOME DESIGNERS
B3271,Shiv shakti Minerals
B3272,MAHESH KUMAR CHOUDHRY
B3273,Maple Art N Craft LLP
B3274,DESICCANT ROTORS INTERNATIONAL PVT LTD.
B3275,OWL HANDICRAFT AND STONE PVT.LTD.
B3276,SHREE KRISHNA ROLLING MILLS  JAIPUR  LIMITED
B3277,AGARWAL TRADERS
B3278,CULTURE CRAFT AND FURNITURE DESIGN
B3279,SAHARA EXPORTS.
B3280,WOODKING
B3281,SONA IMPACT
B3282,PREM SUPERMAX
B3283,EN GLOBAL EXPORTS
B3284,NEW GUJRAT MURTI ART
B3285,shivansh inc
B3286,SHREE VIJAYLAXMI INTERNATIONAL
B3287,NEELKANTH POLYMERS
B3288,OLMARK ASSOCIATES
B3289,NATURAL FIBRES EXPORT
B3290,SINGHANIYA STONES
B3291,Pelican Grani Marmo Pvt Ltd
B3292,HONG ZHENG INDIA PRIVATE LIMITED
B3293,J C ANTIQUES & CRAFTS
B3294,DILEEP INDUSTRIES PRIVATE
B3295,SURAJ INTERNATIONAL
B3296,MINERALS & STONES ENTERPRISES
B3297,MINESTONE EXPORTS
B3298,SUNSTONE ENGINEERING INDUSTRIES PVT.LTD.
B3299,DV ENTERPRISES
B3300,Shri Tirupati Industries
B3301,Mimani Agro Products Pvt.Ltd.
B3302,FALGUNI ENTERPRISES
B3303,RAGHAV INDUSTRIES
B3304,HI ELITE QUARTZ LLP
B3305,S K Crane Services
B3306,NEELKANTH ART & CRAFT
B3307,Vidhu Art and Crafts
B3308,SVP ONLINE SHOPPING PRIVATE LIMITED
B3309,TOY ZONE IMPEX PVT LTD
B3310,CHANDNA INFRAPROJECTS INDIA PRIVATE LIMITED
B3311,AAKAAR IRON CREATIONS PRIVATE LIMITED
B3312,FURNITURE COMPANY
B3313,Manor & Mews Pvt Ltd
B3314,RAY ENERGY SOLUTIONS PRIVATE LIMITED
B3315,NATURAL WORLD
B3316,ADVENT INFRAPROJECTS PRIVATE LIMITED
B3317,BALAJI STONE TRACK
B3318,PAKIZA FASHION POINT
B3319,Darshan Art Exports
B3320,ART INDIA
B3321,Heritage.
B3322,DAINICHI COLOR INDIA PVT LTD
B3323,SKY OVERSEAS
B3324,ALLIED JB FRICTION PVT. LTD.
B3325,RELIANT DRILLING PRIVATE LIMITED
B3326,MAYUR UNIQUOTERS LIMITED
B3327,NAKSHATRA ART EXPORTS
B3328,veekay polycoats ltd.
B3329,NECCON POWER AND INFRA LTD
B3330,KDM & SUPPLIERS
B3331,ADVANTAGE EXPORT INC
B3332,DAIDO INDIA PVT. LTD
B3333,SIMCO IRON STONE INDUSTRIES
B3334,CLASSIC ENTERPRISES PVT LTD
B3335,SEET KAMAL INTERNATIONAL
B3336,INVOTECH
B3337,BESTEX MM INDIA PVT.LTD.
B3338,SONNET STONE PVT. LTD.
B3339,Plasti Weave Industries LLP
B3340,SNOWTEX SYNTHETHICS PRIVATE LIMITED
B3341,THE MSN DESIGN
B3342,Elfin Overseas
B3343,Nissin Brake India Pvt. Ltd.
B3344,HARSH TRADELINKS
B3345,THAR MARBLES PVT LTD
B3346,E&H Precision India Pvt. Ltd
B3347,PRIYA ENTERPRISES
B3348,I.R TRADERS
B3349,DAU TRADING COMPANY
B3350,ARYAN CRAFT
B3351,MEHAR TABLEWARE PVT LTD
B3352,ESSEL VISION PRODUCTIONS LIMITED
B3353,MANGAL JYOTI INDS CORP
B3354,lakecity handicraft Export and Import PVT LTD
B3355,MAHARAJA GRANITO PVT. LTD.
B3356,Markem Imaje India Pvt.Ltd
B3357,ASIATIC DRUGS & PHARMACEUTICALS PVT LTD
B3358,ADINATH TRADING CORPORATION
B3359,CHOUHAN GEMS MANUFACTURING COMPANY
B3360,BREAK STONE SYNERGY CHEMICALS
B3361,KUSUM MARBLES
B3362,BLS ECOTECH LIMITED
B3363,MIKUNI INDIA PVT LTD
B3364,K K IMPEX
B3365,A K INTERNATIONAL.
B3366,ADINATH INDUSTRIES
B3367,MIDDLE EAST PETRO PRODUCTS
B3368,KRISHNA ARTS
B3369,CHEMENGI GUMS AND INDUSTRIES
B3370,Fasttrack Automotives
B3371,K G ENTERPRISES
B3372,SWARAJ STONES
B3373,UMAX PQACKAGING  A UNIT OF UMA POLYMERS LTD.
B3374,NATURAL HERBAL
B3375,SHILPA ALLOYS PRIVATE LIMITED
B3376,house of furniture
B3377,Geena Garments
B3378,DUTCH PLANTIN COIR INDIA PVT LTD
B3379,VESTAS WIND TECHNOLOGY INDIA PRIVATE LTD
B3380,JSAUTOCASTFOUNDRY INDIA PRIVATE LIMITED
B3381,ARO GRANITE INDUSTRIES LTD
B3382,KRISHNA STONECRAFTS
B3383,GENERAL COMMODITIES PRIVATE LIMITED
B3384,SANMAR SPECIALITY CHEMICALS LIMITED
B3385,Jacobi Carbons India Pvt Ltd
B3386,SPICO PRINTING INKS P LTD
B3387,DUINKOP ENTERPRISES PVT LTD
B3388,ST. PETER AND PAUL SEA FOOD EXPORTS PVT LTD
B3389,UNIVERSALL GRANITES
B3390,ATC CHEMICALS INDIA PVT LTD
B3391,RUBY STONES PRIVATE LIMITED
B3392,EASTMAN EXPORTS GLOBAL CLOTHING PRIVATE LIMITED
B3393,LESTON HIDES AND SKINS
B3394,"3F INDUSTRIES LIMITED"
B3395,OM MERCHENDISE INDIA PRIVATE LTD
B3396,KALIMA GRANITES
B3397,PRIME YARNS
B3398,RED IMPEX
B3399,ARJUN CHEMICALS PRIVATE LIMITED
B3400,THE GEMS AGRO EXPORTS
B3401,SIVANTHI JOE COIRS
B3402,PARAGON INTERNATIONAL
B3403,ARYAN GRANITES & MONUMENTS PVT LTD
B3404,FRESHARA PICKLZ EXPORTS
B3405,CAPLIN POINT LABORATORIES  LTD
B3406,KWALITY EXPORTS
B3407,PANCON KNITS PRIVATE LIMITED
B3408,GTP GRANITES LIMITED
B3409,CAPRICORN FOOD PRODUCTS INDIA LIMITED
B3410,GENNYCOT EXPORT
B3411,OREN HYDROCARBONS PRIVATE LIMITED
B3412,Nila sea foods (P) Ltd
B3413,ATLAS EXPORT ENTERPRISES
B3414,COIR TECH INDIA (P) LTD
B3415,G.G. ORGANICS EXPORTS PRIVATE LIMITED
B3416,DAKSHIN EXPORTS
B3417,SUKUMAR COIR INDIA PVT LTD
B3418,HERCULES LOGISTICS PVT LTD
B3419,GTP ARTEFACTS
B3420,SAI SUBSTRATES PRIVATE LIMITED
B3421,CHRISTY APPARELS
B3422,BIOGROW SUBSTRATES INDIA PRIVATE LIMITED
B3423,FOURRTS  INDIA  LABORATORIES PVT LTD
B3424,ALPINE COILS LLP
B3425,INTERNAATIONAL STONES INDIA PRIVATE LIMITED
B3426,JENNEX GRANITE INDUSTRIES PVT LTD
B3427,ROYAL CLASSIC MILLS PVT LTD
B3428,SUDHARSHAN ENTERPRISES
B3429,Q RICH CREATIONS
B3430,KONE ELEVATOR INDIA PRIVATE LIMITED
B3431,TUBE INVESTMENTS OF INDIA LIMITED
B3432,PHILLIPS FOODS INDIA PRIVATE  LIMITED
B3433,ABS INTERNATIONAL
B3434,PONNI FAB
B3435,AMMU INC
B3436,ARKAY GLENROCK PRIVATE LIMITED
B3437,FAIR N FLAIR GARMENTS
B3438,C.B.TEX
B3439,LOYAL TRADING  COMPANY
B3440,BOYCE AGRO
B3441,SARASWATI UDYOG INDIA LTD
B3442,TIL HELATHCARE PVT LTD
B3443,KODEYALAM STONES
B3444,SHREE SAKTHI EXPORTS AN IMPORTS
B3445,PERIYAR RAJATHI AGENCY
B3446,CAPRICORN FOOD PRODUCTS INDIA LTD
B3447,PENNAR INDUSTRIES LIMITED
B3448,V.P.S.A. PARAMASIVA NADAR & COMPANY
B3449,NOVA CARBONS INDIA PRIVATE LIMITED
B3450,KALIMA COMPANY
B3451,EDHAYAM FROZEN FOODS PRIVATE LIMITED
B3452,GEE GEE KAY PVT LTD
B3453,SAI PADUKA EXPORTS
B3454,A.TOSH & SONS (INDIA) LIMITED
B3455,CHEMPLAST SANMAR LIMITED
B3456,HAMON RESEARCH COTTRELL INDIA PVT LTD
B3457,VENTURE LIGHTING INDIA LTD
B3458,SAI COCOPEAT EXPORT PRIVATE LIMITED
B3459,ECOGREEN CLEANTECH PRIVATE LIMITED
B3460,CATCHER OVERSEAS
B3461,P.P.M. THANGAIAH NADAR
B3462,VIKARS EXPORTS
B3463,RAVE EXPORTS
B3464,BEN LINE AGENCIES INDIA PVT LTD
B3465,GULF INDIA CHEMICALS TRADING & INDUSTRIES
B3466,Sri Gokul International
B3467,Zen Linen International Pvt Ltd
B3468,SMR EXPORTS
B3469,CLASSIC GRANITES
B3470,SIBELCO INDIA MINERALS PRIVATE LIMITED
B3471,Sri Chakra Fashion
B3472,AMULYA SEA FOODS
B3473,AZLON ARTS
B3474,SHREE SAI EXPORTS
B3475,NILA SEA FOODS
B3476,THEVA & CO
B3477,ASHOK GRANITES LIMITED
B3478,SHASHTI CLOTHING MILL
B3479,KG FARMS AND FLAVOURS
B3480,TOCHEUNGLEE STATIONERY MANUFACTURING COMPANY P L
B3481,DOLLAR INDUSTRIES LIMITED
B3482,PRACO TRADE LINKS
B3483,VISNUKUMAR TRADERS PRIVATE LIMITED
B3484,FORESS IMPEX PRIVATE LIMITED
B3485,TURBO ENERGY PRIVATE LIMITED
B3486,SUN ROCK (IMPEX)
B3487,Green India Exports
B3488,RENUGA GRANITE FACTORY
B3489,MRJ EXPORTS
B3490,M.S. TRADELINKS
B3491,CHOLAYIL PRIVATE LIMITED
B3492,TAMILNADU NEWSPRINT AND PAPERS LIMITED
B3493,C AND E LIMITED
B3494,MEGAFOODS PRODUCTS MADRAS PRIVATE LIITED
B3495,Michelin India Pvt Ltd
B3496,OMEGA WELDROD SYSTEMS
B3497,ANISHA EXPORTS
B3498,AJINOMOTO INDIA PVT LTD
B3499,LAKSHMI MACHINE WORKS LIMITED
B3500,INFINITY ENTERPRISES
B3501,DHANU ENTERPRISE
B3502,AL RAAB TRADING EXPORTS & IMPORTS
B3503,PUNDRIKAKSH GRANITES PRIVATE LIMITED
B3504,HARISH COCONUT PRODUCTS PRIVATE LIMITED
B3505,PONNE PRODUCT EXPORTS
B3506,THIRAVIYAMCO CO PRODUCTS
B3507,FAUNA INTERNATIONAL
B3508,SUNTARA COSMETICS PRIVATE LIMITED
B3509,SUMEKA IMPEX PRIVATE LIMITED
B3510,THE STANDARD CHEMICAL COMPANY PRIVATE LIMITED
B3511,HYUNDAI MOTOR INDIA LTD
B3512,SRI VADIVUDAI AMMAN STEEL CO
B3513,SAGAR GRANDHI EXPORTS PRIVATE LIMITED
B3514,ASVINI FISHERIES PRIVATE LIMITED
B3515,MUCH MORE
B3516,GOODWIN PUMPS INDIA PRIVATE LIMITED
B3517,C.P.EXPORTS
B3518,RAJKUMAR IMPEX PRIVATE LIMITED
B3519,SOUTHERN BOREWELLS PVT LTD
B3520,G I ENTERPRISES PRIVATE LIMITED
B3521,AVILAA EXPORTS PRIVATE LIMITED
B3522,SHROFF TEXTILE EXPORTS
B3523,ASHER HOME FASHIONS
B3524,Indian valley foods Private Limited
B3525,CHENNAI INFRA WORKS PRIVATE LIMITED
B3526,THE RAMARAJU SURGICAL COTTON MILLS LIMITED
B3527,SANDHYA SPINNING MILL LIMITED
B3528,HINDUSTAN SPINNERS
B3529,ARJUN PULP AND PAPER (INDIA) PVT LTD
B3530,EMPEROR FOODEX LIMITED
B3531,BLUE LINE GRANITES
B3532,ARUN FABRICATORS
B3533,ASUKA EXPORTS
B3534,Pacific Granites  India  Pvt. Ltd
B3535,BACHI SHOES LIMITED
B3536,AURRUM ENTERPRISES PRIVATE LIMITED
B3537,P.P.AMMAN EXPORTS
B3538,MODERN MATCHES PRIVATE LIMITED
B3539,Eswari Electricals Pvt Ltd
B3540,PONNI FAB KARUR PRIVATE LIMITED
B3541,RAJ SPECIALITY CHEMICALS PRIVATE LIMITED
B3542,SWASTIK ENTERPRISES
B3543,WAH Z STONES PRIVATE LIMITED
B3544,New Karunai Granites
B3545,JVS EXPORT
B3546,SAWIN KNIT WEARS
B3547,HARITA SEATING SYSTEMS LIMITED
B3548,RAR COIR INDUSTRIES
B3549,GOMRAJ FATAICHAND
B3550,KWALITEE FABS
B3551,RAMSIVA TRADERS PRIVATE LIMITED
B3552,NANDINI TRADING
B3553,GLOBAL POLYBAGS INDUSTRIES  P  LTD
B3554,SHILOH INDUSTRIES PRIVATE LIMITED
B3555,Classic Linens International Private Limited
B3556,AMMAN GRANITES
B3557,Lumiere Trading LLP
B3558,ABC FRUITS
B3559,OSCAR LIFESTYLE (P) LTD
B3560,YAASH TRADERS
B3561,TTK PRESTIGE LIMITED
B3562,VINOTH FABRIC
B3563,RAJAPALAYAM MILLS LIMITED
B3564,NATURAL COIR INDUSTRIES
B3565,THE SCIENTIFIC FERTILISER CO. PRIVATE LTD.
B3566,KIRAN GLOBAL CHEMS LIMITED
B3567,HANUMAN KNIT FASHION
B3568,NEOPHYLL AGRISCIENCES PVT.LTD
B3569,JENIRICH AGRO PRODUCTS PVT LTD
B3570,NEXUS IMPEX
B3571,AGS ALUMINIUM ALLOY PVT LTD
B3572,P.SUBBARAJ & CO
B3573,VRKSH MARKETING LLP
B3574,SHANSCO PACKAGING
B3575,RAINBOW INTERNATIONAL
B3576,AGRO SPICE INDIA PRIVATE LIMITED
B3577,LEVANTINA NATURAL STONE INDIA PRIVATE LTD
B3578,CRESCENT ENTERPRISES
B3579,Nandyala Satyanarayana
B3580,SRI ANNAMALAIYAR MATCH WORKS PVT.LTD.
B3581,VS INTERNATIONAL
B3582,DIAMOND ENGINEERING  CHENNAI  PVT LTD
B3583,Pleasant International
B3584,ASIXA ENTERPRISES
B3585,Jay Jay Mills  India  Pvt. Ltd
B3586,ANABOND LIMITED
B3587,Portmans Enterprises
B3588,SRI SARAVANA ENTERPRISES
B3589,POLYHOSE INDIA RUBBER PRIVATE LIMIYED
B3590,PAS PETRO PRODUCT
B3591,ZAINAB LEATHER EXPORTS
B3592,CLARESTA
B3593,MACHINERIES AND ANCILLARIES
B3594,ACCUMETRIC SILICONES PRIVATE LIMITED
B3595,T.K.S.A.P TRADELINKS
B3596,POWERMAX TYRE
B3597,PARVEEN PREMIUM PRODUCTS PRIVATE LIMITED
B3598,SIDDHARTHA LOGISTICS FTWZ PRIVATE LIMITED
B3599,LIPI MARKETING PVT LTD
B3600,UNILINK PHARMA PRIVATE LIMITED
B3601,Ferromet Marketing Company Private Limited
B3602,KRV FOOD PACKERS PRIVATE LIMITED
B3603,ASTER COMFORT DESIGNS PVT. LTD
B3604,Dignity Innovations
B3605,SHANSCO MULTI PACK PVT LTD
B3606,COSMO GRANITES PVT LTD
B3607,FINE PAPER SOURCE PRIVATE LIMITED
B3608,GARDEN VALLEY EXPORT CORPORATION
B3609,DHANDAPANI STEEL PVT LTD
B3610,SEEDS AGRO PRODUCTS AND SERVICES PRIVATE LIMITED
B3611,INCENSE INTERNATIONAL
B3612,STEEL STRIPS WHEELS LTD
B3613,STAR INDUSTRIES
B3614,Glofil Fibres & Plastics
B3615,PARA ENTERPRISES PVT.LTD
B3616,TAGROS CHEMICALS INDIA PRIVATE LIMITED
B3617,Pooja Graphics
B3618,LARSEN & TOUBRO LTD
B3619,FORTUNE TRADES
B3620,K SQUARE GLOBAL LOGISTICS PRIVATE LIMITED
B3621,VIJAYALAKSHMI TRADERS
B3622,BAPUJI SURGICALS
B3623,UNICONE
B3624,Chettinad cement corporation private limited
B3625,DINAMALAR
B3626,NEOSOUTH STONES
B3627,MILLION PAPIER PRIVATE LIMITED
B3628,KARMA INTERNATIONAL
B3629,NEW DAWN IMPEX  I  PVT LTD
B3630,NEXUS ELECTRO STEEL LIMITED
B3631,MIL INDUSTRIES LIMITED
B3632,JUPITER CHEMICALS
B3633,LONESTAAR COIR PRODUCTS
B3634,BELLA PREMIER HAPPY HYGIENECARE PVT LTD
B3635,KARTHIK EXPORTS
B3636,RC GOLDEN GRANITES PVT LTD
B3637,FAREEDA EXPORTS
B3638,Minerva Integrated Logistics Pvt Ltd
B3639,UNITED COOLING SYSTEMS PRIVATE LIMITED
B3640,BHABAA EXPORTS
B3641,GANGES INTERNATIONAL PRIVATE LIMITED
B3642,NACHIAR HEALTHCARE FABRICS  PRIVATE  LIMITED
B3643,HAROLD INDUSTRIES PRIVATE LIMITED
B3644,OMVISHKAR EXPORTS
B3645,KORA SHOES PRIVATE LIMITED
B3646,VIGNESH AGRI EXPORTS
B3647,ROCKFORT INTERNATIONAL
B3648,WHITE HOUSE
B3649,BABPU ASSOCIATES
B3650,VASHINI EXPORTS
B3651,MAXICAN EXPORT
B3652,tripal international
B3653,GRANROCK TILES PRIVATE LIMITED
B3654,KRG TEXTILE MILLS
B3655,APA ENGINEERING PVT LTD
B3656,RIYAS EXPORTS
B3657,CHOUDHARY LEATHER CREATIONS-CHENNAI
B3658,INDECA SPORTING GOODS PRIVATE LIMITED
B3659,NEERAJ GRANITES
B3660,UBITECH PVT LTD
B3661,PMP Iron and Steels India Ltd
B3662,SS FRUITS INTERNATIONAL PRIVATE LIMITED
B3663,BLUE MOUNT TEXTILES
B3664,SSD INTERNATIONAL
B3665,IMAC ALLOY CASTING PVT LTD
B3666,PRARA LEATHERS PVT LTD
B3667,Greenline Exports
B3668,SUMIKA POLYMER COMPOUNDS  INDIA  PVT LTD
B3669,SRIVATSA ENTERPRISES
B3670,BGN TRADING PRIVATE LIMITED
B3671,WINTEC INTERNATIONAL
B3672,Taurus Food Exports
B3673,CRS AGARBATHIES PRIVATE LIMITED
B3674,JESSIE IMPEX
B3675,PRO EXPORTS
B3676,Jupiter Exports
B3677,K.I.INTERNATIONAL LIMITED
B3678,KOMATSU INDIA PVT LTD
B3679,NAGAPPA EXPORTS
B3680,VIJEY EXPORTERS
B3681,ANUSUYA EXPORTS
B3682,PROMEDIA TRADING PRIVATE LIMITED
B3683,SHREE IMPEX
B3684,GUPTA & SONS
B3685,FIT APPAREL
B3686,THG PUBLISHING PVT.LTD
B3687,EXCEL VINYL COATINGS  P  LTD
B3688,VISHAL SURGICAL EQUIPMENT CO PVT LTD
B3689,SURYA PELLE CHEMICAL & MOULD PVT LTD
B3690,HARMONY MUSICAL INSTRUMENTS  MADRAS  PRIVATE LTD
B3691,BARAKAH TRADERS
B3692,AMERICAN ORTHO TECH PVT LTD
B3693,OLIVA CARE
B3694,ASONS ENTERPRISE
B3695,SABARI EXPORT
B3696,PALLAVA GRANITE INDUSTRIES  INDIA  PVT LTD
B3697,Varalakshmi Starch Industries Private Limited
B3698,K.R.TRADING COMPANY
B3699,COMMTRADE METALS
B3700,SBS PAPER RECYCLING PVT LTD
B3701,OCHERA TRADING COMPANY
B3702,CETEX PETROCHEMICALS LTD.
B3703,NATURAL ENTERPRISES
B3704,SEVERN GLOCON INDIA PRIVATE LIMITED
B3705,KAIZEN COLD FORMED STEEL PVT LTD
B3706,Vector Hydraulics Private Limited
B3707,DIVIIJ TRADERS
B3708,SRI AKILA CASTINGS
B3709,H. BILAL & CO.
B3710,FINE SPIRITS PRIVATE LIMITED
B3711,MADHACOPIERS
B3712,Sree Sastha Leathers
B3713,SIVASAKTHI EXPORTS
B3714,JSHREE IMPEX
B3715,KWIK PATCH LIMITED
B3716,NUTRIFLAVOURS PRIVATE LIMITED
B3717,Sunrise Marketing
B3718,ECO PELLI
B3719,LMD ELECTRICAL & ENGINEERING WORKS
B3720,HINDUSTHAN ANIMAL CARE PVT.LTD.
B3721,VETRIVEL TRADING CO
B3722,PREMIER FINE LINENS PVT LIMITED
B3723,A STAR SIGN FACTORY
B3724,LITTLE FEET INC
B3725,KRISHIVRAM LOGISTICS PVT LTD
B3726,Black Dots Inks and Toners Private Limited
B3727,ARCHER IMPEX
B3728,KRISHNAA TEX
B3729,catherines aurore childrens happy home trust
B3730,K G DENIM LIMITED
B3731,Mahbubani Exports
B3732,Sears Natural Stone India
B3733,PIONEER COLDSTORE & CLADDING PVT LTD
B3734,YANTRA FINTECH  INDIA  LIMITED
B3735,Embarkation Headquarters  Chennai
B3736,LEMON INTERNATIONAL
B3737,CHRYSO INDIA PRIVATE LIMITED
B3738,JNMCLETH IMPORTS & EXPORTS
B3739,FENNER CONVEYOR BELTING PRIVATE LIMITED
B3740,TECHNO BLOW MOULDERS PVT LTD
B3741,HILLSTONE GRANITES PRIVATE LIMITED
B3742,AMARA RAJA BATTERIES LIMITED
B3743,AVN LEATHER TECHNIQUE
B3744,A.S.K. APPARELS
B3745,SPRING VALLEY OVERSEAS
B3746,K H EXPORTS INDIA PRIVATE LIMITED
B3747,DONTEX
B3748,SUNDARAM INDUSTRIES LIMITED
B3749,AUTOTECH INDUSTRIES INDIA PVT LTD
B3750,PRADEEP STAINLESS STEEL INDIA PVT LTD
B3751,GT INDIA PRIVATE LIMITED
B3752,LOM SUPPLY CHAIN INDIA PVT LTD
B3753,Brakes India Private Limited
B3754,Helios and Company
B3755,SEDAXIS ADVANCED MATERIALS PVT LTD
B3756,LIBERTY MATCH COMPANY PRIVATE LIMITED
B3757,M.S. ENTERPRISES
B3758,SUNFOOD CORPORATION
B3759,SURIDENT
B3760,INDIAN CHILLIES PRODUCTS COMPANY LIMITED
B3761,"7Q INDUSTRIES PVT LTD"
B3762,CY MYUTEC ANAND PRIVATE LIMITED
B3763,A.D.JEYAVEERAPANDIA NADAR & BROS. NAGAPATTINAM
B3764,PANASONIC CARBON INDIA CO LIMITED
B3765,ROOTS MULTICLEAN LTD
B3766,NEON INTERNATIONAL TRADERS
B3767,BEST CORPORATION PRIVATE LIMITED
B3768,LOTUS COMMODITIES
B3769,RAMA ENTERPRISES
B3770,Afchem Distribution India Private Limited
B3771,INDIRA ALUMINIUM
B3772,HONEY AQUA SEA FOODS
B3773,Sai Siena Metals Pvt Ltd
B3774,SRI VARADARAJA FOOD EXPORTS PVT LTD.
B3775,LAKSHMI FEED MILL
B3776,MAA IMPEX
B3777,Jayachandra Bearings India Pvt Ltd
B3778,RAJ FOOD EXPRESS
B3779,QUANTUM DRUGS & CHEMICALS
B3780,INDUS LIFE SCIENCES PVT LTD
B3781,MART ENTERPRISES
B3782,MAKANI STEELS
B3783,RAM NATH AND CO PVT LTD
B3784,MADRAS SECURITY PRINTERS PRIVATE LIMITED
B3785,PRINTECH CONNECTORS
B3786,SAINATH TRADERS
B3787,AXLES INDIA LTD
B3788,MAX CHENILLE EMBROIDERY
B3789,FUTAN LEATHERS
B3790,SPARKTEK LIGHT CO LLP
B3791,DYNAMIC CHEMICAL
B3792,MARZOLI TEXTILE MACHINERY MFG PVT.LTD
B3793,ENNOR MUDS & CHEMICALS
B3794,KASIM TEXTILE MILLS  P  LTD
B3795,D.M SOURCE EXIM
B3796,BHARAT HEAVY ELECTRICALS LTD
B3797,M M FORGINGS LIMITED
B3798,SURYADEV ALLOYS AND POWER PVT LTD
B3799,SAM GYPSUM PRIVATE LIMITED
B3800,ALPHA LEATHER PRODUCTS
B3801,INTERSOL PROJECTS CHENNAI PVT LTD
B3802,KEERTHI PUMPS
B3803,LAKSHMI WEAVING MILLS
B3804,S.K. LEATHER CORPORATION
B3805,FUSO GLASS INDIA PVT LTD
B3806,MAINETTI INDIA PVT LTD
B3807,SKYLARK OFFICE MACHINES
B3808,SRIRAM ENTERPRISES
B3809,Golden Rock Granites Pvt Ltd
B3810,Sri Shanmugavel Mills Private Limited
B3811,RISHABH TRIEXIM LLP
B3812,CEETEE INTERNATIONAL
B3813,NATURAL PRODUCTS EXPORT CORPORATION LTD
B3814,SHARP BUSINESS SYSTEMS  INDIA  PRIVATE LIMITED
B3815,HARI OM GRANITES
B3816,PELICAN INDIA LTD
B3817,FORMULATED POLYMERS LIMITED
B3818,Shatal Engineering India Private Limited
B3819,SKYWALK SHOE INDUSTRIES
B3820,HATSUN AGRO PRODUCT LIMITED
B3821,SENTHAMARAI MARBLES AND GRANITES PVT LTD
B3822,SUPER SPINNING MILLS LIMITED
B3823,SHALIMAR TANNING COMPANY
B3824,SRI PRIYA GRAPHICS
B3825,KUMARAN EXPORTS
B3826,ALLIED ENGINEERING PRODUCT
B3827,ZYFI INTERNATIONAL
B3828,EVOLV CLOTHING COMPANY PVT LTD
B3829,J.R.METAL CHENNAI LTD
B3830,FARIDA SHOES PVT. LTD.
B3831,TIKOSAA EXIMP
B3832,WHEELS INDIA LIMITED
B3833,ARROW SHOES
B3834,FLAMA GAS INDIA PRIVATE LIMITED
B3835,DHL LOGISTICS PVT LTD - FTZ  INCJJ6
B3836,Anugraha Valve Castings Limited
B3837,SKN INTERNATIONAL
B3838,AIRMAX FOOTWEAR
B3839,MRF LTD
B3840,KRIYA DESIGN TECHNOLOGIES PVT LTD
B3841,FLOAT GLASS CENTRE
B3842,SSV IMPEX
B3843,GHANI RASHEED AND CO
B3844,GEM INTERNATIONAL.
B3845,ETA Engineering Private Limited
B3846,NATIONAL POLYPLAST  INDIA  LIMITED
B3847,SNS REFRACTORIES
B3848,SREEDHARA TEXTILES PRIVATE LIMITED
B3849,MRP ENTERPRISES
B3850,SHARAL PULP & BOARDS
B3851,SIVANANDHA PIPE FITTINGS LIMITED
B3852,R.K.IMPEX HOUSE
B3853,SOUTH INDIA BELTINGS
B3854,SRI KRISHNA CHEMICAL INDUSTRIES
B3855,VEE BEE YEM ENTERPRISES
B3856,INDIA SHOES EXPORTS PVT LTD
B3857,ECO COIR PRODUCTS
B3858,HN IMPORTS & EXPORTS
B3859,DHANA IMPEX
B3860,MICRO COLOUR MAKERS
B3861,India Japan Lighting Pvt Ltd.
B3862,TRIVENI CHEM TRADE
B3863,HENSEL ELECTRIC INDIA PVT LTD
B3864,MARUTHI & CO
B3865,SRI KARTHIK VENTURES
B3866,Container Oriented Services
B3867,CHANLONG MANUFACTURING & TRADING PVT LTD
B3868,bawa surgicals
B3869,"""RORITO INTERNATIONAL PVT LTD""."
B3870,SUNDARAM AUTO COMPONENTS LTD
B3871,CRYSTAL CHEM PLAST
B3872,J V TAPES
B3873,SSK FRESH FRUIT PVT LTD
B3874,DP. Enterprises
B3875,SRI AMIRTHAVARSHINI FURNITURE WORKS
B3876,NIVA TRADERS
B3877,UNITED ENTERPRISES
B3878,COASTAL ENERGEN PVT LTD
B3879,JKEARTHING ELECTRODES PVT LTD
B3880,KINGFA SCIENCE & TECHNOLOGY  INDIA  LIMITED
B3881,C R GARMENTS
B3882,Senthil Timber Traders
B3883,ARKAY AGRI IMPEX PRIVATE LIMITED
B3884,LANXESS INDIA PVT LTD
B3885,INTRACHEM COMPANY
B3886,BRIGHT GLOBAL EXPORTS
B3887,Nextzen Marble Private Limited
B3888,NAKODA IMPEX
B3889,MASID PRODUCTS
B3890,LEATHER LAND TRADING COMPANY
B3891,STAR NOVELTY
B3892,J K UNIVERSAL LOGISTICS
B3893,ANS EXPORTS.
B3894,HSV INDUSTRIES
B3895,BESTPATCH RUBBER
B3896,RAJARAJESWARI KRAFTS PRIVATE LIMITED
B3897,SSS GLOBAL
B3898,PK VADUVAMMAL
B3899,MASCHMEIJER AROMATICS INDIA PVT LTD
B3900,PIONEER OVERSEAS PRIVATE LIMITED
B3901,ARASAN STONES PRIVATE LIMITED
B3902,BALAKUMAR SHIPPING AND CLEARING AGENCY P LTD
B3903,EXCELLENT PROCESS
B3904,FNF & CO
B3905,VICKY BRUSH COMPANY
B3906,SRI RAGHAVENDRA FAB
B3907,FRQ BRO PRIVATE LIMITED
B3908,FOWMI INVENTIONS OPC PVT LTD
B3909,neminath wood industry pvt ltd
B3910,ASOK SPARKLERS FACTORY
B3911,GKB EXPORTS
B3912,INDUSTRIAL MINERALS AND REFRACTORIES
B3913,FERROSCO INDUSTRIES PVT LTD
B3914,FIRST CHOICE INTERNATIONAL
B3915,SKY IMPEX
B3916,AAMS AND CO
B3917,GAYATRI AGENCY
B3918,POWERMAX RUBBER FACTORY
B3919,APPOLO PACKAGING PRIVATE LIMITED
B3920,JUPITER ENTERPRISES
B3921,NAVAKAR IMPEX PVT LTD
B3922,SHREE BALAJEE MAGNESITE
B3923,KABI COIR EXPORTS
B3924,UNITED CHEM
B3925,HI TECH STARCHES
B3926,Oil and Natural Gas Corporation Limited
B3927,MAGNUM CHOCOLATIER
B3928,Varicon Pumps & Systems Private Limited
B3929,JKM EXPORTT
B3930,SAI BALAJI FANCY STORE
B3931,KPG TEX
B3932,YANMAR COROMANDEL AGRISOLUTIONS PRIVATE LIMITED
B3933,REFEX INDUSTRIES LIMITED
B3934,CHIDAMBARAM FIREWORKS FACTORY
B3935,MOTHERLAND TEXTILE INDIA PRIVATE LIMITED
B3936,BARATH COTTON MILLS
B3937,SANJIVANI NON FERROUS TRADING PVT LTD
B3938,EASTMAN SPINNING MILLS  PRIVATE LIMITED
B3939,OVERSEAS LEATHERS
B3940,SPAC STARCH PRODUCTS INDIA LIMITED
B3941,HITECH OVERSEAS
B3942,PHOENIX INTERNATIONAL
B3943,IMCO DISTRUBUTORS PVT LTD
B3944,RANE MADRAS LIMITED
B3945,ADROIT GRANITES
B3946,HONFOOYO AUTOMOTIVE SERVICES PVT LIMITED
B3947,YESESDE MATCH COMPANY  P  LTD
B3948,KADRI WOVENS
B3949,DCW LIMITED
B3950,ELITE SCREENS INDIA PVT LTD
B3951,EXPRESS PUBLICATIONS  MADURAI  LIMITED
B3952,SUJAATHA EXIM IMPEX
B3953,I FREIGHT SOLUTIONS
B3954,A BLUEHILL GRANITES INDIA PVT LTD
B3955,S R K TRADERS
B3956,PSK EXPORTS
B3957,VIKRANT CLOTHING COMPANY
B3958,P.I.P POLYMERS PVT LTD
B3959,Salem Stainless Steel Suppliers Pvt Ltd
B3960,SRI VINAYAGA TIMBER & WOOD WORKS
B3961,GEORGE MAIJO INDUSTRIES PVT LTD
B3962,LS MILLS LIMITED
B3963,RAR COIR PRODUCTS
B3964,AAPT DISTRIBUTION PVT.LTD.
B3965,J K ENTERPRISES
B3966,DRY-AIR TECHNOLOGIES
B3967,Ramesh Flowers Private Limited
B3968,GUGAN TRADINGS
B3969,MARUTHI DYE CHEM
B3970,ASIATIC TRADING COMPANY
B3971,LEDERCHEM P LTD
B3972,STONE GLOBAL LLP
B3973,UNBLOCK INDIA PVT LTD
B3974,VALEO FRICTION MATERIALS INDIA PVT LTD
B3975,ANABOND HS BUTYL PRIVATE LTD
B3976,PROGRESSIVE INDUSTRIES
B3977,SMK INTERNATIONAL
B3978,ASWIN GRANITES
B3979,NICHIYU FORKLIFTS INDIA PVT LTD
B3980,AGARWAL BEARINGS
B3981,PSI STONES PVT LTD
B3982,JUPITER PAPER TRADING COMPANY PVT LTD
B3983,ENTERPRISING ENTERPRISES
B3984,SAKKTHI POLYMERS
B3985,VENU ENGINEERING SERVICES PRIVATE LIMITED
B3986,ARASABABU ASSOCIATES
B3987,KESHARINANADAN KNIT FABRICS PVT LTD
B3988,BHARATH IMPEX
B3989,MANU ENGINEERS
B3990,ABI FURN
B3991,ARUL KUMARAN TEXTILES
B3992,M N IMPEX
B3993,NADI AIRTECHNICS PVT LTD
B3994,Taoka Chemical India Private Limited
B3995,SREE BALAJEE ENTERPRISES
B3996,SHAMBHALA
B3997,ATTAR MOHAMED DAWOOD & COMPANY
B3998,SRI RAGAVENDRA MINERALS
B3999,TARUN CHEMICAL INDUSTRIES
B4000,GEMINI & CO
B4001,Xmold Polymers Private Limited
B4002,FORTUNE INTERNATIONAL
B4003,TKL KNITS INDIA PVT LTD
B4004,Chennai Chess Products
B4005,MAS FRUITS MUNDY
B4006,RANEMARG FLAVOURS & FRAGRANCES P LTD
B4007,SRI VARADARAJA FOOD EXPORTS PVT LTD
B4008,KAYEM EXIM PRIVATE LIMITED
B4009,SHANTHI CASTING WORKS
B4010,SOUTH INDIA TANNERS & DEALERS ASSOCIATION
B4011,PH HYDRAULICS AND PNEUMATICS
B4012,RAJKUMAR CASHEW INDIA PVT LTD
B4013,DOLBIS GRANITE EXPORTS PVT LTD
B4014,SARVESWARA MILLS INDIA PVT LTD
B4015,Spring Inc
B4016,BUILDCRAFT INTERIOR PVT LTD
B4017,PENTAGON Machines and Services Private Limited
B4018,YAP TRADING PRIVATE LIMITED
B4019,METAL AND SCRAP TRADERS PVT LTD
B4020,A.J.ENTERPRISES
B4021,DEEJAY POLYMERS  P  LTD
B4022,PRIYA IMPEX
B4023,ST IMPEX
B4024,INDUSTRIAS DEL RECAMBIO
B4025,TEAM COMMOTRADE INDIA P LTD
B4026,FLOWCRETE INDIA PVT LTD
B4027,MOHIB SHOES PVT LTD
B4028,CRAFTSMAN AUTOMATION LTD
B4029,Pairan Pyrolysis Pvt Ltd
B4030,MAGRA EXPORTS
B4031,AKD IMPORTS & EXPORT
B4032,ALPA INTERNATIONAL PVT. LTD
B4033,PREM EXIM
B4034,JINDAL FIBRES PVT LTD
B4035,CHIDAMBARAM FISHNETS PVT LTD
B4036,Gautam Dyes and Chemicals Inc.
B4037,NFA INTERNATIONAL
B4038,VESTAL IMPEX
B4039,SIVAN INDUSTRIAL ENGINEERING
B4040,K.P. MANISH INGREDIENTS PVT. LTD.
B4041,SHREE KUMARASWAMY POLYCHEM
B4042,INZI Controls India Limited
B4043,YESEM MARKETING
B4044,KALPANA TIMBER DEPOT
B4045,U SQUARE
B4046,S JAYAVELEXIM
B4047,AGP Passive Fire Safety Private Limited
B4048,DY Auto India Pvt Ltd
B4049,AGRO CROPS EXIM LIMITED
B4050,A. CHANDRA NADAR & SONS
B4051,PS INDUSTRIAL SALES
B4052,INNOVATIVE HEALTH CARE INDAI PVT LTD
B4053,GREENWAY EXPORT
B4054,SRINIDHI FOODS
B4055,MAGNA PLASTERS
B4056,VIRGO POLYMER INDIA LTD
B4057,RAJENDRASURIJI IMPEX
B4058,ADESHWARA CHEMICALS
B4059,S  N H IMPEX
B4060,ART IMPEX MARKETING
B4061,FCS FLUORO CARBON SEALS PRIVATE LIMITED
B4062,R.V WEAVING MILL
B4063,WIN AGENCIES
B4064,TPI COMPOSITES INDIA PVT LTD
B4065,EXCELLENT EXPORTERS
B4066,HEAVEN BLANC ENERGY PRIVATE LIMITED
B4067,CARBOLINE INDIA PRIVATE LIMITED
B4068,HYDROMET INDIA LTD
B4069,FORTUNNE WINDOW DESIGNS
B4070,KAILASH AND COMPANY
B4071,Sri Murugan Industries
B4072,CLASSY LEATHER COMPANY
B4073,SHOBIKAA IMPEX PVT LTD
B4074,Delta Biopharma Private Limited
B4075,Emperor Enterprises
B4076,R.M.NETRA EXIM
B4077,SUNDARAM TEXTILES
B4078,SHREE AMMAN AGENCIES
B4079,SHIV SHANKAR HARDWARE AND TOOLS
B4080,Sri Bhagavathi offset works
B4081,FEDERAL LOGISTICS
B4082,SWOP ENGINEERING PVT LTD
B4083,KR ASSOCIATES
B4084,BAGRECHA ENTERPRISES LIMITED
B4085,RANJITH AGRO FOODS
B4086,PSG & SONS CHARITIES
B4087,INTEGRATED PROJECT LOGISTICS PVT LTD
B4088,SUNSHINE ENTERPRISE
B4089,THE MADRAS PHARMACEUTICALS
B4090,ELANZA EXPORT PRIVATE LIMITED
B4091,ADARSH GLOBE ENTERPRISE
B4092,Venuss Herbo Aromatics Private Limited
B4093,SABLI IMPEX TRADERS
B4094,MACK MACHINE PRODUCTS PVT LTD
B4095,KARMA EXPORTS
B4096,AARZED SHOES
B4097,Jeppiaar Furnace & Steels Pvt Ltd
B4098,CENTURY MATCH WORKS
B4099,GALVALU GALAXY
B4100,SUGA COCO SUBSTRATES INC
B4101,Cotmac Industrial Trading Pvt.Ltd.
B4102,SEAIRLAND EXPORTS
B4103,C.R.INDUSTRIAL MINERALS
B4104,SREE CHAKRA ENTERPRISES
B4105,SRI BANNARI AMMAN NON WOVENS
B4106,PIXAGONS DIGITAL PRIVATE LIMITED
B4107,MODERN STEEL INDUSTRIES
B4108,SUPERFIL PRODUCTS PRIVATE LIMITED
B4109,JASMINE CONCRETE EXPORTS PRIVATE LIMITED
B4110,SUKH SAGAR ENTERPRISES
B4111,BGR ENERGY SYSTEMS LTD
B4112,S.A.LOGISTICS
B4113,Nubiola India Pvt Ltd
B4114,ESTHELL RUBBERS
B4115,MAC EXIMS
B4116,SP PIPE PRIVATE LIMITED
B4117,Global Trader
B4118,ADINATH HARDWARES
B4119,ROOF SENSE
B4120,PRIME YARNS.
B4121,RAITAN PRIVATE LIMITED
B4122,Sri Senthil Saw Mills
B4123,MALVIKA ENTERPRISES
B4124,SAMUDRA PUMPS INDIA PRIVATE LIMITED
B4125,Millennium Papierss
B4126,SRIVI EXPORTS &IMPORTS PVT LTD
B4127,FARWOOD INDUSTRIES LIMITED
B4128,Volvo Auto India Pvt Ltd
B4129,Subam Papers Private Limited
B4130,SRI GOMUKI TEX CHEM PRIVATE LIMITED
B4131,Venkraft paper mills pvt ltd
B4132,HAFEEZ LEATHERS
B4133,Irrigation Products International Private Limited
B4134,FOGO INDUSTRIES
B4135,AMBIKA COTTON MILLS LIMITED
B4136,PSG COIR PRODUCTS
B4137,SIVANTHI JOE SUBSTRATES P. LTD
B4138,INDUSCHEMIE EXPORTS PRIVATE LIMITED
B4139,Dharsini Exports
B4140,SRIRAAM CHEMICALS PRIVATE LIMITED
B4141,PUSHKAR INSULATION & PACKING PVT LTD
B4142,B.M. INSULATIONS PRIVATE LIMITED
B4143,R.K. POLYMERS
B4144,SHAFEEQ SHAMEEL & CO
B4145,SEA PRINCESS LOGISTICS
B4146,A.M IMPEX
B4147,MAHA AGRICULTURE PRODUCTS PVT LTD
B4148,ALPHA SM LOGISTICS
B4149,GOLDEN AGRO FOODS
B4150,GRS CHEMI SERVICES
B4151,MOHAN MUTHA EXPORTS PVT LTD
B4152,GREENVALLEY AGRO GRAIN PRIVATE LIMITED
B4153,Euro Shoe Components Ltd
B4154,G.ABDUL RAHMAN AND CO
B4155,SAKTHI RUBBER PRODUCTS
B4156,SRI SWASTIK INDUSTRIES
B4157,METAFERALLOYS LLP
B4158,SAIYASIKA BIOCHEM
B4159,NAAGU LEATHERS
B4160,RAINBOW TEXTILES.
B4161,SRI THAMEEN MINES AND MINERALS PRIVATE LIMITED
B4162,FASHION TRENDS EXIM
B4163,MK GARMENTS
B4164,CMR-TOYOTSU ALUMINIUM INDIA PVT LTD
B4165,VASANTHI EXIM PRIVATE LIMITED
B4166,BAHUBALI ALLOYS AND METAL PVT LTD
B4167,EICKHOFF WIND ASIA PRIVATE LIMITED
B4168,SKYFALCON MINERALS AND CHEMICALS PRIVATE LIMITED
B4169,REAL FUEL TECH PRIVATE LIMITED
B4170,INFRA ENGINEERS INDIA
B4171,THARANI CHARCOALS
B4172,NOAH ENTERPRISES
B4173,Sree Aalaya
B4174,Just Connect Electricals pvt ltd
B4175,JAGDAMBA BEARINGS
B4176,VIHAA OVERSEAS INC
B4177,ANJANA APPARELS
B4178,GLOBUS AQUA TECH
B4179,Padmashri Brush World
B4180,Yash Metal & Alloys.
B4181,PRIYADHARSINI TRADERS
B4182,MANALI PETROCHEMICALS LTD
B4183,AXA LEATHER GROUP
B4184,KWALITY PRODUCTS
B4185,GOWRI MANOHARI
B4186,INDIMICA IMPEX PVT LTD
B4187,SPECIALITY PAPER & BOARDS PVT LTD
B4188,PRAKASH INTERNATIONAL
B4189,SKY CARE EXIMS
B4190,Timac Agro India Pvt Ltd
B4191,Hi-Tech Arai Private Limited
B4192,SALONA COTSPIN LIMITED
B4193,OCEAN TRADERS
B4194,Suryaans Paper
B4195,FENNEL AGRO EXPORTS
B4196,PAS NUTRITION
B4197,NOVA MINCHEM
B4198,KBH ENTERPRISES PRIVATE LIMITED
B4199,WINSTAR MARKETINNG INDIA PVT LTD
B4200,TPI COMPOSITES INDIA LLP
B4201,AVR TRADINGS
B4202,PARVATHI DYEING
B4203,ARCHANAS TRADERSS
B4204,SERVEINDIAMINISTRIES
B4205,P I POLYMERS
B4206,PRIME ROADS
B4207,SRINALA LEATHERS INDIA PVT LTD
B4208,BETHEL GRAPHICS
B4209,Jayachandran Alloys Pvt Ltd
B4210,chindia trading
B4211,ELBITEC INNOVATIONS LTD
B4212,ESHVARI ENTERPRISES
B4213,METEXIM SOURCING PRIVATE LIMITED
B4214,TAMILNAD DYES & CHEMICALS
B4215,Kaiser International Exports
B4216,AISH EXPORTS
B4217,RAGHAV GRANITES
B4218,INDIAN TROPICAL AGRO PRODUCTS PVT LTD
B4219,CELEBRITY FASHIONS LIMITED
B4220,APPLEKART
B4221,MARJAN INDUSTRIAL GASKET COMPANY
B4222,Fancy Clothing Company
B4223,Magickwoods Exports Pvt Ltd
B4224,GALAXY GLASS PRODUCT PVT LTD
B4225,TEXMO PRECISION CASTINGS
B4226,Gillette Diversified Operations Private Limited
B4227,IMPEXX INTERNATIONAL
B4228,INVENTAA LED LIGHTS PRIVATE LIMITED
B4229,MAHAVEER INTERNATIONALS
B4230,VV MARINE PRODUCTS
B4231,SELVAM MARINE NETS
B4232,SAFG RESOURCES PVT LTD
B4233,GLOBAL SIGNS INDUSTRIES
B4234,BOX OFFICE LOGISTIC PRIVATE LIMITED
B4235,SRI ARUMUGAM TEX
B4236,CLASSIC WELDING PRODUCTS PVT LTD
B4237,SUMKESH TRADING PVT LTD
B4238,THAI STONE EXPORTS
B4239,MANICK INTERNATIONAL
B4240,TULIP NILGIRIS EXPORTS PRIVATE LIMITED
B4241,SYNERGISTIX INDIA PVT LTD
B4242,ORCCON TRANS
B4243,SRI SHUNMUGA TRADERS
B4244,Powerpoint Marketing Services Private Limited
B4245,R.V. IMPEX
B4246,Greatoo  India  Private Limited
B4247,BBK SHOES
B4248,ROSHINI IMPEX
B4249,Caspian Worldwide Traders  P  Ltd
B4250,PolyVine Impex
B4251,SREE BALAJI ENTERPRISES
B4252,INDIA BIBLE LITERATURE
B4253,CARNATION CREATIONS PVT LTD
B4254,TECROO
B4255,VANDANA CHEMICALS
B4256,TEXT MART
B4257,V P GOLDEN INDUSTRIES
B4258,SANSRI LEATHERS
B4259,R V INTERNATIONAL
B4260,AMBE EXPORT
B4261,ANNAMALAI EXM
B4262,BYD India Private Limited
B4263,BESMAK COMPONENTS PVT LTD
B4264,KUBRHA INTERNATIONAL
B4265,SHREE BALAJI ENTERPRISES..
B4266,Rehoboth Graphics
B4267,RUDRAM
B4268,ps enterprises
B4269,SUGA COCO PRODUCTS PRIVATE LIMITED
B4270,CATCHY FOODS PVT LTD
B4271,DSK InnoSciences Pvt Ltd
B4272,NIZAM MATCHES PRIVATE LIMITED
B4273,DEEPAK PADMAN IMPEX PRIVATE LIMITED
B4274,GALUKU EXPORTS INDIA PVT LTD
B4275,R.R. EXPORTS
B4276,Ford India P Ltd.
B4277,SRI ALAGAR INDUSTRIES
B4278,SHANTI CHEMICALS
B4279,MEENAKSHI MINERALS & METALS
B4280,N.M.ZACKRIAH & CO
B4281,UNIQUE MARKETING
B4282,JAYACO
B4283,SRI SAI TRADERS
B4284,Technology Frontiers India Private Limited
B4285,SOUTHERN ROYAL ENTERPRISES
B4286,AGASTHIYAA GRANITE PRIVATE LIMITED
B4287,NEW ERA TRADERS
B4288,PA FOOTWEAR PVT LTD
B4289,TUBE INVESTMENTS OF INDIA LTD
B4290,CHEM INDIA
B4291,ARUDRA TRADERS
B4292,CHINNU JAYA EXPORTS
B4293,FUTURELOG INDIA PRIVATE LIMITED
B4294,BLISS SHOES
B4295,GIO EXIM AND LOGISTICS PVT LTD
B4296,TOP PEARL EXIM PRIVATE LIMITED
B4297,GENERAL ENTERPRISES
B4298,FAZAL EXIM AND LOGISTICS
B4299,RAJEWARI WOVENS
B4300,KALAIMAGAL PAPER STORES
B4301,KAVITHA PIPE PVT LTD
B4302,IWL INDIA LTD
B4303,PSR POWER CONTROLS PVT. LTD
B4304,NILA EXPORTS
B4305,ASHOK TRADING COMPANY
B4306,MSZ LOGISTICS PVT LTD
B4307,ADAM QUARTZ FABRICATION & EXPORTS PRIVATE LTD
B4308,Shri Kanthan Logistics OPC Pvt Ltd
B4309,ANUGRAHA AGRO PRODUCTS LLP
B4310,ASIA APPARELS
B4311,CASTLE CORE CORP
B4312,UNITED IMPEX
B4313,SREE ABIRAMI COLOURS
B4314,Mango Tree Traders
B4315,INDIA AGRO EXPORTS PVT LTD
B4316,SARVAM SAFETY EQUIPMENT PRIVATE LIMITED
B4317,SHIV TRADERS
B4318,ALOMEX PROFILES PVT LTD
B4319,Avock Engineering Private Limited
B4320,KANDIYAR INCORPORATION
B4321,SRNG IMPEX LLP
B4322,SRI RAMAMARUTHI VERMICULITE MINES
B4323,S.K.IMPEX....
B4324,HARSH VLH TECHNOLOGIES
B4325,BEACON EXIM SOLUTIONS PVT LTD
B4326,GEE GEE STEELS & ALLOYS PVT LTD
B4327,SURYAANS PAPER.
B4328,R B I TRADERS
B4329,JUPITER TRADING COMPANY
B4330,VARSSHA POLY PRODUCTS
B4331,RAJESH ASSOCIATES
B4332,FADEEN EXPORTS
B4333,ACV PRODUCTS P. LTD
B4334,CARBORUNDUM UNIVERSAL LIMITED
B4335,POLY PIPES INDIA PRIVATE LIMITED
B4336,MADURA CORP
B4337,GMB AND CO
B4338,NISHAN INTERNATIONAL
B4339,KSM METALLURGICALS LTD
B4340,COLOR SHOPPE
B4341,LABEL KINGDOM PRINTERS PVT. LTD
B4342,BHAGYAM EXPORTS
B4343,RSM Autokast Ltd
B4344,IBSH ENTERPRISES
B4345,SPRING SALES CO
B4346,NAV GOLD EXPORT
B4347,SHRI VINAYAGA PRINTERS
B4348,DIAMOND SEAFOOD EXPORTS
B4349,TEEAM SCORE
B4350,SSKV TECHBUILDS PVT LTD
B4351,Le Mineraux LLP
B4352,GK INTERNATIONAL
B4353,PUSHPAM REALTY
B4354,ANAND TIMBER MART
B4355,SRI JYODIRISHE EXPORTS
B4356,AIRGURU
B4357,PALLAVA TEXTILES PRIVATE LIMITED
B4358,Michy Rubber
B4359,mahalakshmi timber exports imports pvt ltd
B4360,NEEDLE INDUSTRIES  INDIA  LIMITED
B4361,LABONI COLLECTION
B4362,FETECH ENGINEERING
B4363,SRI BALAJI ENTERPRISES
B4364,Everest Associates
B4365,M.M IMPORTS
B4366,Indian signature FURNITURE
B4367,Skyline Minerals And Chemicals
B4368,J.C. INTERNATIONALS
B4369,THE RAMCO CEMENTS LIMITED
B4370,SUPREME INDIA COMPANY
B4371,HAJI TRADERS
B4372,LUX FLAVOURS
B4373,DHAKSHIKHA GRANITES
B4374,ANABOND DARIEN PRIVATE LIMITED
B4375,SRI VISHNU SHANKAR MILL LIMITED
B4376,RAMCO INDUSTRIES LIMITED
B4377,TRANSBULK SHIPPING & TRADING PVT. LTD.
B4378,SRI VARU IMPEX & LOGISTICS
B4379,ANKIT EQUIPMENTS  P  LIMITED
B4380,SRI BALJI AUTO MACHINES INDIA LLP
B4381,SAROJ PRINTS  CHENNAI  PRIVATE LIMITED
B4382,FARIDA PRIME TANNERY PVT LTD
B4383,SRI VARAHI CHEMICALS
B4384,SUGAM VANIJYA HOLDINGS PRIVATE LIMITED
B4385,ASSORTED FOOD PACKERS PVT LTD
B4386,PONDY OXIDES & CHEMICALS LTD
B4387,NAAM EXPORTS
B4388,AK INTERNATIONAL
B4389,SWASTIK FILAMENTS PVT LTD
B4390,RAN INDIA STEELS P LTD
B4391,SAGAR GRANDHI CONSTRUCTIONS PRIVATE LIMITED
B4392,KARMEN INTERNATIONAL PVT LTD
B4393,BUTTERFLY GANDHIMATHI APPLIANCES  LTD
B4394,QIN INTERNATIONAL PVT LTD
B4395,SARATHI PLASMA AND TIG
B4396,K V G AGARBATTI INDUSTRIES
B4397,TEX BIO SCIENCES  P  LIMITED
B4398,TABLETS  INDIA  LIMITED
B4399,D.MANIVANNAN & CO
B4400,S.T.K TRADERS
B4401,EZHIL CHEMICAL PRIVATE LIMITED
B4402,TERUMO INDIA PRIVATE LIMITED
B4403,DEVRAJ COMPUTERS P LTD
B4404,GRAPHIC COLOR PACK
B4405,AMITH EXPORTS
B4406,SHREE KRISHNA OIL INDUSTRIES
B4407,RUBINE INTERNATIONAL
B4408,JAZ CREATIONS
B4409,Sumeet Impex
B4410,PRIMO AUTOMATION SYSTEMS PVT LTD
B4411,JK GROUP
B4412,HOLISTA TRANZWORLD PVT LTD
B4413,SRI KRISHNA SIZING MILLS
B4414,BRAWNY IMPEX
B4415,east india corporation
B4416,SREE AYYANAR SPINNING AND WEAVING MILLS PVT.LTD
B4417,SAI KRISHNA LOGISTICS
B4418,A P K IMPEX
B4419,PS Venkateshwara Exports
B4420,SUNTRUST ALUMINIUM PRIVATE LIMITED
B4421,TRIELECTRIC PRIVATE LIMITED
B4422,Vaighai Agro Products Limited
B4423,INOVATIV DEZINES
B4424,IGARASHI MOTORS INDIA LIMITED
B4425,R M CHEMICALS INDIA
B4426,APPLIED TECHNOLOGY
B4427,VARAHAMURTI FLEXIRUB INDUSTRIES PVT.LTD
B4428,HAMID INTERNATIONAL
B4429,ANNORA IMPORTS & EXPORTS
B4430,SRI LAKOSHA POLYMER PRIVATE LTD
B4431,SALMA INTERNATIONAL
B4432,SHREE GURU SAI ENTERPRISES
B4433,TEMPEL PRECISION METAL PRODUCTS INDIA PVT LTD
B4434,KSL MEDIA LIMITED
B4435,SATTUR VENKATESHWARA PAPER MILLS PVT LTD
B4436,RIMRAS LEATHERS
B4437,TEX MAC INDUSTRIES
B4438,PHARMAZELL INDIA PVT LTD
B4439,ROTOPIA INTERNATIONAL
B4440,BIMETAL BEARINGS LIMITED
B4441,BENTEN LABS AND ENGINEERS
B4442,CAS SALES & SERVICE
B4443,GANESHA IMPEX
B4444,ACHARYAA AGENCIES
B4445,Vikshiki Traders
B4446,VICTORY SPINNING MILLS PRIVATE LTD
B4447,S & J  TURN CONTRACTOR  INDIA  PVT LTD
B4448,POLYMAK TOOLS  INDIA  PRIVATE LIMITED
B4449,S.R.S DIE MAKERS
B4450,SHANKAR IMPEX
B4451,MEHTA CHEMICAL INDUSTRY
B4452,SYRMA TECHNOLOGY PRIVATE LIMITED
B4453,I.A.S. TRADERS
B4454,Fulcrum International Pvt Ltd
B4455,KIKANI EXPORTS PVT LTD
B4456,JB Enterprises
B4457,DEVA SEA FOOD
B4458,DEMOLTECH ENGINEERS PRIVATE LIMITED
B4459,HANUMAN TRADING COMPANY
B4460,GTFC LIMITED
B4461,SHREE SHANKESHWAR IMPO & EXPO
B4462,VICTORY PAPER & BOARDS  INDIA  LTD
B4463,ERBATECH Machinery Private Limited
B4464,SREE SAKTHI ENGINEERING ENTERPRISES
B4465,VISHNU IMPEX
B4466,Pricol Limited
B4467,ZENITH ENTERPRISES.
B4468,SRI BALAJI SPINNING MILLS
B4469,SRI MAHADEV AGENCIES
B4470,Proms International Trade PVT LTD
B4471,SUMITOMO CORPORATION INDIA PVT LTD
B4472,DYNA INTERNATIONAL
B4473,UMS INFOTECH PVT LTD
B4474,DISHAA IMPEX
B4475,FORZA
B4476,SRI VARI TEXTILES
B4477,jayalakshmi and co
B4478,BALAS EXPORT
B4479,HATCO FOODSERVICE EQUIPMENT INDIA PRIVATE- LIMITED
B4480,JAS TOOLS & SERVICE
B4481,DHARAN INTERNATIONAL TRADING CO PVT LTD
B4482,SIRA ENGINEERING PVT LTD
B4483,GRACIOUSS MARKETING
B4484,SHREYANS INTERNATIONAL
B4485,SHRI SABHARI SMELTERS PRIVATE LIMITED
B4486,ARUL EXPORTS & IMPORTS
B4487,GVR SEAFOODS
B4488,Raj Indusries
B4489,SHUBH SWASAN  INDIA  PRIVATE LTD
B4490,STANDFORD GROUP
B4491,NOVITAT LEATHER SOURCING
B4492,STRENTH CHEMICALS PRIVATE LIMITED
B4493,PIL Apparel Sourcing
B4494,Valbe Foods  India  Pvt. Ltd.
B4495,sunny enterprises
B4496,SIGACHI INDUSTRIES  PVT LTD
B4497,TOSHNIWAL GRANITES PVT LTD
B4498,Bio Pharma Laboratories Private Limited
B4499,Heemankshi Bakers Pvt Ltd
B4500,MBR EXIMS
B4501,GRANITE MART LIMITED
B4502,SHREE GAJANAN INDUSTRIES
B4503,Delecto Foods Private Limited
B4504,SRI VISHNU GRANITES PRIVATE LIMITED
B4505,COROMANDEL INTERNATIONAL LTD
B4506,KAMALA INTERNATIONAL EXIM PRIVATE LIMITED
B4507,SVG GRANITES PRIVATE LIMITED
B4508,RAVI FOODS PVT LTD
B4509,Secure Industries Private Limited
B4510,BALAXI OVERSEAS PRIVATE LIMITED
B4511,BLEND COLOURS PVT LTD
B4512,Hetero Drugs Ltd
B4513,PREMIER SOLAR SYSTEMS PVT LTD
B4514,INTEGRATED CLEANROOM TECHNOLOGIES PVT LTD
B4515,RAINBOW ENGINEERS AND CONTRACTORS
B4516,SRINIVASA ELECTRICALS
B4517,BRIGHT ENTERPRISES
B4518,USHA INTERNATIONAL LIMITED
B4519,GLOBAL AGRI RESOURCES PVT. LTD
B4520,NAVI ARK LOGISTICS
B4521,SACHDEV OVERSEAS FITNESS PVT LTD
B4522,APC NUTRIENTS PVT LTD
B4523,GTN INDUSTRIES LIMITED
B4524,FRIZAIR PVT LTD
B4525,JK AGRI GENETICS LIMITED
B4526,GRANULES INDIA LIMITED
B4527,USHODAYA ENTERPRISES PVT LTD
B4528,Rocks Forever Inc
B4529,AZTEC TECHNOLOGIES
B4530,SULAKSHANA CIRCUITS LTD
B4531,AMERICREST TRADING PVT LTD
B4532,Shakti Hormann Pvt Ltd
B4533,SHRINATH FLEXI PACK PVT LTD
B4534,Belong Hospitality LLP
B4535,RANGSANGAM
B4536,PAHAL FOODS PVT LTD
B4537,HONOUR LAB LTD
B4538,RAJGURU HARDWARE
B4539,SRI SAI ENTERPRISES
B4540,SUZALKEM TECHNOLOGIES PRIVATE LIMITED
B4541,MBG COMMODITIES PVT LTD
B4542,SUVEN LIFE SCIENCES  LIMITED
B4543,Cubane Speciality Chemicals Private Limited
B4544,YASH VEGETABLE OILS PVT LTD
B4545,SUSHEE HITEC PROJECTS
B4546,ADAMA INDIA PVT LTD
B4547,VINTAGE COFFEE PVT LTD
B4548,GALAXY PIGMENTS PVT LTD
B4549,SURABHI INDUSTRIES PRIVATE LIMITED
B4550,STONESWIZARD PVT LTD
B4551,Patil Rail Infrastructure Pvt Ltd
B4552,BERCO UNDERCARRIAGES INDIA PVT LTD
B4553,Nasense Labs Pvt Ltd
B4554,CROWN BEERS INDIA PRIVATE LIMITED
B4555,Harihar Energy Services Private Limited
B4556,SARACA LABORATORIES LTD
B4557,SOHAM EXIM
B4558,VARAD EXTRUSION PVT LTD
B4559,HETERO LABS LIMITED
B4560,Sammarth Overseas & Credits Pvt. Ltd
B4561,GTN ENGINEERING INDIA  LIMITED
B4562,deccan traders
B4563,Rainbow Enterprises
B4564,Monarch Ergo Private Limited
B4565,AR INFRA SUPPLEMENTS PRIVATE LIMITED
B4566,Vardhman Enterprises
B4567,M.B ENTERPRISES
B4568,KAYEMPEE FOODS PVT LTD
B4569,NEO PETCON INDIA PRIVATE LIMITED
B4570,SATYADEVA PHARMACEUTICALS PVT LTD
B4571,EXEL RUBBER LTD
B4572,SIDHAARTHA AGENCIES
B4573,VIJAY ANAND KRAFT PAPERS PVT LTD
B4574,BIKING FOOD PRODUCTS PVT. LTD
B4575,BLUMI GROUP
B4576,L N TOOLS PVT LTD
B4577,JEEVIKA
B4578,GUNTUR SPICE SPECIALITIES PRIVATE LIMITED
B4579,NAVDURGA MARKETING
B4580,GAYATHREEINDUSTRIES
B4581,AIRBLAST EQUIPMENT INDIA PVT LTD
B4582,swift impex
B4583,SVG INTERNATIONAL PVT LTD
B4584,SREE KRSNA MEDINEEDS
B4585,RELIANCE TYRES
B4586,MAHATHI INFRA SERVICES PVT. LTD
B4587,KUNDANA TECHO TEX PRIVATE LIMITED
B4588,US GRANITES
B4589,VIJAY ANAND SPECIALITY PAPERS PVT LTD
B4590,VIJAYA POLYMERS INDIA PRIVATE LIMITED
B4591,ARHAM CREATIONS
B4592,RAJ INTERNATIONAL
B4593,K L R INDUSTRIES LIMITED
B4594,DADA ENERGIES LIMITED
B4595,kohana impex
B4596,TROUW NUTRITION INDIA PRIVATE LIMITED
B4597,Sukaso Ceracolors Private Limited
B4598,BLEND ADDITIVES COMPOUNDS PVT LTD
B4599,CMORA CARGOTECH PVT LTD.
B4600,Om Sree Papertek Pvt Ltd
B4601,COVALENT LABORATORIES PVT LTD
B4602,SPECTRA UPVC WINDOWS
B4603,Icon Sleeper Track Pvt Ltd
B4604,SAVITRIDEVI POLYFABRICS INDIA PVT LTD
B4605,Natural Pet
B4606,Sri Sai Ram Industry
B4607,RADIANT COMPOSITES PRIVATE LIMITED
B4608,KAYEMPEE FOODS PVT LTD.
B4609,PROACTIVE IMPORTS AND EXPORTS
B4610,NITYASACH FITNESS PVT LTD
B4611,Great Sports Infra Pvt Ltd
B4612,FORTUNEARRT  LED LIGHTING PVT LTD
B4613,AURONEXT PHARMA PVT. LTD.
B4614,Goldstone Infratech Limited
B4615,TARAN ALLOYS
B4616,TIRUPATI OVERSEAS.
B4617,BRILLIANT BIO PHARMA PVT LTD
B4618,BALAXI PHARMACEUTICALS LIMITED
B4619,RAKSHIT DRUGS PVT LTD
B4620,Salicylates & Chemicals Pvt Ltd
B4621,VILAS POLYMER LIMITED
B4622,APARNA CONSTRUCTIONS AND ESTATES PRIVATE LIMITED
B4623,COROMANDEL SQM  INDIA  PRIVATE LIMITED
B4624,DIVYA SHAKTI GRANITES LTD
B4625,MICRON ADHESIVES PRIVATE LIMITED
B4626,Regal Fitness
B4627,shri balaji exim
B4628,ENAL DRUGS PRIVATE LIMITED
B4629,BHAGYANAGAR COPPER PRIVATE LIMITED
B4630,NAVRANG OVERSEAS
B4631,Linkwell Telesystems Pvt Ltd.
B4632,ANDHRA SURGICAL EMPORIUM
B4633,SANCHI FINE CHEM CORP
B4634,Tata Advanced Systems Limited
B4635,HAZELO LAB PVT LTD
B4636,DASAMI LAB PVTLTD
B4637,MGX STONE LLP
B4638,Floorscapes Carpets Pvt Ltd
B4639,SUGNA METALS LIMITED
B4640,SRI VAMSHI KRISHNA INDUSTRIES
B4641,SPARK INSULATORS PRIVATE  LIMITED
B4642,RADIANT CORPORATION PVT LTD
B4643,NUZIVEEDU SEEDS LTD
B4644,TIMBER INDIA
B4645,GARG DISTRIBUTORS PVT LTD
B4646,SRI RAMA AGRI GENETICS INDIA PVT LTD
B4647,Polmor Steel Private Limited
B4648,SKIPPER-METZER INDIA LLP
B4649,KJR POLY FILMS PVT LTD
B4650,RANGOLI MARKETING COMPANY
B4651,RANGA REDDY ENGINEERING WORKS
B4652,ARI CHEMICALS INDIA PRIVATE LIMITED
B4653,SS IMPEX
B4654,SM IMPORTER
B4655,ARUNODAYA PRINT PACK PVT LTD
B4656,SRI VENKATARAMANA ENGG WORKS
B4657,VIVID PLASTICS PVT LTD
B4658,HPZ WORLDWIDE PRIVATE LIMITED
B4659,HIND GRANITES PRIVATE LIMITED
B4660,Vijai Electricals lImited
B4661,PAVAN TRADERS
B4662,MYK LATICRETE INDIA PRIVATE LIMITED
B4663,HINDYS LAB PVT LTD
B4664,Manjira Machine Builders Private Limited
B4665,PREUNIQUE INDIA PVT LTD
B4666,EXUS IMPORTS AND EXPORTS
B4667,SiriRohini Industries Exports & Imports
B4668,MEGHA ENGINEERING AND INFRASTRUCTURES LTD
B4669,DIVINE SURFACES PRIVATE LIMITED
B4670,AMB FASTNERES
B4671,Vardhman Enterprises.
B4672,BIOCHEMICAL & SYNTHETIC PRODUCTS PVT. LTD
B4673,SANDEESH ENTERPRISES
B4674,GOLDEN INTERNATIONAL
B4675,TRADINOVA INTERNATIONAL PRIVATE LIMITED
B4676,DELTACHEM TRADING PRIVATE LIMITED
B4677,ARVENSIS ENERGY PVT LTD
B4678,GODAVARI DRUGS LTD
B4679,SUVEN PHARMACEUTICALS LIMITED
B4680,RUSAT TIMBER DEPOT
B4681,Voraky Retail LLP
B4682,INTERVET INDIA PVT LTD
B4683,filmore led pvt ltd
B4684,GODAVARI CHEMICALS
B4685,SATYARUDHRA PREMIUM IMPORTS AND EXPORTS PVT LTD
B4686,S S RISE EQUIPMENTS
B4687,Global Brands
B4688,Godi India Private Limited
B4689,SAHAJ MARG SPIRITUALITY FOUNDATION
B4690,INDOFAB METPRO ENGINEERS LLP
B4691,R.R.STONES PVT LTD
B4692,B R Reail India Pvt Limited
B4693,CHERRY INTERNATIONAL
B4694,VALENS MOLECULES PRIVATE LIMITED
B4695,RUBBER PVT LTD
B4696,AIRCOMM REFRIGERATION COMPANY
B4697,TRIDENT CHEMPHAR  LIMITED
B4698,INDIAN TIMBER PRODUCTS PRIVATE LIMITED
B4699,SURANA SOLAR LIMITED
B4700,SURI ENGINEERING PVT LTD
B4701,OUTCARE MEDICAL DEVICES PRIVATE LIMITED
B4702,EENADU TELEVISION PVT LTD
B4703,EXPRESS SERVICE IMPORT EXPORT
B4704,SHRINATH ROTO PACK MP LLP
B4705,A K PAPER PRODUCTS PVT LTD
B4706,NAVANDER IMPEX
B4707,SWATHI UPVC DOORS AND WINDOWS
B4708,EXCEL CRAFT PRIVATE LIMITED
B4709,SIDDHI VENEERS PVT LTD
B4710,R N DOORS & FRAMES
B4711,S R LOGISTICS.
B4712,TECTONA BUSINESS SOLUTIONS
B4713,TIBREWALA ELECTROMECH PVT LTD
B4714,SWASTIK OLECHEMS LTD
B4715,SRI INDUSTRIES
B4716,THE INDIA CEMENTS LTD
B4717,Telangana Pharmatech
B4718,VIVIN DRUGS & PHARMACEUTICALS LIMITED
B4719,SATYA CREATIONS
B4720,HELSA ICON INDIA PVT LTD
B4721,DSYK RELOCATIONS
B4722,ANIRUDH GREEN SOLUTIONS PVT LTD
B4723,ALPLA INDIA PVT LTD
B4724,KP POULTRY EQUIPMENTS
B4725,GMR AERO TECHNIC LIMITED
B4726,V R L AUTOMATION
B4727,SMILEY IMPEX
B4728,S B International
B4729,PRIME URBAN DEVELOPMENT INDIA LIMITED
B4730,MAHASHAKTI MACHINES PRIVATE LTD
B4731,AFPL GLOBAL PRIVTE LIMITED
B4732,Renoglobe Exporium
B4733,De Tradetion
B4734,KARWA EXPORTS PVT LTD
B4735,DMG POLY PACK PRIVATE LIMITED
B4736,DEWAN & SONS
B4737,HRMM AGRO OVERSEAS PVT LTD
B4738,BASANT OVERSEAS
B4739,GARAPA INTERNATIONAL
B4740,H M AGRIEXPORTS PRIVATE LIMITED
B4741,Kanpur Plastipack LIMITED
B4742,AOV EXPORTS PRIVATE LIMITED
B4743,CREATIVE EDUCATIONAL AIDS PVT.LTD.
B4744,Uniparts India Ltd.
B4745,AL-HAMD AGRO FOOD PRODUCTS PVT. LTD.
B4746,METRO INTERNATIONAL
B4747,Saru Copper Alloy Semis Private Limited
B4748,SUPER TANNERY LTD
B4749,SHIVA TRADERS
B4750,Mirza International Limited
B4751,JUBILANT LIFE SCIENCES LTD
B4752,Stonemen Crafts India Pvt Ltd
B4753,Gripwel Fasteners Pvt. Ltd.
B4754,MARHABA INTERNATIONAL
B4755,MAHASHAKTI ENGINEERING COMPANY
B4756,UNITED CORPORATION
B4757,J. S. International
B4758,INDIA GLYCOLS LIMITED
B4759,GINNI FILAMENTS LIMITED
B4760,SANTOSH OVERSEAS LTD
B4761,Elite International
B4762,MODERN METALS OVERSEAS
B4763,KUNDRA INTERNATIONAL
B4764,RISHISHWAR LOGISTICS PVT LTD
B4765,M. BILAL INTERNATIONAL
B4766,AMAR SHOE & LEATHER WEARS
B4767,DAWAR FOOTWEAR INDUSTRIES
B4768,OBEETEE PRIVATE LIMITED
B4769,PN INTERNATIONAL PRIVATE LIMITED
B4770,Bhalla International
B4771,KAVSET EXPORTS PRIVATE LIMITED
B4772,TS TECH SUN INDIA PRIVATE LIMITED
B4773,New Light Drawing Emporium
B4774,TEJ INTERNATIONAL PVT. LTD.
B4775,HAFEEZ SONS TANNERY PRIVATE LIMITED
B4776,Z..B. INTERNATIONAL
B4777,MODEL TANNERS (INDIA) PVT. LTD.
B4778,Uniworld Sugars PRIVATE LIMITED
B4779,MODEL TANNERS
B4780,VARUN EXPORTS
B4781,SHWET INTERNATIONAL
B4782,ALM INDUSTRIES LIMITED
B4783,Samsung India Electronics Pvt Ltd
B4784,RAINBOW TEXTILES
B4785,RSV WORLDWIDE
B4786,AL-FAUZ INTERNATIONAL
B4787,DAZZLE EXPORTS
B4788,VDH ORGANICS PRIVATE LIMITED
B4789,GLASS WORLD
B4790,METRO & METRO
B4791,MERCURY INDUSTRIES LIMITED
B4792,ALTALUX INTERNATIONAL EXPOTS & IMPORTS PRIVATE LIM
B4793,PRIYA PRODUCTS
B4794,EAGLE CONTINENTAL FOOD PRIVATE LIMITED
B4795,Gujral Industries
B4796,Avani International Private Limited
B4797,BURDA DRUCK INDIA PRIVATE LIMITED
B4798,SHREE PACKAGINGS A UNIT OF GANGA BAG UDYOG PVT LTD
B4799,KAPSONS WORLDWIDE
B4800,M.L.A INDUSTRIES
B4801,ADEES EXPORTS
B4802,MODEL EXIMS (INDIA) Private limited
B4803,BUSHRAH EXPORT HOUSE
B4804,RUSTAM FOODS PRIVATE LIMITED
B4805,MARYA FROZEN AGRO FOODS PRIVATE LIMITED
B4806,ASHOKA PIGMENTS PRIVATE LIMITED
B4807,Vidhi Export
B4808,PET KRAFT
B4809,K S C ENGINEERS PRIVATE LIMITED
B4810,ROGER INDUSTRES LIMITED
B4811,MANUFEX INDIA
B4812,NATIONAL SPORTS
B4813,Everest Industries Limited
B4814,SURYA CARPET PVT.LTD
B4815,HEMA MARINE SERVICES PRIVATE LIMITED
B4816,AJAY AIR PRODUCTS PVT LTD
B4817,S G S SECURITE PRIVATE LIMITED
B4818,NAMAN INTERNATIONAL
B4819,M.S. FERTILIZER
B4820,J.R.EXPORTS (P). LTD
B4821,GUPTA H C OVERSEAS (I) PRIVATE LIMITED
B4822,VETRACARE
B4823,INDIA PESTICIDES LIMITED
B4824,MULTY HANDICRAFTS
B4825,CLOUD EXPORTS PRIVATE LIMITED
B4826,GPL EXPORTS LTD
B4827,NUOVA SHOES
B4828,M.D.FROZEN FOOD EXPORTS
B4829,PARAMOUNT INTERNATIONAL
B4830,TASMIYAH LEATHER FASHIONS
B4831,APOLLO TANNERS
B4832,NORTHERN TANNERY
B4833,AL HIND EXPORTS
B4834,LEX BOOTS ( UNIT OF LEX INTERNATIONALS )
B4835,LOHIA CORP LIMITED
B4836,MASH AGRO FOODS LIMITED
B4837,J M FOOTWEAR IMPEX
B4838,PETAL EXPORTS
B4839,BHARAT ELECTROPLATERS & EXPORTERS
B4840,OMEGA INTERNATIONAL
B4841,Royal Export
B4842,ANSA BRAKES PRIVATE LTD
B4843,ELCOMPONICS SALES PRIVATE LIMITED
B4844,JUBILANT AGRI AND CONSUMER PRODUCTS LIMITED
B4845,AL QUASMI EXPORT & IMPORT
B4846,EMCO EXPORTS
B4847,AMR INDIA
B4848,Shree Bankey Behari Lal Board Mills
B4849,kanpur texel p ltd.
B4850,OOM EXPORTS
B4851,TABINDA INTERNATIONAL
B4852,G & S EXPORTS CORPORATION
B4853,AL-ARHAN TRADERS
B4854,MARIA EXPORTS INTERNATIONAL
B4855,KAF FOOTWEAR INDUSTRIES
B4856,DS AGRIFOODS PRIVATE LIMITED
B4857,DABUR INDIA LIMITED
B4858,Maxwel Exporters
B4859,MARYA DAY AGRO FOODS PRIVATE LIMITED
B4860,AL-AQUIB EXPORTS PRIVATE LIMITED
B4861,MAGNUM FOOTWEAR PRIVATE LIMITED
B4862,BEE CHEMS
B4863,SHRI SITARAM GLASS WORKS
B4864,HIDE CARE ENTERPRISES
B4865,RIMJHIM ISPAT LIMITED
B4866,VISION GLOBAL
B4867,SHALABH CARPETS
B4868,KSP INC
B4869,GPL POLYFILS
B4870,AL LIMRA CRAFT INDIA PRIVATE LIMITED
B4871,HAMID SON EXPORTS
B4872,INDIAN LEATHER INDUSTRIES
B4873,NEW DIRECTION EXPORTS
B4874,Indo Rugs Merchants
B4875,TAHUMO EXPORTS PRIVATE LIMITED
B4876,Delta hardware.
B4877,SWASTIK BISCUIT PVT LTD
B4878,BUNTROCK INTERNATIONAL PVT LTD.
B4879,A.K. INDUSTRIAL FABRICS
B4880,BRIGHTERS INC
B4881,KATHURIA ROLL MILL PRIVATE LIMITED
B4882,AMROON FOODS PRIVATE LIMITED
B4883,UPADHYAY INTERNATIONAL
B4884,APSARA FOOD INDUSTRIES PVT. LTD.
B4885,INDIAN FROZEN FOODS
B4886,Enviropol Engineers Pvt Ltd
B4887,BANARAS BEADS LIMITED
B4888,NETPLAST PRIVATE LIMITED
B4889,RAHMAN INDUSTRIES LIMITED
B4890,Invoke Medical System Private Limited
B4891,THE RUG REPUBLIC
B4892,EXOTIC INDIA
B4893,B.S. Engineering Works
B4894,KUMASS INTERNATIONAL
B4895,KAMSON SHOE COMPANY
B4896,PARAMOUNT AROMACHEM PRIVATE LIMITED
B4897,DEEPAK RUGS
B4898,PROMOIS INTERNATIONAL LIMITED
B4899,ARORA AROMATICS PRIVATE LIMITED
B4900,ALM FOOD PRODUCTS LIMITED
B4901,Bristile Overseas pvt ltd
B4902,MARIAM INTERNATIONAL
B4903,Carpet International
B4904,METAL EXPORTS (INDIA)
B4905,NEO CRAFTS IMPEX PVT. LTD
B4906,EVEREST TANNERY  UPHOLSTERY DIVISION
B4907,Mohani Tea Leaves Pvt.Ltd.
B4908,S. S. INTERNATIONAL
B4909,VISTA FURNISHING PVT LTD
B4910,FEROLITE JOINTINGS LIMITED
B4911,Sharda Containers Private Limited
B4912,RNB GLOBAL IMPEX
B4913,R. N. BAJAJ OVERSEAS
B4914,Ayub Rugs
B4915,SUNDRAM HASTKALA
B4916,BRASSCITY  CREATIONS
B4917,Motherson Sumi Systems Limited
B4918,MODEL EXIMS
B4919,DEEPAK IMPEX
B4920,AUTONIX AUTO INDUSTRIES PVT LTD
B4921,MEHRASONS COATING PVT LTD
B4922,SIRIUS FOODS PVT LTD
B4923,HELLO PAINTS PVT LTD
B4924,TASEER ENGINEERING COMPANY
B4925,SHEETAL MERCANTILE PVT. LTD
B4926,GUIDE IMPEX INDIA  PRIVATE LIMITED
B4927,SABA EXPORTS
B4928,Mahavir Netting Pvt Ltd
B4929,Vidya Laminators Pvt. Ltd.
B4930,TOKYO FOOTWEAR
B4931,JAYANITA EXPORTS PRIVATE LIMITED
B4932,Virola International
B4933,Maa Kaila Corporaton
B4934,Mughal Art
B4935,SHRI KRISHNA FRUIT PROCESSOR PVT LTD
B4936,GLIDE CHEM PVT LTD
B4937,LIVING MEDIA INDIA LTD
B4938,SHIVANGI METAL INDUSTRIES PRIVATE LIMITED
B4939,BALAJI LOOMTEX
B4940,R M C COLLECTIONS
B4941,O.S.R. INTERNATIONAL
B4942,NEERU ENTERPRISES
B4943,Novateur Electrical & Digital Systems Private Limi
B4944,S.V.COOLING TOWER PVT.LTD
B4945,A-ONE CONTAINERS PVT LTD
B4946,KSB DESIGNS
B4947,DALMIA TEA MARKETING PVT LTD
B4948,TRIVENI GLASS PRIVATE LIMITED
B4949,ALIG TANNERY
B4950,NIRMAL FIBRES PVT. LTD.
B4951,CHEMICO SYNTHETICS LTD.
B4952,KINGS INTERNATIONAL LIMITED
B4953,DESIGNCO
B4954,RADIANT EXPORTS
B4955,TRANSWORLD SHOES PVT LTD
B4956,SURYA HERBAL LTD
B4957,ISGEC HEAVY ENGINEERING LIMITED
B4958,CHEMICO CHEMICALS PVT. LTD.
B4959,CALICO TRENDS
B4960,POLYPLEX CORPORATION LIMITED
B4961,A.F. HANDICRAFTS
B4962,TRACTORS INDIA PVT LTD
B4963,NELCO (INDIA) PRIVATE LTD
B4964,DEEPEEKA EXPORTS PRIVATE LIMITED
B4965,SARA-TRANS INDUSTRIES
B4966,A.C.IMPEX INC
B4967,Nageen Prakashan Pvt Ltd.
B4968,jagdamba impex
B4969,TINIUS OLSEN INDIA PRIVATE LIMITED
B4970,AOV INTERNATIONAL
B4971,AOV AGRO FOODS PRIVATE LIMITED
B4972,KAPI EXPORTS PRIVATE LIMITED
B4973,SWARUP CASTINGS PVT LTD
B4974,S K WHEAT PRODUCTS PRIVATE LIMITED
B4975,UV OVERSEAS
B4976,KARAM UDYOG
B4977,S D IMPEX
B4978,YAMUNA POLYWAXES  A UNIT OF OP MITTAL IND LTD
B4979,SARAN IMPEX
B4980,MK OVERSEAS
B4981,AL DUA FOOD PROCESSING PRIVATE LIMITED
B4982,JADE EXPORTS
B4983,CROWN INTERNATIONAL EXPORT
B4984,THE LANTERN
B4985,AM 2 PM MODULAR FURNITURE
B4986,MARION BIOTECH PRIVATE LIMITED
B4987,INDICA INDUSTRIES PVT LTD
B4988,SUCROTECH ENGINEERING PRIVATE LIMITED
B4989,SUMITRA WOODCRAFT PVT LTD
B4990,Crimson inks Private Limited
B4991,aov international llp
B4992,TAJ METALS
B4993,JAI TEX EXPORTS
B4994,CGL CHEMICALS
B4995,TARUN THERMOWARE PRIVATE LIMITED
B4996,A.V. INTERNATIONAL
B4997,HMA FOOD EXPORT PRIVATE LIMITED
B4998,"3ACE INTERNATIONAL"
B4999,D.M.OVERSEAS
B5000,JAGAN AUTOMOTIVES PVT LTD
B5001,KHAN & SIROHI ELECTROMECHANICAL
B5002,RAYBAN FOODS PVT. LTD.
B5003,A-ONE AGRICULTURE & ALLIED ACTIVITIES PRIVATE LTD.
B5004,APEX INTERNATIONAL
B5005,SWADESHI FOOTCARE PVT LTD
B5006,HINDUSTAN MINT & AGRO PRODUCTS PRIVATE LIMITED
B5007,INTERNATIONAL PRINT-O-PAC LTD
B5008,SHIVA SALES CORPORATION
B5009,MANGLICK CHEMICAL
B5010,GHAZAN RUGS
B5011,TIRUBALA INTERNATIONAL PVT LTD
B5012,shinpak overseas exports
B5013,UNITED MULTICHEM PVT. LTD.
B5014,UKP INDUSTRIAL COMPANY
B5015,Stork Ferro and Mineral Industries Pvt. Ltd
B5016,RGI MEDITECH PVT LTD
B5017,KENDA FARBEN INDIA PVT. LTD.
B5018,MCM TELECOM EQUIPMENT PVT LTD
B5019,ROONGTA ISPAT UDYOG
B5020,SR Impex Consultants
B5021,POWERSPACK AUTOMATION PRIVATE LIMITED
B5022,SHRIRAM PISTONS AND RINGS LIMITED
B5023,NIF PRIVATE LIMITED
B5024,GANESHA ECOSPHERE LTD.
B5025,AL-AYSHA TRADERS
B5026,KK DUPLEX & PAPER MILLS PVT LTD
B5027,NADEEM IMPEX
B5028,EAGLE FORGINGS PVT LTD
B5029,NANDAN SALES CORPORATION
B5030,HOLOSTIK INDIA LIMITED
B5031,REGAL WOVEN SACKS PVT LTD
B5032,EAST INDIA UDYOG LTD
B5033,BRAKEWEL AUTOMOTIVE COMPONENTS INDIA PRIVATE LTD
B5034,Rudra Rugs
B5035,NEWLANDS EXPORT LLP
B5036,BAJAJ TRADERS
B5037,YSI Tech Pvt Ltd
B5038,YASH OVERSEAS
B5039,Gainwell Commosales Private Limited
B5040,RELIANCE CHEMICALS
B5041,Ramaa Shyama Papers Pvt. Ltd.
B5042,ENERGY INFRA SOLUTIONS
B5043,AMAR SPLINTS PRIVATE LIMITED
B5044,ELECTROLOY INDIA PRIVATE LIMITED
B5045,Volga Bath System
B5046,ANJANI ENTERPRISES
B5047,RHYTHM REAL FOOD PRODUCTS
B5048,SRI BALAJI INTERNATIONAL
B5049,KP Enterprises
B5050,AVISHA INTERNATIONAL
B5051,R.R.OVERSEAS
B5052,KINGVIC ELECTRONIC PRIVATE LIMITED
B5053,LUCKNOW KIRANA COMPANY
B5054,TIRUPATI BALAJI FBRES LIMITED
B5055,V K IMPEX
B5056,PREMIER POLYFILM LTD
B5057,AECHANA EXPORTS
B5058,HGE INTERNATIONAL PRIVATE LIMITED
B5059,SHRI BHOLANATH CARPETS LIMITED
B5060,PARAS MINING & MINERAL
B5061,SUMAN ENTERPRISES
B5062,KUMAR LABELS
B5063,Indian Acoustics Pvt ltd
B5064,METALTECH DESIGN PVT. LTD.
B5065,VISHAL PIPES LTD
B5066,INDIA CRAFT LOOM
B5067,SHANDONG CHUNLONG GROUP INDIA.PVT.LTD
B5068,MAHESHWARI WIRES PVT LTD
B5069,CHEM TECH INDIA
B5070,RUKSH ENTERPRISES
B5071,EUROPA MACHINE & TOOLS
B5072,QUALITY TANNING & CHMEICALS
B5073,VIDYA POLYMER PVT. LTD.
B5074,SWASTIK PESTICIDES LIMITED
B5075,AMELCO KABEL PVT LTD
B5076,MULTI WOOD DESIGN
B5077,WESTON FOOTWEAR
B5078,DEEP MASTERBATCH LIMITED
B5079,STARCK IMPEX PRIVATE LIMITED
B5080,sagson export
B5081,TULSIRAM GAYA PRASAD PVT LTD
B5082,WHITE METALS LTD
B5083,OMAKE ENTERPRISES
B5084,MITHILA PLYWOOD PRIVATE LIMITED
B5085,GALAXY CREATION PVT LTD
B5086,SHREE BANKEY BEHARI LAL AROMATICS
B5087,R. P. Poly Packs Pvt. Ltd
B5088,AVADHESH ENGINEERING EQUIP SERVICES PVT LTD
B5089,UNITY METALLOYS LLP
B5090,ASLOMAL VIJAYKUMAR
B5091,AKSHAT AUTOLINE PVT. LTD.
B5092,NEMANI PLYWOOD PRIVATE LIMITED
B5093,Sana International
B5094,DYNATECH IMPEX
B5095,FROST INFRASTRUCTURE AND ENERGY LIMITED
B5096,RAS POLYTEX PRIVATE LIMITED
B5097,APOLO EXTRUSIONS LTD.
B5098,MODINAGAR PAPER MILLS LTD
B5099,SUN SHINE INDIA INC
B5100,SAKSHAM INTERNATIONAL
B5101,AOV CLEVER KNITS PRIVATE LIMITED
B5102,Mascot Metal Manufacturers
B5103,RACL GEARTECH LIMITED
B5104,UKB Electronics Pvt. Ltd.
B5105,AANYATEK PVT LTD
B5106,Agros India Inc
B5107,OLIVER MCINROY & CO.
B5108,CALICO IMPEX
B5109,ALLIED NIPPON LIMITED
B5110,YU-HAI TECHNOLOGY & MANUFACTURING SUPPLIES PVT LTD
B5111,MAHAGUN INDIA PVT LTD
B5112,SUN ENTERPRISES
B5113,BHADOHI CARPETS
B5114,KHUSHBOO ENGRAVURES PRIVATE LIMITED
B5115,LARYA COLLATERA WAREHOUSING SERVICES PVT. LTD.
B5116,HMA AGRO INDUSTRIES LTD
B5117,UNITECH MACHINES LIMITED
B5118,SAL PAPERS PRIVATE LIMITED
B5119,ATLAS SHOES & LEATHER PRODUCTS
B5120,KANPUR PACKAGERS PVT LTD
B5121,AMCHEM PRODUCTS PVT. LTD.
B5122,BEST TANNING INDUSTRIES  P . LTD.
B5123,B K PAPER BAG MAKERS
B5124,DJ PLUS INDIA PROVATE LIMITED
B5125,OVERSEAS SADDLERY PVT LTD
B5126,SPARKLING HUES GEMS PVT LTD
B5127,RESOURCE INTERNATIONAL
B5128,KMB PAPERS PVT LTD
B5129,Mohini Sporting Co.
B5130,PARAS IMPORT& EXPORT ENTERPRISES
B5131,Dayal Fertilizers  Pvt. Ltd.
B5132,RADON INDIA PRIVATE LIMITED
B5133,BASANT INDUSTRIES.
B5134,Herbochem  Industries
B5135,A & C BRAID & ROPE CO. PVT. LTD.
B5136,MAMMACHINE WORKS PVT. LTD.
B5137,PIYUSH LEATHER
B5138,RAMA CELEBRATION HOSPITALITY LLP
B5139,HITECH ENGINEERS
B5140,ASPL GREENS VENTURES PVT LTD
B5141,K S TRADING CO
B5142,JAI AUTO PVT LTD
B5143,MAGNUM VENTURES LIMITED
B5144,Panasonic AVC Networks India Co. Ltd.
B5145,RUBAN IMPEX
B5146,C D ENGINEERING CO
B5147,H-ONE INDIA PVT. LTD.
B5148,PHOENIX LAMPS LIMITED
B5149,Shaznsab Product & Services Pvt Ltd
B5150,OVERSEAS TRADE LINKERS
B5151,ATIRA DESIGNS PVT LTD
B5152,STERLING INDIA
B5153,BIOMASS RESEARCH AND TECHNICAL SOLUTION PRIVATE LI
B5154,RAPID COAT DIVISION  UNIT OF RAPID ENGINEERING CO.
B5155,SHRI MOHANJI INTERNATIONAL
B5156,AGRO FOODS INDUSTRIES
B5157,ABC INDUSTRIES
B5158,DEVTARA INDUSTRIES
B5159,KAY PEE DIES INDIA PVT. LTD.
B5160,EMINENT EXPORTS INDIA
B5161,HILITE INDUSTRIES PRIVATE LIMITED
B5162,BHOLI HARDWARE &EXPORTS PVT.LTD.
B5163,ACE INFRACITY DEVELOPERS PVT LTD
B5164,BHARDWAJ GALLERY
B5165,"0SWAL METAL HOUSE"
B5166,AGARWAL DUPLEX BOARD MILLS LIMITED
B5167,Kanchan Metals Pvt. Ltd.
B5168,REAL METALS TRADING
B5169,Hindustan Media Ventures Limited
B5170,SAAN GLOBAL
B5171,DEV PRIYA INDUSTRIES PVT. LTD.
B5172,MODI INDUSTRRIES LIMITED
B5173,ABHINAV PAPER PRODUCTS PVT LTD
B5174,EXCELLENT FOUNDRY FLUXES COMPANY
B5175,Global Traders
B5176,SUNCHIRIN AUTO PARTS INDIA PVT LTD
B5177,Hind Metal & Alloys Private Limited
B5178,DOLLAR IMPEX
B5179,BOTTEGA INDIANA
B5180,M SONS INDUSTRIES
B5181,Spider Metal Products Pvt Ltd
B5182,CL GUPTA EXPORTSLTD
B5183,WATAI ELECTRONICS PRIVATE LIMITED
B5184,Intelligrape Software Private Limited
B5185,GOPSONS PRINTERS PVT. LTD.
B5186,R S SALES CORPORATION
B5187,L & T TRADING CO.
B5188,KOSMOS ENGINEERING
B5189,Arien Metals Pvt Ltd
B5190,Indo Dan Lampshades Private Limited
B5191,GOGIA CHEMICAL INDUSTRIES PVT.LTD.
B5192,GAUTAMI OIL N CHEMICAL PVT LTD
B5193,TDMAX MANUFACTURING AND SERVICES PRIVATE LIMITED
B5194,PURI AGRO CHEMICALS LTD.
B5195,EXCEL OVERSEAS.
B5196,PT COMMUNICATION SYSTEMS PRIVATE LIMITED
B5197,NOWOTEK TEXTILES PVT LTD
B5198,EASTERN EXPORTS
B5199,R S CHICORY (INDIA) PRIVATE LIMITED
B5200,COREP LIGHTING INDIA PRIVATE LIMITED
B5201,NEPZPACK INDUSTRIES PRIVATE LIMITED
B5202,GANPATI OVERSEAS
B5203,PSR METALS PVT. LTD.
B5204,MOTILAL DULICHAND PVT. LTD.
B5205,NEWPACK PLASTICS PVT. LTD
B5206,Regal Trading Pvt Ltd.
B5207,WIN WIN
B5208,R. C. INDUSTRIES
B5209,HR TOOLS AND ENGINEERING
B5210,UNITED DRILLING TOOLS LTD
B5211,Cauvery Steels Pvt Ltd
B5212,S R G IMPEX
B5213,JANKI INDUSTRIES LLP
B5214,Zeta Impex
B5215,PREM INDUSTRIES
B5216,GANPATI ELECTRONICS
B5217,AMAIRA ENTERPRISES.
B5218,Eastern Home Industries
B5219,DIGVIJAY EXPORTS
B5220,EURO FOOTWEAR PVT. LTD.
B5221,SURMON LACES AND TAPES
B5222,DIGI EXPORT VENTURE PVT. LTD.
B5223,PARENTS EYE PRIVATE LTD
B5224,S.S.OVERSEAS
B5225,ALLAHABAD AGRO COMMODITIES PRIVATE LIMITED
B5226,ATMARAM TECHNO WELTS
B5227,MCAM SURLON INDIA LIMITED
B5228,B R INDUSTRIES
B5229,ALTMASH EXPORTS
B5230,Spack Laminators P Ltd
B5231,RRB CHEMICALS PRIVATE LIMITED
B5232,ALSTOM BHARAT FORGE POWER PVT. LTD
B5233,APOLLO INTERNATIONAL LTD
B5234,PTL Corporation
B5235,TPSC INDIA PVT LTD
B5236,JAYANITA
B5237,SRI SAI CREATIONS
B5238,SUPERIOR METAL OVERSEAS
B5239,Disha Industries Pvt Ltd
B5240,SHRAWAN HANDICRAFTS
B5241,Normet India Private Limited
B5242,MALHOTRA ELECTRONICS PRIVATE LIMITED
B5243,SIL AUTOFAB LIMITED
B5244,VIVO MOBILE INDIA PVT.LTD
B5245,India Steel Summit Pvt. Ltd
B5246,ELITE SPORTS GROUP
B5247,SHREE BHAGESHWARI PAPERS PVT LTD
B5248,INTERIORS INDUSTRIES
B5249,superheat induction industries pvt ltd
B5250,METAL VALLEY EXPORTS
B5251,SUPERTECH REALTORS PVT LTD
B5252,LEATHER LUXURY
B5253,JAY BEE LAMINATIONS PVT. LTD.
B5254,MANIKYA CREATIONS PVT LTD
B5255,MAHESHWARI TRADERS.
B5256,TANSOL EXIM
B5257,TRINITY TAPE PVT. LTD.
B5258,Impressions Solar Energy
B5259,SHIVAM UDYOG PRIVATE LIMITED
B5260,ASSOTECH SPORTS CO. PVT.LTD.
B5261,Hallo Lamps India
B5262,VSL ALLOYS  INDIA  PVT LTD
B5263,MEGA STEELS PVT. LTD.
B5264,STAR MULTI FAB PRIVATE LIMITED
B5265,Expo trims
B5266,Enkay polymers
B5267,M R Utility Products Pvt. Ltd.
B5268,KHOSLA PRINTERS
B5269,AAR KAY TRADERS
B5270,RAMA PAPER MILLS LIMITED
B5271,MAIL TODAY NEWSPAPERS PVT LTD
B5272,SWASTIK ENTERPRISES..
B5273,HELLY ELECTRICALS
B5274,HIDE & SKINS
B5275,AL UDAI EXIM LLP
B5276,GLORIA ENGINEERING COMPANY
B5277,PAWAN SCIENTIFIC & HANDICRAFT
B5278,KARAMAT TANNING INDUSTRIES
B5279,SEN HON LEE TECHNOLOGIES PRIVATE LIMITED
B5280,WAZIR CHAND & CO PRIVATE LIMITED
B5281,AG. DERCO BELTING  INDIA  PVT LTD
B5282,PEERLESS PRINTING PVT LTD
B5283,U.P. ASBESTOS LTD
B5284,SHARMA INTERNATIONAL
B5285,Ram Prasad Traders
B5286,ADDVERB TECHNOLOGIES PRIVATE LIMITED
B5287,R R INDUSTRIES
B5288,agarwal and associates impex pvt ltd
B5289,MONTAGE ENTERPRISES PVT LTD
B5290,AKHIL BHUWAN INDUSTRIES
B5291,MADHU INDIA DECO LIMITED
B5292,TIRUBALA EXPORTS
B5293,A.S.B IMPEX
B5294,CHAMPO CARPETS
B5295,SHRI BANKEY BIHARI ENTERPRISES
B5296,PASS MICRONS MINERALS PVT. LTD.
B5297,BANSAL & COMPANY
B5298,garcon packaging
B5299,DO MOBILE INDIA PRIVATE LIMITED
B5300,KIAN IMPEX PVT. LTD.
B5301,ASPS INTERNATIONAL LLP
B5302,MANITOU EQUIPMENT INDIA PVT LTD
B5303,EMINENT PIPE AND PROFILES PVT. LTD.
B5304,KUNDAN LEATHERS PVT LTD
B5305,Tantech Industries
B5306,LIT INDIA PRIVATE LIMITED
B5307,DIVINE COLLECTION
B5308,INTERNATIONAL LEATHER GOODS
B5309,HT Media Limited
B5310,MILLENIUM EXPORT
B5311,JAI BHAWANI INDUSTRIES
B5312,VISAGE BEAUTY AND HEALTH CARE PVT LTD
B5313,GASTEK ENGINEERING PVT LTD
B5314,SURI SHOES PVT LTD
B5315,SHREE KRISHNA IMPEX
B5316,AL FAHEEM MEATEX PVT.LTD.
B5317,BENNETT COLEMAN AND CO LTD
B5318,SILVERTON PULP AND PAPERS PVT. LTD.
B5319,CHADHA PAPERS LTD
B5320,SIDDHESHWARI INDUSTRIES PVT LTD
B5321,UPPER INDIA TANNERY PVT. LTD
B5322,SHREE MADHAV STONE CRAFT
B5323,MLJ IMPEX LTD
B5324,Prima Telecom Limited
B5325,METAL INDIA
B5326,SUCHI PAPER MILLS LTD
B5327,MUKUL ENTERPRISES
B5328,SHRI MAHALAXMI TRADERS
B5329,Safari chemicals private limited
B5330,RCI
B5331,STARION INDIA PRIVATE LIMITED
B5332,G K WINDING WIRES LIMITED
B5333,Stable Packaging Private Limited
B5334,RADICON LABORATORIES LIMITED
B5335,Aggarwal Marketing
B5336,KUMAR ROTOFLEX PRIVATE LIMITED
B5337,BINDLAS DUPLUX LIMITED
B5338,ARIHANT PUBLICATIONS INDIA LTD
B5339,SCT LIMITED.
B5340,NATIONAL HANDICRAFTS
B5341,M.B. INDUSTRIES
B5342,AWASTHI SEEDS PRIVATE LIMITED
B5343,CAPITAL POWER SYSTEMS LTD.
B5344,MAGPIE SHIPPING
B5345,RAMVANSH FIBROLOGY PRIVATE LIMITED
B5346,ALIEN ENERGY PVT LTD
B5347,Alexvyan Brothers
B5348,Shiv Overseas
B5349,Y.K. INDUSTRIES
B5350,ANSUN MULTITECH INDIA LTD
B5351,SATI POLYPLAST PVT LTD
B5352,AUTOMOTIVE AND INDUSTRIAL LININGS
B5353,TRADE PERFECTIONS
B5354,CERADECOR INDIA PVT LTD
B5355,VDH CHEM TECH PRIVATE LIMITED
B5356,SRIKARAM PRESCIENCE PVT LTD
B5357,GOYAL CHEMICAL INDUSTRIES
B5358,UFLEX LIMITED
B5359,S.P.R.L. FOODS LIMITED
B5360,ANEST IWATA MOTHERSON PVT. LTD.
B5361,HITECH ULTRAVISION
B5362,Asian Dynasties Grace Industries Limited
B5363,PLASTIC PROCESSORS AND EXPORTERS PVT LTD.
B5364,DENSO INDIA PVT LTD
B5365,Indo Aerospace Solutions Private Limited
B5366,TARUN EXPORT
B5367,XIDA TECHNOLOGY PVT. LTD.
B5368,SUPERTECH LIMITED
B5369,BLUEQUAN SLUTION
B5370,SHIV SHANTI EXIM PVT LTD
B5371,LALITOM FOOD PRODUCTS PRIVATE LIMITED
B5372,RAJESH ENTERPRISES
B5373,YARRA INDUSTRIES P. LTD
B5374,spectrum international
B5375,NAVARUN COMPONENT PVT LTD
B5376,ANORAK ENTERPRISES PVT LTD
B5377,AKOPIN LEATHER & RUBBER INDUSTRIES
B5378,SMARC TEKNOMEC PRIVATE LTD
B5379,Mariyam  Exports
B5380,FOAM SPECIALTIES INDIA PRIVATE LIMITED
B5381,ATOM CORPORATION
B5382,PREMIER LEATHER EXPORTS
B5383,PRACHI ENTERPRISES
B5384,HIMANGI FOODS PVT LTD
B5385,KHANNA TRADERS & ENGINEERS
B5386,ALPEX SOLAR PVT. LTD
B5387,HALDIRAM SNACKS PVT LTD
B5388,B K C GARMENTS LLP
B5389,Balaji Plywood Centre
B5390,PAVAG SPICES LLP
B5391,VN GLOBALS
B5392,SS MILLING AND ENGINEERING CO
B5393,Fairdeal Impex Pvt Ltd
B5394,LAL METAL FORGE LTD
B5395,ALASKA RUBBERS PVT LTD
B5396,EVERGREEN BAMBOO INDIA PRIVATE LIMITED
B5397,HINDUSTAN ENGINEERING
B5398,RETCHAKAR CREATIONS
B5399,SHIV SHANKAR TEXTILES
B5400,HINDUSTANI BOOK DEPOT
B5401,QUBA AGRO
B5402,NAAZ HANDICRAFTS
B5403,CONTINENTAL INDIA PRIVATE LIMITED
B5404,Laxmi Remote India Pvt Ltd
B5405,Agrawal Scientific And Handicrafts
B5406,SB TRADE IN PVT LTD
B5407,COLLECTIVE CREATIONS
B5408,PG ELECTROPLAST LIMITED
B5409,MAHAVIR SPINFAB PVT.LTD.
B5410,XION LITES
B5411,TAKKAR INDUSTRIES
B5412,FATHIMA EXPORT COMPANY
B5413,SWADESHI AGENCIES
B5414,VANSH POLYPACK LLP
B5415,SPARK FIBRES
B5416,M S EXPORT
B5417,SARA-TRANS EXPORT CORPORATION
B5418,LAKSHMI GLASS DECORATOR
B5419,SOFIA EXPORT
B5420,Zippo Mobiles Pvt Ltd
B5421,Syndicate Innovations International Limited
B5422,AGRICARE CORPORATION
B5423,SANTWANI BROTHERS PRIVATE LIMITED
B5424,S.K. GLASS TRADERS
B5425,SAMPARK INDUSTRIES LTD.
B5426,Ingersoll Rand Technologies & Services Pvt Ltd
B5427,MKM RUBBER PVT LTD
B5428,S S IMPORTS
B5429,NATURE WOOD PRODUCTS
B5430,YUEDU TECHNOLOGY PVT LTD
B5431,BTN-INSULO INDIA PVT LTD
B5432,GO IP GLOBAL SERVICES  P  LTD.
B5433,SNOWWHITE INFRASTRUCTUE PRAVATE LIMITED
B5434,STANDARD EQUIPMENTS
B5435,Cmu Metals Private Limited
B5436,SNSGAP INTERNATIONAL SERVICES PVT LTD
B5437,Indeutsch Industries Private Limited
B5438,FLIER INDUSTRIES PVT  LTD
B5439,JJ TRADELINKS PVT.LTD
B5440,OMAXE INTERNATIONAL BAZAAR PRIVATE LIMITED
B5441,ZAIBUNCO INDUSTRIES PRIVATE LIMITED
B5442,SHRI SAI CORPORATION
B5443,EPACK DURABLES SOLUTIONS PRIVATE LIMITED
B5444,SS PAPER CONVERTORS
B5445,ZULFIQAR AND COMPANY
B5446,FUDA AUTOMATION PRIVATE LIMITED
B5447,G.S.R INDUSTRIES
B5448,DESIGNCO PRIVATE LIMITED
B5449,A Y INCORPORATION
B5450,SHINE TEXTILES PVT.LTD.
B5451,SEN EN MIRZA INDUSTRIAL SUPPLY CHAIN
B5452,SURABHI ENTERPRISES PRIVATE LIMITED
B5453,S S ENTERPRISES.
B5454,velox switch gears
B5455,G.R.CORPORATION
B5456,GEE CEE MINERALS
B5457,T.V. TODAY NETWORL LIMITED
B5458,VICTOR PUSHIN CORDS PVT. LTD.
B5459,METEC Electronics Pvt Ltd
B5460,ZEENAT HANDICRAFTS
B5461,GALLANT ISPAT LIMITED
B5462,Shahid Traders
B5463,VONDA TECHNOLOGY  PRIVATE LIMITED
B5464,STANGLOBE LLP
B5465,Neelkanth impex
B5466,THAMES STEELS PVT. LTD.
B5467,HICKS THERMOMETERS  I  LTD
B5468,VECTUS INDUSTRIES LIMITED
B5469,GANPATI NATURAL PRODUCTS
B5470,HAMMING TECHNOLOGY PVT LTD
B5471,S.M.S.N. CONTINENTAL PRIVATE LIMITED
B5472,DECOAT ENTERPRISES
B5473,SHREE BABA GAURI SHANKER FOOD PRODUCTS
B5474,VIBRACOUSTIC NOIDA PVT LTD
B5475,DEVTARA INC
B5476,DELTA ENTERPRISES
B5477,SARAS PAPER INTERNATIONAL
B5478,TDH IMPORT
B5479,PRAYAG CLAY PRODUCTS PRIVATE LIMITED
B5480,Tirubala Exports  India  Private Limited
B5481,TFF RESOURCE MANAGEMENT & SOLUTION PVT.LTD.
B5482,LAZZLE SINK PRIVATE LIMITED
B5483,ARCHITA ESSENTIALS PRIVATE LIMITED
B5484,FOOTCARE COMPONENTS
B5485,TEXCHEM GLOBAL
B5486,EXCEL TRADING CO
B5487,STERLING COMPONENTS INDIA PVT LTD
B5488,SVAMYARTHA SHIPPING & TRADING SOLUTIONS
B5489,JAS POLYCHEM PVT LTD
B5490,AYRA ENTERPRISES
B5491,SunSource Energy Pvt. Ltd.
B5492,TPI UNDERCARRIAGE PVT. LTD.
B5493,MUSKAN INDUSTRIES
B5494,True Value International
B5495,J  M FOOTWEAR EXPORTS PRIVATE LIMITED
B5496,ALLIED GLASSES PVT LTD
B5497,satvik polychem pvt.ltd
B5498,METALS AND MARBLES INDIA
B5499,SANGAL PAPERS LIMITED
B5500,MYGREEN ENVIROPRODUCTS PRIVATE LIMITED
B5501,OCEAN INTERNATIONAL
B5502,OVT INDIA PRIVATE LIMITED
B5503,Aethon International LLP
B5504,STAR ALUMINIUMS
B5505,BHANDARI ENTERPRISES
B5506,SVO FOOTWEAR EXPORTS PRIVATE LIMITED
B5507,DRS CHEMICALS LLP
B5508,SHAMLI STEELS PVT LTD
B5509,SHAHID HANDICRAFTS
B5510,Chenfeng Tech Private Limited
B5511,GLOW GREEN ENERGY LIMITED
B5512,Zain International
B5513,BACO METALLIC INDUSTRIES
B5514,DHARAMPAL SATYAPAL LIMITED
B5515,KHY ELECTRONIC INDIA PRIVATE LIMITED
B5516,VINAYAK GIFTS
B5517,AMERICAN PRECOAT SPECIALITY PVT LTD
B5518,VISHAL IMPEX
B5519,SHREE NAMO ALLOYS
B5520,STARTECH INDIA
B5521,Delux Chemicals and Minerals
B5522,AGC CHMICALS PVT. LTD.
B5523,INDUS KLEED EXPORTS PRIVATE LIMITED
B5524,RAJPUTANA RICE PVT LTD
B5525,TRIVDHI PRESCIENCE  3PL LOGISTICS  PVT LTD
B5526,KOTHARI FERMENTATION AND BIOCHEM LTD
B5527,SHRI KRISHNA SHIKSHA SAMITI
B5528,DESIGN HUT
B5529,NARAYANI NATURALS
B5530,AJAY POLY PVT LTD
B5531,SK Trading
B5532,TAIDA IMPEX PVT LTD
B5533,COGNARA SOLUTIONS PRIVATE LIMITED
B5534,KFY SMART FURNITURE TECHNOLOGY PRIVATE LIMITED
B5535,SEQUEL ALLOYS & WIRES PVT LTD
B5536,Techno Aircon Industries Pvt Ltd
B5537,PRACHI LEATHERS PVT. LTD.
B5538,ARS GLOBAL PRIVATE LIMITED
B5539,WICTOR CHEMICALS INDIA PRIVATE LIMITED
B5540,ENAYAT OVERSEAS
B5541,EKTA FRAGRANCES & FLAVOURS
B5542,Hexagon Metrology India Pvt. Ltd.
B5543,IBRAHIM INTERNATIONAL LIMITED
B5544,LEMA POLYPACK PVT LTD
B5545,FLEX PAC GLOBAL
B5546,THE INKS INDIA
B5547,GOOD LUCK METAL INDUSTRIES
B5548,METOWELD ELECTRO INDIA PVT LTD
B5549,Prosper Group
B5550,ILGCROWN LEATHERS PRIVATE LIMITED
B5551,UNITED CHEMICAL INDUSTRIES
B5552,SUPERLITE JOINTINGS PRIVATE LIMITED
B5553,AVAADA ENERGY PRIVATE LIMITED
B5554,MINGJI TECHNOLOGIES PRIVATE LIMITED
B5555,VACMET INDIA LIMITED
B5556,Delta hardware
B5557,HKHR INTERNATIONAL
B5558,HOME ESSENTIALS INC
B5559,"3R EXIM PVT LTD"
B5560,Ojas Industries
B5561,PAN PARAG INDIA COMPANY
B5562,Priyam Enterprises
B5563,S.R International
B5564,EVEREST TANNERY PRIVATE LIMITED
B5565,Bharat Textile Corporation
B5566,SHALINI TRADING CONSULTANTS
B5567,A.M. Glass International
B5568,MARIA INTERNATIONAL
B5569,COMET INDIA
B5570,SAKSHAM GLASS TRADING CO.
B5571,JAIN CORD INDUSTRIES PVT LTD
B5572,M.A. QURESHI AND Company
B5573,ROMSONS INTERNATIONAL
B5574,TEQUEST
B5575,DJ EXPORT & IMPORT
B5576,Khushi Graphics
B5577,Vaishno Trading Company
B5578,LUCKY EXPORTS
B5579,SALAR OVERSEAS EXPORTS
B5580,BELL FASHIONWEAR PRIVATE LIMITED
B5581,TORPEDO SHOES (P) LTD
B5582,Bajwa Rubber Industries
B5583,SUNPLAST ELECTRONICS PRIVATE LIMITED
B5584,EVEREST EXPORTS
B5585,ALASKA EXPORTS
B5586,CLIFF SCAFFOLDINGS PRIVATE LIMITED
B5587,SAR INTERNATIONAL
B5588,HAVELLS INDIA LIMITED
B5589,TRANSPARENT OVERSEAS
B5590,INTERNATIONAL AGRO FOODS
B5591,GARG INDUSTRIES
B5592,KANISHK METALLOYS
B5593,BENSON SPORTS & ATHLETICS
B5594,K.S.ENTERPRISES
B5595,ALPS INDUSTRIES LTD
B5596,ASHTHVINAYAK AND COMAPNY
B5597,Paharpur Cooling Tower Limited
B5598,NS MARKETING
B5599,CAMIO EXPORTS PVT LTD
B5600,AGNI
B5601,BKP ENTERPRISES
B5602,PARAM INTERNATIONAL.
B5603,UNIQUE FOAM INTERNATIONAL
B5604,M/S ocean paradise logistics pvt ltd
B5605,SDS INFRATECH PVT LTD
B5606,RAJENDRA CHEMICALS
B5607,SPRINT INDIA IMAGINGS PVT LTD
B5608,IQBAL LEATHERS PVT LTD
B5609,SIGMA BUTTONS
B5610,DEV RUBBER FACTORY PVT. LTD.
B5611,STANDARD ELECTRICAL INDUSTRIES
B5612,DESIGNERS POINT INDIA PVT LTD
B5613,SAHU MINERALS AND CHEMICALS
B5614,RELIABLE PACKAGING
B5615,TO BE HEALTHY FOODS PRIVATE LTD
B5616,RPL INDUSTRIES LIMITED
B5617,SAP IMPEX
B5618,SMC CORPORATION INDIA PVT. LTD.
B5619,Exun Biocell Private Limited
B5620,Romsons Scientific & Surgical Industries Pvt. Ltd.
B5621,Madhur Ceramics Pvt. Ltd.
B5622,S S International
B5623,METAL MAKERS MART
B5624,AVJA VENTURES PRIVATE LIMITED
B5625,ADEPT IMPEX PVT LTD
B5626,RAF STATIONARY MFG CO
B5627,RAMABORS EXIM LLP
B5628,SHIV INTERNATIONAL.
B5629,PROACTIVE PLAST PRIVATE LIMITED
B5630,DIXON GLOBAL PVT LTD
B5631,SYNERGY ELECTRICALS & AUTOMATION
B5632,ROMSONS JUNIORS INDIA
B5633,AF EXPORTS
B5634,JINDAL QUALITY TUBULAR LTD
B5635,ANCHOR CHAINS
B5636,EXEDY INDIA LIMITED
B5637,ACQUAVIVA INDIA PVT LTD
B5638,KINJAL ELECTRICALS PVT LTD
B5639,INJECTOPLAST PRIVATE LIMITED
B5640,JBM OGIHARA DIE TECH PRIVATE LIMITED
B5641,HARI OM UDYOG
B5642,DIXON TECHNOLOGIES INDIA LIMITED
B5643,DANSN INTERNAITONAL PRIVATE LIMITED
B5644,GLOBAL STEEL TRADING CO
B5645,COOPER STANDARD INDIA PVT LTD
B5646,U.G.Engineering Private Limited
B5647,Parfait lingierie india pvt ltd
B5648,MV VENTURES
B5649,ASSOMAC MACHINES LIMITED
B5650,MEZETECH POWER INDIA PVT LTD
B5651,POWER DUO INDUSTRIES
B5652,SOOTHE HEALTHCARE PRIVATE LIMITED
B5653,CHENYANG ELECTRONICS INDIA PVT LTD
B5654,Ghaziabad Technocrate Consultants Pvt Ltd
B5655,KWALITY BRAKES COMPANY
B5656,VIJAY SHANKER VINAY KUYMAR
B5657,ALMASS INTERNATIONAL
B5658,DEEPAK AGRO PRIVATE LIMITED
B5659,POOJA PRODUCTS INDIA
B5660,OXYTEK COMPONENTS PRIVATE LIMITED
B5661,J R S POLYMERS
B5662,METAFLEX DOORS INDIA PVT LTD
B5663,CONNECT INDIA INC
B5664,HAIQI EXHIBITION PRIVATE LIMITED
B5665,INTERIORS DECORATION & HANDICRAFTS
B5666,PARADISE AUTO AND ELECTRICALS
B5667,SPARSH INDUSTRIES PVT LTD
B5668,SANJAY TRADERS
B5669,UNIQUE  INTERNATIONAL
B5670,DEEPAK JAIN ENTERPRISES
B5671,ISMAIL EXPORTS
B5672,MANDEEP CABLES PVT. LTD.
B5673,ALASKA MULTIPOLYMERS PVT. LTD.
B5674,PUJA TRADERS
B5675,HIMALAYAN HORSE CARE PRODUCTS PVT. LTD.
B5676,SURBHI TELELINK PVT LTD
B5677,Kiran International
B5678,TENTECH LED DISPLAY PRIVATE LIMITED
B5679,Agarwal import export incorporation
B5680,G.R.BIOURE SURGICAL SYSTEM PRIVATE LIMITED
B5681,RFB LATEX LIMITED
B5682,DIA33 ENTERPRISES INDIA LLP
B5683,REX PRINTING & BINDRY EQUIPMENTS PVT.LTD.
B5684,VIDYA CHEMICALS
B5685,S.K. EXPORTS
B5686,GOVINDA HANDICRAFTS
B5687,DYNAMIC COMPONENTS PVT.LTD.
B5688,ARPAN FRAGRANCES PVT.LTD.
B5689,seven hills corporationn
B5690,APSARA ENTERPRISES
B5691,MEDICO ELECTRODES INTERNATIONAL LIMITED
B5692,BARK TECHNOLOGIES
B5693,GOYAL BROTHERS PRAKASHAN
B5694,VIMAL PLAST  INDIA PVT.LTD.
B5695,KLA Foods (India) Limited
B5696,FORACE POLYMERS PVT LTD
B5697,ASHISH AGRI FOODS PVT LTD
B5698,KLA India Public Limited
B5699,Pashupati Laminators Pvt. Ltd
B5700,A P RUBBER INDUSTRIES
B5701,Encraft India Pvt Ltd
B5702,FLEX FOODS LIMITED
B5703,KASA LIGHTS & ELECTRONICS PVT LTD
B5704,STERLITE POWER TRANSMISSION LIMITED
B5705,VEENA ENTERPRISES LIMITED
B5706,AAY CEE ENTERPRISES
B5707,Sahota Papers Limited
B5708,OM SAI PHARMA PACK
B5709,PASHUPATI EXTRUSIONS PVT LTD
B5710,Galwalia Ispat udyog pvt ltd
B5711,MAKINO AUTOMOTIVE
B5712,FORACE INDUSTRIES PVT. LTD.
B5713,ACME INDUSTRIES
B5714,Radical Plast Pack Pvt. Ltd.
B5715,INFINITE WATER SOLUTIONS PVT. LTD.
B5716,Bakers Circle India Pvt Ltd
B5717,UPTODATE PLASTICS AND PACKAGINGS PRIVATE LIMITED
B5718,FINOLEX CABLES LTD
B5719,CHEEMA PAPERS LIMITED
B5720,UTTRANCHAL PULP AND PAPER MILLS PVT LTD
B5721,UI FABRICATORS PVT. LTD
B5722,BALAJI ACTION BUILDWELL
B5723,R P AUTOSTYLES
B5724,UNIVERSAL INDUSTRIES
B5725,NEEDLE EYE PLASTIC INDUSTRIES PVT LTD
B5726,EMBRO POLLY PRODUCTS
B5727,GREEN PINE INDUSTRIES
B5728,KMC ELECTRONICS PVT LTD
B5729,AVEENA MILK PRODUCTS
B5730,HINDUSTAN ADHESIVES LTD
B5731,GUPTA POWER INFRASTRUCTURE LTD
B5732,ULTIMATE FLEXIPACK LTS
B5733,INDO DUTCH HORTICULTURE TECHNOLOGIES P LTD
B5734,MG TRADERS
B5735,MULTIWAL PULP AND BOARD MILLS PVT LTD
B5736,PIONEER POLYLEATHERS LIMITED
B5737,VISHIWANATH PAPER AND BOARDS LIMITED
B5738,EAST WEST PRODUCTS LTD
B5739,Clariant IGL Specialty Chemicals Pvt. Ltd.
B5740,MULTIWAL DUPLEX PRIVATE LIMITED
B5741,CAMPUS ACTIVEWEAR PVT LTD
B5742,U.S.METAL PRODUCTS
B5743,DOON OPTICAL SYSTEMS PRIVATE LIMITED
B5744,INTEC CORPORATION
B5745,MANAGE CHEMICALS PVT LTD
B5746,MEGHDOOT PACKAGING  UTTARANCHAL
B5747,GEMTREE NATURAL PRODUCE PVT. LTD.
B5748,Darrameks Hotels & Developers Pvt ltd
B5749,J K PARAS POLYCOATS LTD
B5750,SHEEL CHAND AGROILS PVT LTD
B5751,Red rose flocking industries
B5752,VISION METAL AIDS P LTD
B5753,MAHALAXMI INDUSTRIES
B5754,VISHVAKARMA PAPER & BOARDS LTD.
B5755,KKG INDUSTRIES
B5756,SHANTI REFRIGERATION INDUSTRIES PVT LTD
B5757,BANWARI PAPER MILLS LIMITED
B5758,ITRON INDIA PRIVATE LIMITED
B5759,KASHI VISHWANATH STEELS PVT. LTD.
B5760,Akums Drugs & Pharmaceuticals Limited
B5761,SHREE BANKEY BIHARI METALS
B5762,CANADIAN SPECIALITY VINYLS
B5763,UP ALUMS PRIVATE LIMITED
B5764,LUMAN INDUSTRIES LTD.
B5765,MEDROX OVERSEAS
B5766,SYNOKEM PHARMACEUTICALS
B5767,IVCM STAR INDIA PVT. LTD.
B5768,ANDS LITE PVT LTD
B5769,NATIONAL PLASTO MOULDING
B5770,DRIPLEX WATER ENGINEERING INTERNATIONAL PVT. LTD
B5771,RAJLAKSHMI PAPER & BOARDS  P   LTD
B5772,Nanofil Technologies Pvt. Ltd.
B5773,AXA PARENTERALS LTD
B5774,Naini Papers Limited
B5775,DEVRISHI PAPERS PVT.LTD.
B5776,KARAM SAFETY PRIVATE LIMITED
B5777,Shivalik Emterprises
B5778,Pashupati Polytex Pvt. Ltd
B5779,BAGLA POLIFILMS LTD
B5780,Psb Papers Private Limited
B5781,ITC LTD
B5782,KARAM INDUSTRIES
B5783,Automat Irrigation Pvt Ltd
B5784,Kam Tech Solar Power Products Private Limited
B5785,Abhishek Gupta
B5786,DHUNSERI PETROCHEM LIMITED
B5787,MURLIDHAR RATANLAL EXPORTS LIMITED
B5788,MANGAL STEEL ENTERPRISES LTD.
B5789,GANGA RASAYANIE PVT LTD.
B5790,SAI INDUSTRIES P LTD
B5791,Marcus Oils & Chemicals Pvt. Ltd.
B5792,RAJDA INDUSTRIES & EXPORTS PRIVATE LIMITED
B5793,A. R. SULPHONATES PVT LTD
B5794,VIKRMA IMPEX PVT. LTD.
B5795,NIF ISPAT LTD
B5796,AI CHAMPDANY INDUSTRIES LTD
B5797,SKM AGRO PVT LTD
B5798,VITHIKA ALMAL JALAN
B5799,EHSANMANN TRADING CONCERN
B5800,ASIAN TEA COMPANY PRIVATE LIMITED
B5801,IMPERIAL FRUIT PRESERVING CO.
B5802,THE JOREHAUT TEA LIMITED
B5803,Crescent Foundry Co Pvt Ltd
B5804,BAY SEAFOOD PVT. LTD.
B5805,EMAMI LIMITED
B5806,SHREE BALAJI EXPORTS
B5807,SEA PRODUCTS INDIA PRIVATE LIMITED
B5808,EASTERN ELECTRODES & COKE PVT LTD
B5809,BIRLA CORPORATION LIMITED UNIT-BIRLA JUTE MILLS
B5810,Shivam Iron and Steel Co. Ltd.
B5811,PRAGATI EDIBLE PROCESSING PRIVATE LIMITE
B5812,GLOBAL EXIM PVT LTD
B5813,Acromont Corporation
B5814,JIWANRAM SHEODUTTRAI INDUSTRIES PVT LTD
B5815,CALCUTTA OVERSEAS CORPORATION
B5816,GLOBAL DRIED FLOWERS
B5817,Reyansh Exports Pvt Ltd
B5818,AVIMA EXPORTS (P) LTD.
B5819,Calcutta Export Company
B5820,GOODRICKE GROUP LIMITED
B5821,MATHON ELECTRIC MOTORS INDIA LIMITED
B5822,CALCUTTA SEA FOODS PRIVATE LIMITED
B5823,GAUTAM VANIJYA PRIVATE LIMITED
B5824,COASTAL PACKAGERS PVT. LTD.
B5825,Madhu Jayanti International Private Limited
B5826,ELECTROSTEEL CASTINGS LTD
B5827,SYDNEY AGENCIES PRIVATE LIMITED
B5828,MAGNUM EXPORT
B5829,SUPER SMELTERS LIMITED
B5830,DEEPS TEXSTYLES PVT. LTD.
B5831,BADRUDDOJA & SONS
B5832,KOPELL GROUNDING SYSTEMS PVT LTD
B5833,MOHAN JUTE BAGS MFG CO
B5834,AMRFEO PRIVATE LIMITED
B5835,R B AGARWALLA & CO
B5836,SATVIK  ENTERPRISES  LIMITED
B5837,ELQUE & CO.
B5838,AARUSHI SALES PRIVATE LIMITED
B5839,EDCONS EXPORTS PRIVATE LIMITED
B5840,S M INTERNATIONAL
B5841,IV Creation Private Limited
B5842,Junior
B5843,P C CHANDA & CO. PRIVATE LIMITED
B5844,Godfrey Phillips India Limited
B5845,ARIHANT INTERNATIONAL
B5846,TIRUPATI INTERNATIONAL
B5847,Govind Steel Company Limited
B5848,MALLCOM  INDIA  LIMITED
B5849,BALAJI EXIM ENTERPRISES PRIVATE LIMITED
B5850,ASSAM COMPANY INDIA LIMITED
B5851,APEEJAY TEA LIMITED
B5852,RAMA OVERSEAS LTD.
B5853,MIDA & COMPANY PRIVATE LIMITED
B5854,OTHELLO GLOBAL LLP
B5855,ANKITA ENTERPRISE
B5856,SARAOGI SHELLAC OVERSEAS CORP
B5857,ZENITH APEX PRIVATE LIMITED
B5858,BENGAL METALS
B5859,JAY SHREE TEA AND INDUSTRIES LTD.
B5860,Anjaney Ferro Alloys Limited
B5861,GLOBAL CASTINGS PRIVATE LIMITED
B5862,Modi Niryaat
B5863,ORCHID INTERNATIONAL
B5864,M. K. SHAH EXPORTS LTD
B5865,THE NAIHATI JUTE MILLS COMPANY LIMITED
B5866,DELTA PLUS  INDIA  PVT.LTD.
B5867,BINAYAK HI-TECH ENGINEERING PVT LTD
B5868,PACIFIC JUTE LIMITED
B5869,Tata International Ltd.
B5870,EVEREST ALUMINIUM PVT LTD
B5871,McLEOD RUSSEL INDIA LIMITED
B5872,UMA UDYOG
B5873,Kamrup Tea Company
B5874,TECHNO TANK INDUSTRIES
B5875,WELCAST INDIA PRIVATE LIMITED
B5876,Shree Krishna Electricals
B5877,Ebad Exports Pvt.Ltd
B5878,IFB AGRO INDUSTRIES LIMITED
B5879,KAJARIA IRON & STEEL CO. PVT. LTD.
B5880,MOHAN JUTE LTD
B5881,SWISS SINGAPORE INDIA PVT. LTD.
B5882,Supreme & Co Pvt Ltd
B5883,SRINIDHI CONSULTANCY
B5884,SUPER IRON FOUNDRY
B5885,PATTON INTERNATIONAL LIMITED
B5886,CALCUTTA SPRINGS LIMITED
B5887,MITTAL POLYPACKS PRIVATE LIMITED
B5888,SMART LEATHER PRODUCTS
B5889,BAGHMARI TEA COMPANY LTD
B5890,LOGAN MINERALS PVT LTD
B5891,TEA PROMOTERS INDIA
B5892,USHA MARTIN LIMITED
B5893,TEX TRENDS INDIA
B5894,GOEL ALLOY & STEEL PRIVATE LIMITED
B5895,BALAJI AGRO PVT. LTD.
B5896,TATA GLOBAL BEVERAGES LIMITED
B5897,TANKESHWARI METAL POWDER PRODUCTS PRIVATE LIMITED
B5898,OCTOPUS AGRO BIONATURALS PRIVATE LIMITED
B5899,Shri Maa Polyfabs Limited (Unit-II)
B5900,Lindsay International Pvt.Ltd.
B5901,Hemraj Industries Private Limited
B5902,GLOSTER LIMITED
B5903,SAI FERTILIZERS & PHOSPHATES PVT LTD
B5904,J.M.LEATHERS
B5905,P K AGRI LINK PRIVATE LIMITED
B5906,J. J. UDOG
B5907,SAKAMBARI CORDAGE CO PRIVATE LIMITED
B5908,AKJ INDUSTRIES PRIVATE LIMITED
B5909,NUPUR VINIYOG P LTD
B5910,BALASORE ALLOYS LIMITED
B5911,MORTEX (INDIA)
B5912,Blackstone Overseas Private Limited
B5913,NSI (INDIA) LIMITED
B5914,JINDAL (INDIA) LIMITED
B5915,LA OPALA RG LIMITED
B5916,PEET AAMBER INDUSTRIES
B5917,GEE LIMITED
B5918,S. D. INTERNATIONAL
B5919,PACHARIA EXPORTS PRIVATE LIMITED
B5920,SABOO COTSPIN  P  LTD
B5921,KHAITAN RICE  MILL PVT LTD
B5922,G D ENTERPRISE
B5923,Dinesh Brothers PRIVATE LIMITED
B5924,GAYSON & CO.(P) LTD.
B5925,HI-TECH INFORMATION & MARKETING PVT. LTD.
B5926,Weaverly Jute Mills Pvt. Ltd.
B5927,ASHOKA EXPORTS
B5928,BROWN VINIMAY PRIVATE LIMITED
B5929,S.M. NIRYAT PRIVATE LIMITED
B5930,BORIS IMPORT & EXPORT COMPANY
B5931,CHEVIOT COMPANY LIMITED
B5932,PODDAR MERCANTILE PRIVATE LIMITED
B5933,NEW TEA COMPANY LTD
B5934,Ramkrishna Forgings Limited
B5935,APICAL EXIM PVT LTD
B5936,BENGAL QUALITY METALPRODUCTS PRIVATE LIMITED
B5937,KARIWALA INDUSTRIES LTD
B5938,ASHIRWAD FOUNDRIES
B5939,BANSAL BISCUITS PRIVATE LIMITED
B5940,UTKAL MOULDERS (PRO UTKAL MOULDINGS PVT. LTD.)
B5941,JAY BABA BAKRESWAR RICE MILL PVT. LTD.
B5942,ELOQUENT EXIM PVT LTD
B5943,TRL KROSAKI REFRACTORIES LIMITED
B5944,ZENITH EXPORTS LIMITED
B5945,DURGAPUR ISPAT UDYOG PVT. LTD.
B5946,AGRI IMPORT AND EXPORT LIMITED
B5947,A P FASHIONS PRIVATE LIMITED
B5948,RITESH INDUSTRIES
B5949,SHREERAMJI AGRO FOOD PRIVATE LIMITED
B5950,S.K.IMPEX
B5951,STAR PIPE PRODUCTS  INDIA  PRIVATE LIMITED
B5952,RATNASAGAR HERBALS PVT. LTD.
B5953,AGARWAL INDUSTRIES (PROP.AGARWAL BOLTS LTD.)
B5954,HALDIA PETROCHEMICALS LIMITED
B5955,BINAYAK HI TECH ENGG LTD
B5956,NETRI INTERNATIONAL PRIVATE LIMITED
B5957,VAACHI INTERNATIONAL PRIVATE LIMITED
B5958,JAIKISHANDAS MALL JUTE PRODUCTS PVT LTD
B5959,GREEN LEAVES & MACHINES PRIVATE LIMITED
B5960,SKSK LANDMARK PRIVATE LIMITED
B5961,BT EXIM PRIVATE LTD
B5962,ALLOYS & METALS INDIA
B5963,AALTEX INTERNATIONAL
B5964,BHATTACHARYA TIMBER
B5965,JPM EXPORTS PRIVATE LIMITED
B5966,Ambootia Tea Exports Pvt. Ltd.
B5967,PRITHVI FERRO ALLOYS PRIVATE LIMITED
B5968,GREENFIELD EXPORTS LTD
B5969,SUNNY TREXIM  PRIVATE LIMITED
B5970,Crest International
B5971,OASIS AGENCIES PRIVATE LIMITED
B5972,PREM GRANITES AND MARBLE
B5973,B. S. ARORA & SONS HUF
B5974,Tropicana Exotics Private Limited
B5975,ADHUNIK INDUSTRIES LIMITED
B5976,KNC AGRO LTD
B5977,SILICON INDIA
B5978,INDIAN CHAIN PVT LTD
B5979,IFGL REFRACTORIES LTD
B5980,RANJITA AGENCIES PRIVATE LTD
B5981,LALWANI FERRO ALLOYS LTD
B5982,BASU INTERNATIONAL
B5983,ARIHANT WORLDWIDE LTD
B5984,Howrah Ferrous Limited
B5985,RAGHUNATH EXPORTS COMPANY
B5986,K E ENTERPRISES
B5987,V P UDYOG LIMITED
B5988,PREMIERS TEA LIMITED
B5989,Leather International Safety Products
B5990,SAR APPARELS INDIA PRIVATE LIMITED
B5991,Jumac Manufacturing Pvt Ltd
B5992,BHANSALI AND  COMPANY
B5993,Skipper Limited
B5994,VARRSANA ISPAT LIMITED
B5995,ARPEE METALIKS PRIVATE LIMITED
B5996,UNITRIVENI OVERSEAS
B5997,RAGHUNATH EXPORTERS
B5998,JAY GANESH ENTERPRISES
B5999,JPK METALLICS PRIVATE LIMITED
B6000,SILICA EXPORTS INDIA PRIVATE LIMITED
B6001,LMJ INTERNATIONAL LIMITED
B6002,Yogendra International
B6003,COSMIC FERRO ALLOYS LIMITED
B6004,VIJAY KUMAR & CO JUTE PVT. LTD.
B6005,Krypton Industries Limited
B6006,GRAPHITE INDIA LIMITED
B6007,SKP MERCHANTS LLP
B6008,RPV EXPORTS PRIVATE LIMITED
B6009,Woollen Textile Industries
B6010,AGL Polyfil Private Limited
B6011,AMRIT IMPEX PRIVATE LIMITED
B6012,SOLACE EXPORTERS
B6013,AMARAWATI TEA COMPANY  LIMITED
B6014,Giriraj Nature Care Bags
B6015,GPT Infraprojects Limited
B6016,INDIA GLAZES LIMITED
B6017,MANAKSIA STEELS LIMITED
B6018,Swati International
B6019,SARAOGI REUSABLE BAGS
B6020,ROYAL TOUCH FABLON PVT LTD
B6021,PARAS ENGINEERING WORKS
B6022,ANISH INDUSTRIAL CORPORATION
B6023,PANASIAN IMPEX PRIVATE LIMITED
B6024,PARAG VINIMAY PRIVATE LIMITED
B6025,M.K.JOKAI AGRI PLANTATIONS PRIVATELIMITED
B6026,RICHIE BAGS & FASHIONS PVT.LTD.
B6027,TIJIYA ENGINEERING PVT LTD
B6028,SAFECHEM INDUSTRIES
B6029,MITTAL TECHNOPACK PVT. LTD.
B6030,PHILLIPS CARBON BLACK LTD
B6031,CHAMONG TEE EXPORTS PVT LTD
B6032,SOLEX CHEMICALS PRIVATE LIMITED
B6033,SHETH COMMERCIAL CO
B6034,HIGHPOINT TRADELINK  PRIVATE LIMITED
B6035,INDUSTRIAL FORGING INDUSTRIES
B6036,JAYPEE INDIA LTD
B6037,IVL DHUNSERI PETROCHEM  INDUSTRIES PRIVATE LIMITED
B6038,RAGHUNATH EXPORTS PVT LTD
B6039,TRIDEV PACKERS
B6040,SETHIA OILS LIMITED
B6041,JEKAY INTERNATIONAL TRACK PRIVATE LIMITED
B6042,AMRITDHARA OVERSEAS PVT. LIMITED
B6043,HIND SUTER SHELLAC PVT LTD
B6044,PRAGATI AGRI PRODUCTS PRIVATE LIMITED
B6045,DOLPHIN LEATHERS
B6046,SWASTIK ENTRADE PRIVATE LIMITED
B6047,LUMENS INDIA
B6048,AGGRESSIVE TEXTRADE PRIVATE LIMITED
B6049,PHILIPS LIGHTING INDIA LIMITED
B6050,PRIVI EXPORTS  PRIVATE LIMITED
B6051,COMMEX CORPORATION
B6052,ALBERTDAVID LTD
B6053,KADAMBARI MERCANTILE PVT LTD
B6054,MESCO EQUIPMENT P LIMITED
B6055,HINDUSTHAN NATIONAL GLASS & INDUSTRIES LTD
B6056,S P TRADELINKS
B6057,Marg Steel Private Limited
B6058,KING CHEMICALS
B6059,STEEL AUTHORITY OF INDIA LIMITED
B6060,CHANDA TRADING CONCERN
B6061,INDARSEN SHAMLAL PRIVATE LIMITED
B6062,XPRO INDIA LTD.
B6063,B S ENGINEERING MACHINERY PVT. LTD.
B6064,SPARES TRADING & AGENCIES CO
B6065,SMART STAINLESS TUBES PVT. LTD.
B6066,ARISTO TEXCON PVT LTD
B6067,MEHEK FORGING INDUSTRIES PRIVATE LIMITED
B6068,ELRICH INTERNATIONAL PRIVATE LIMITED
B6069,T&I GLOBAL LTD
B6070,AGRO COMMODITIES
B6071,CENTURY PLYBOARDS  INDIA  LTD
B6072,PANKAJ MEHRA
B6073,V.G. EXPORTS
B6074,H.R.STEEL INDUSTRIES
B6075,IMPEX WORLD
B6076,MARVELLOUS  INDIA
B6077,UNIQUE LUGGAGES
B6078,bajaj glass centre
B6079,GRS GRAPHITE PVT. LTD.
B6080,THE JOREHAUT GROUP LIMITED
B6081,P. CHUNILAL & SONS
B6082,Climax Engineering Co.
B6083,MALU ENTERPRISES PVT LTD
B6084,R K IMPEX PVT LTD
B6085,Shiwa Industrial Corporation
B6086,Gillanders Arbuthnot & Company Limited
B6087,Surajbhan Commodities Private Limited
B6088,GEM ALLIED INDUSTRIES PVT. LTD.
B6089,RAVI COMMODITIES PVT. LTD.
B6090,VINIT GLOVES MANUFACTURING PRIVATE LIMITED
B6091,LABBAIK INTERNATIONAL
B6092,SUN FORGINGS
B6093,CHOWDHARY INTERNATIONAL
B6094,FTC EXIM PVT LTD
B6095,EXCEL OVERSEAS
B6096,ANGLO INDIA JUTE AND TEXTILE INDUSTRIES PVT. LTD.
B6097,BANIK RUBBER INDUSTRIES INDIA  PVT. LTD.
B6098,TEXMACO HI-TECH PRIVATE LIMITED
B6099,R.R.INTERNATIONAL
B6100,RAJ KUMAR SHELLAC INDUSTRIES
B6101,JAGRATI TRADE SERVICES PVT LTD
B6102,MASOOD ALAM & CO.
B6103,ACKNIT INDUSTRIES LIMITED
B6104,STORES SUPPLY INDIA  AGENCY PVT LTD
B6105,PATEL AGROTECH PRIVATE LIMITED
B6106,GRAPHITE & MINERAL PRODUCTS
B6107,Calcutta Ferrous Limited
B6108,NEO IMPEX
B6109,Corona Steel Industry Private Limited
B6110,NATURE FASHION SQUARE PRIVATE LIMITED
B6111,BENGAL TEA &  FABRICS LIMITED
B6112,HI TECH MINERALS AND CHEMICALS
B6113,NEWBY TEAS OVERSEAS PVT L
B6114,OSTERN PVT. LTD.
B6115,PRECISION WELDARC LIMITED
B6116,SKC TRADING CO
B6117,SUVARNA STEELCORE PVT. LTD.
B6118,HITECH HATCH FRESH PRIVATE LIMITED
B6119,J M BIOTECH PVT LTD
B6120,PRABHU WHEEL AND AXEL INDIA
B6121,BALAJEE METALLIC
B6122,CREATIVE POLYPACK LTD
B6123,ASSOCIATED PIGMENTS LIMITED
B6124,CRESMAC FOUNDRY PVT LTD
B6125,Best Safety Pvt Ltd
B6126,JANKIDAS HANUMANBUX AND CO
B6127,ABHAYA EXPORTS PRIVATE LIMITED
B6128,H P COTTON CASUALS PRIVATE LIMITED
B6129,SIMPEX INTERNATIONAL
B6130,PARAGON OVERSEAS LTD
B6131,NEZAMI REKHA SEAFOODS PVT LTD
B6132,KISWOK INDUSTRIES PVT.LTD.
B6133,LVS EARTHMOVERS PVT. LTD.
B6134,J P FLOUR MILLS PRIVATE LIMITED
B6135,SWASH EXIM PRIVATE LIMITED
B6136,Baljit Iron Private Limited
B6137,RADHA SUPPLIES
B6138,ZZONM
B6139,R.S.LEDER WAREN PVT LTD
B6140,UTKARSH INDIA LIMITED
B6141,COTTON CASUALS  I  P. LTD.
B6142,RISHABRAJ LOGISTICS LIMITED
B6143,OIL INDIA LTD
B6144,AKASH MARKETING
B6145,DAXER TRADING PRIVATE LIMITED
B6146,NARENDRA TEA COMPANY PRIVATE LIMITED
B6147,COSMIC CONSUMER GOODS PVT LTD
B6148,ANZEN EXPORTS
B6149,MDS TRADERS
B6150,BIG BULL TRADER PVT LTD
B6151,UNITED ENGINEERING EASTERN CORPORATION
B6152,VTR Marketing
B6153,JAI GUPTA
B6154,SALTS AND CHEMICALS PRIVATE LIMITED
B6155,BABA BAIDHNAH TRADING CO.
B6156,GQM SERVICES
B6157,SLEEPWELL INDUSTRIES NEPAL P LTD
B6158,EASTERN COPPER MANUFACTURING COMPANY PVT LTD
B6159,S.I.S. ORGANO CHEMICALS
B6160,JAI KLISHAN AGRICULTURAL EQUIPMENTS
B6161,VIBGYOR ARTS
B6162,OCL INDIA LIMITED
B6163,Rakesh Kumar Ramesh Chandra Chemicals  P Ltd.
B6164,JANVI PLASTOCAB PVT LTD
B6165,S.M. MARKETING AGENCY
B6166,ARCL ORGANICS LTD
B6167,SUPER IRON FOUNDRY PVT LTD
B6168,MIRONDA TRADE AND COMMERCE PRIVATE LIMITED
B6169,MISSIONARIES OF CHARITY
B6170,GANAPATI TRADERS
B6171,UNITED MASTERBATCHES PRIVATE LIMITED
B6172,C.D. FABRICS PRIVATE LIMITED
B6173,K R IMPEX
B6174,SEWMACH SYNDICATE
B6175,MOBEL INDIA PVT. LTD
B6176,HOODS CORPORATION
B6177,Emichem Private Limited
B6178,om shipping agency
B6179,INTERNATIONAL CONVEYORS LTD.
B6180,ALPRO EXTRUSION PRIVATE LIMITED
B6181,CHIRAJ  APPLIANCES  PVT  LTD
B6182,SUNSHINE ENTERPRISE..
B6183,UNNATI EXPORTS
B6184,METCON WATER SYSTEMS PVT.LTD
B6185,MANOKA FABRICS
B6186,EVERLASTING VYAPAAR PRIVATE LIMITED
B6187,K G ISPAT PRIVATE LIMITED
B6188,Rohit Ferro-Tech Limited
B6189,SHREE NATHJI EXPORT
B6190,Dhanoolall & Sons
B6191,MURABLACK VYAPAAR PVT LTD
B6192,ANUKUL ENTERPRISES PVT. LTD
B6193,TRISHTHA INDUSTRIES PRIVATE LIMITED
B6194,REENI IMPORTS
B6195,WILSON ENGINEERING INDUSTRIES PVT LTD
B6196,BIBHAS BASU MALLIK
B6197,SILVERLINE TAPES MANUFACTURING PVT LTD
B6198,JANTA CABLE INDUSTRIES PVT LTD
B6199,VIDHI NIWAS PVT. LTD
B6200,BAHETI EXPORTS LIMITED
B6201,CALCUTTA CORK INDUSTRIES
B6202,VESUVIUS INDIA LTD
B6203,SHREE GR EXPORTS PVT. LTD.
B6204,Zest Tex International
B6205,KAMARHATTY CO LTD
B6206,MAYUR ENTERPRISES
B6207,SUNEET INDUSTRIES
B6208,UMA EXPORTS LTD.
B6209,SEWING MACHINERIES & SPARES
B6210,KEJRIWAL CASTINGS LIMITED
B6211,CARBIDE CUTTING TOOLS PVT.LTD.
B6212,K.M.CORPORATION
B6213,GEO MET RESOURCES
B6214,Exide Industries Limited
B6215,INTERNATIONAL CARGO MANAGEMENT SERVICES
B6216,RUBCHEM INDIA PVT. LTD.
B6217,CHIRAG INDUSTRIES
B6218,EXPO GLOVES PVT LTD
B6219,SIGMA POWER PRODUCT PRIVATE LIMITED
B6220,GIRNAR TRADING
B6221,AJAY INTERNATIONAL PVT LTD
B6222,J G HOSIERY PVT LTD
B6223,AL RAFIQUE INTERNATIONAL
B6224,BABA MALLESHWAR AGRO PRODUCTS PVT.LTD
B6225,TANAY UDYOG
B6226,RATNAKA RESIN PRIVATE LIMITED
B6227,MARKETING INDIA
B6228,TYCOONS OVERSEAS
B6229,BP PLYBOARD PVT. LTD.
B6230,PLASTI PACK
B6231,AKASH CHEMICALS & POLYMERS
B6232,GANAPATHI EXPORTERS
B6233,SAR CLOTHING ( INDIA ) PRIVATE LIMITED
B6234,WILLOWOOD CHEMICALS PVT LTD
B6235,S R TREXIM PRIVATE LIMITED
B6236,INDUSTRIAL SAFETY PRODUCTS PVT LTD
B6237,HIMADRI CHEMICALS & INDUSTRIES LIMITED
B6238,AERO AGRO CHEMICAL INDUSTRIES LTD.
B6239,AROMA CORPORATION
B6240,INDUSTRIAL FORGING INDUSTRIES PVT LTD
B6241,USHA CORPORATION LIMITED
B6242,KRISHNA ELECTRONICS
B6243,PURBA TEA EXPORTS PVT LTD
B6244,EBELL FASHIONS PRIVATE LIMITED
B6245,SARAH INTERNATIONAL
B6246,SUNIL CHEMICALS
B6247,CHAMPALAL OMPRAKASH
B6248,PUSHPANJALI MEDI INDIA PRIVATE LIMITED
B6249,P BHOGILAL PVT LTD
B6250,Parasnath Inndustries
B6251,RATNAKA ENTERPRISE
B6252,BRIGHT TRADING CO
B6253,Maithan Alloys Limited
B6254,Satyanarayan Ispat Pvt Ltd
B6255,GLEN INDUSTRIES PRIVATE LIMITED
B6256,Hitex International
B6257,BIZPRO IMPEX PVT LTD
B6258,AMBAY IMPORT PVT LTD
B6259,ALPHA TRADING
B6260,ADANI AGRIFRESH LTD.
B6261,UNIQUE INTERNATIONAL TRADERS
B6262,BAISHAKHI TEXTILE
B6263,KOLAR INDIA
B6264,MID WEST CHEMICALS PVT LTD
B6265,R B A EXPORTS PVT LTD
B6266,FASHION BAZAAR SALES PVT. LTD.
B6267,TUFFSTONE RESOURCES PRIVATE LIMITED
B6268,FKP IMPEX PVT LTD
B6269,SILVIANO
B6270,PALLAVI ENTERPRISES
B6271,Impex Metal & Ferro Alloys Limited
B6272,LUMINOUS INTERNATIONAL
B6273,NIVEDITA SHIPPING & LOGISTICS PRIVATE LIMITED
B6274,INDIAN OIL CORPORATION LIMITED
B6275,GOLCHHA POLYMERS & CHEMICALS
B6276,TIL LIMITED
B6277,Ibeja International Pvt. Ltd.
B6278,IMEX ENTERPRISES
B6279,S. K. TRADING COMPANY
B6280,BATA INDIA LIMITED
B6281,ANNAPURNA WINDING WIRES
B6282,MATRIBHUMI RICE MILLS LLP
B6283,global Recycling
B6284,D. C. Ghose & Co.  A.  Pvt. Ltd.
B6285,CHEMSILK COMMERCE PVT. LTD.
B6286,A R OVERSEAS TRADECOM PRIVATE LIMITED
B6287,BHUVANESHWOR TRADERS
B6288,ASIA PACIFIC MARBLES.
B6289,ANIKET TEXTILES PRIVATE LIMITED
B6290,NEP NUTRITION PVT LTD
B6291,INDIAN METALS & ALLOYS MFG CO PVT. LTD.
B6292,D SAURABH TREXIM PRIVATE LIMITED
B6293,CHAMUNDI EXTRUSIONS PRIVATE LIMITED
B6294,EXCEL IMPORT PVT. LTD.
B6295,PODDAR BUSINESS PVT LTD
B6296,ORBIT LEATHERS PVT LTD
B6297,Impex Ferro Tech Limited
B6298,OSB Overseas Private Limited
B6299,VISA RESOURCES INDIA LIMITED
B6300,TIRUMALA ENTERPRISES
B6301,S.HEM ENTERPRISES
B6302,AALEE TECHNOLOGIES
B6303,PUKHRAJ GULECHA & CO.
B6304,HOME4US
B6305,NEW HEERA SALES CORPORATION
B6306,SRINIWAS HERBS PRIVATE LIMITED
B6307,FINE METALS
B6308,Ajanta Sales Corporation
B6309,KRYPTON SPECIALITIES
B6310,P P TRADECOM
B6311,SONA VETS PRIVATE LIMITED
B6312,JUPITER INTERNATIONAL PVT. LTD.
B6313,AD COM PROPERTIES PVT. LTD
B6314,SULTAN ENTERPRISES
B6315,VINOD KUMAR & BROS
B6316,AGARPARA JUTE MILLS LTD
B6317,AAHANA COMMERCE PVT. LTD
B6318,ABHIJIT BROOM SUPPLIER
B6319,RAJESH TUBE COMPANY
B6320,RATHI TRADING COMPANY PVT LTD
B6321,RUNGTA MOULDINGS PVT LTD
B6322,ARVIND INDUSTRIALS
B6323,MECH CHEM  INDIA
B6324,VANI ELECTRIC VEHICLES PRIVATE LIMITED
B6325,JAJU BROTHERS
B6326,INDO TEEN CO
B6327,PULSAR RUBBER MFG CO PVT LTD
B6328,DESIRE OVERSEAS PVT LTD
B6329,RESCON (INDIA) PRIVATE LIMITED
B6330,TIRUPATI GLOBAL COMMODITIES
B6331,MAHAVIR TOOLS CORPORATION
B6332,Hindustan Meta Mart Pvt Ltd.
B6333,KALIA EXPORT PVT.LTD
B6334,ELKOS PENS LIMITED
B6335,BTL EPC LIMITED
B6336,UNITED SCIENTIFIC EQUIPMENTS PRIVATE LIMITED
B6337,BHAGIRATHI PACKAGING PVT LTD
B6338,Radhashyam Industries Private Limited
B6339,BABA BASUKINATH VINTRADE PRIVATE LIMITED
B6340,ELECTROSTEEL STEELS LIMITED
B6341,ROTOMAC ELECTRICALS PVT LTD
B6342,NEELAMBER CATTERERS PRIVATE LIMITED
B6343,TIRUPATI INTERNATIONAL.
B6344,HIND COMMERCIAL INDUSTRIAL CORPORATION
B6345,MALNADY TEA ESTATE PVT LTD
B6346,DI BATTERY
B6347,BHARAT NURSERY PVT. LTD.
B6348,Meghwood India LLP
B6349,A S CHATTHA EXIM PVT LTD
B6350,SAFE AGRITRADE PRIVATE LIMITED
B6351,DES TECHNICO LIMITED
B6352,PREMIER MOTORS
B6353,VIKRAM SOLAR LIMITED
B6354,UNIVERSAL CONSORTIUM OF ENGINEERS
B6355,ASHOKA HAWAI & SHOES PVT LTD
B6356,MITRA AGRO ENTERPRISES LTD.
B6357,TAG DEVELOPERS PRIVATE LIMITED
B6358,TEA EXPERTS INDIA PVT. LTD.
B6359,ADITYA EXPORTS.
B6360,KRISHNA INDUSTRIES
B6361,CENOSPHERE INDIA PRIVATE LIMITED
B6362,INTERCHEM PVT LTD
B6363,ELECTRECA VEHICLES
B6364,GLORY PRODUCTS PVT LTD
B6365,METRO DAIRY LIMITED
B6366,ONE AUTO PRIVATE LIMITED
B6367,HARBAUER INDIA PRIVATE LIMITED
B6368,FOUR STAR INTERNATIONAL
B6369,AUTOLAND PVT LTD
B6370,KINTEGRA PLASTI PACK LLP
B6371,SUNDREX OIL COMPANY LIMITED
B6372,SUPREME PAPER MILLS LTD
B6373,KIRAN SHOES MANUFACTURERS
B6374,Lion Picture & Frames  I  Ltd
B6375,SHREE DURGA TRADING
B6376,MAYANK EXIM
B6377,MESCAB  INDIA  PVT  LTD
B6378,PREMIER ENTERPRISES
B6379,PHOENIX INDUSTRIES LIMITED
B6380,SUPREME IMPEX
B6381,SHRI MAHAVIR FERRO ALLOYS PVT LTD
B6382,RAJKUMAR ENTERPRISE
B6383,SARAJU AGRIWAYS EXPORTS PRIVATE LIMITED
B6384,NICHIKETA GARMENTS COMPANY
B6385,UNITED NANOTECHNOLOGIES LTD
B6386,EMPIRE EXPORTS
B6387,Anvee Overseas Pvt.Ltd
B6388,EMPORIO FASCINATION
B6389,SUNNY INTERNATIONAL.
B6390,P C PRINTS
B6391,BABA MUKTINATH FABRICATORS PVT LTD
B6392,S.R.AGARWALA & SONS
B6393,SINGHAL IMPEX
B6394,SHYAM FERRO ALLOYS LIMITED
B6395,DUDLEY & BROTHER PVT. LTD.
B6396,NIDHI SULPHONATES
B6397,Fair Printers
B6398,ROLMECH INDIA
B6399,SUBHDHAN TRADELINK PRIVATE LIMITED
B6400,SHALIMAR  HATCHERIES LTD
B6401,B S PROGRESSIVE PVT LTD
B6402,DHP INDIA LTD
B6403,S M ENTERPRISE.
B6404,AREEB ENTERPRISE
B6405,CONTINENTAL CHEMICALS
B6406,PINKTO CHEMICCALS
B6407,RATNAKA MACHINERY & SPARES
B6408,BANOMALI TRADING CO.
B6409,JECO AGROVET PVT LTD
B6410,STONE WATER NUTRITION
B6411,BAMLIA  INDUSTRIES
B6412,D. S. KNIT INDUSTRY PRIVATE LIMITED
B6413,RASIKA MOTORS PVT. LTD.
B6414,TIRUPATI TRADERS
B6415,NEXON NUTRITION
B6416,VRV INDUSTRIES
B6417,SUMANGALA ENTERPRISE
B6418,FOUR STAR INTERNATIONAL LIMITED
B6419,TOPSIA ESTATES PRIVATE LIMITED
B6420,RAJGARIA TIMBER PVT LTD
B6421,JUPITER INTERNATIONAL LTD.
B6422,HUE TECHNO SOLUTIONS PRIVATE LIMITED
B6423,BANARSI DASS AND SONS
B6424,SHRI GIRIRAJ ENTERPRISE
B6425,VAC International
B6426,AGLO POLYMERS PVT LTD
B6427,BOTHRA SHIPPING SERVICES PVT LTD
B6428,Saatvik Ferro Limited
B6429,SHEETAL AGRIFRESH PRODUCTS PVT. LTD.
B6430,THE INDIAN HOTELS CO.LTD
B6431,Pumpsense Fluid Engineering Pvt Ltd
B6432,SPAANS BABCOCK INDIA LTD.
B6433,NIRMAL WIRES PVT. LTD.
B6434,JB GROUP
B6435,MSB FRUITS & VEGETABLES LLP
B6436,B M JAIN & SONS PVT LTD
B6437,BABU SONA TRADERS
B6438,YUCON EXPORTS PRIVATE LTD.
B6439,HRASHVA STORAGE AND WAREHOUSING PRIVATE LIMITED
B6440,ELECTRO COPPER AND ALLOYS MFG CO
B6441,SJM IMPORTS PVT LTD
B6442,MAHIMA INTERNATIONAL
B6443,NAV BHARAT VENTURES
B6444,YAFRA EXPORTS
B6445,LAKHDATAR TRADERS
B6446,DUAKEM PHARMA PVT. LTD.
B6447,R. K. IMPEX & CO. INDIA
B6448,FASHION CARE
B6449,Carbon Resources P Ltd.
B6450,GIMPEX OVERSEAS PVT. LTD
B6451,U.N TRADER AND AGENCY
B6452,P. P. COMMODITIES
B6453,JAYA DOMESTIC PRODUCTS PVT. LTD.
B6454,CAPRICANS POLYMERS INDUSTRIES
B6455,VINAYAKA TRADERS
B6456,MAHESH TRADERS
B6457,SRB POLYMERS
B6458,SHALIMAR WIRES INDUSTRIES LIMITED
B6459,ANKIT UDYOG
B6460,INDIAN TRADING BUREAU PRIVATE LIMITED
B6461,MANAKSIA ALUMINIUM COMPANY LIMITED
B6462,SAI SURFACTANTS PVT. LTD.
B6463,DOLPHIN AQUARIUM
B6464,Globe International
B6465,SHAH IMPEX.
B6466,MAHADEV GARMENTS PRIVATE LIMITED
B6467,S P ASSOCIATES
B6468,PLASTO CHEM PVT.LTD
B6469,DHAIRYA ENTERPRISES
B6470,HI-TECH SEALING & INSULATION INDUSTRIES
B6471,SUBHA SHINGAL INTERNATIONAL PVT LTD
B6472,ARYAN PETROCHEMICAL TRADING CO. PVT LTD
B6473,BALAJI FINEGOODS PVT.LTD
B6474,BANDHU AGARBATI
B6475,International Business Organisation
B6476,GANESH GRAINS LTD
B6477,PUSHP DEEP INTERNATIONAL
B6478,HI TECH SYSTEMS & SERVICES LTD
B6479,MULTIPLEX VYAPAAR PRIVATE LIMITED
B6480,VKJ INTERNATIONAL
B6481,LUDLOW JUTE & SPECIALITIES LIMITED
B6482,J P STEEL UDYOG
B6483,SWASTIK STOCKISTS & TRADERS PVT LTD
B6484,ABP PVT.LTD
B6485,SURENDRA ENTERPRISES
B6486,LINC PEN & PLASTICS LTD
B6487,RBA FERRO INDUSTRIES PRIVATE LIMITED
B6488,STC Metaliks
B6489,RASHMI CEMENT LIMITED
B6490,ROYAL INFRACONSTRU LIMITED
B6491,M D INTERNATIONAL
B6492,BUILD WORLD
B6493,RAHAT TRADERS
B6494,LITTLE TREASURE
B6495,NEXGREEN CONSULTANT PVT LTD
B6496,KTC EXPORT PVT LTD
B6497,K K INTERNATIONAL
B6498,MAGPET POLYMERS PRIVATE LIMITED
B6499,Plant Essentials
B6500,MANI LALL & CO
B6501,SHREE HANUMAN HARDWARE CO
B6502,PARAMOUNT TRADERS.
B6503,TANISH IMPEX
B6504,Shree Tirupati Processors
B6505,APCIM GLOBAL
B6506,James Warren Tea Limited
B6507,S.K. INDUSTRIAL CORPORATION
B6508,AMIC FORGING PRIVATE LIMITED
B6509,BOULEVARDS STEEL PVT LTD
B6510,CHEMICO INTERNATIONAL PVT LTD
B6511,DB GLOBAL ENTERPRISES
B6512,G B TIMBER INDUSTRIES PVT LTD
B6513,TULIP FABRICS PRIVATE LIMITED
B6514,TAMANNA COMMOSALES PVT LTD
B6515,KIRAN WIRE NETTING CO
B6516,AJAY BHARAT PVT LTD
B6517,SUSHIL VANASPATI PVT LTD
B6518,G P TRONICS PVT LTD
B6519,G S INDUSTRIES
B6520,Kamakhya  India  Ltd.
B6521,Krishnika Traders LLP
B6522,RISING FRIENDSHIP INTERNATIONAL COMPANY PVT LTD
B6523,SIDDHACHAKRA TRADE LINK
B6524,SHEETAL INTERNATIONAL
B6525,SUR FEED
B6526,SHARP TOOLS MANUFACTURING CO.
B6527,GOLD STAR COTTEX LIMITED
B6528,NUEVOTECH INDUSTRIES PRIVATE LIMITED
B6529,PUJA ENTERPRISES
B6530,YE FONG TANNERY
B6531,SALASAR BHANDAR
B6532,ORIENT INDUSTRIES
B6533,AGLO PACKAGINGS PVT LTD
B6534,FATECHAND SANJAY KUMAR
B6535,RAJ KNIT AND DYEING MILLS
B6536,OM POLYSACK PVT. LTD
B6537,LVS PARTS LLP
B6538,SHYAM TRADERS
B6539,SUBH SURYA SUPPLIERS
B6540,THE INDIA JUTE AND INDUSTRIES LIMITED
B6541,BUDGE BUDGE REFINERIES LTD
B6542,CREATIVE HANDS ART MATERIAL PVT.LTD
B6543,TIWARISONS STEEL FURNITURE
B6544,SHUBHAM TREXIM PVT LTD
B6545,KUSUM INTERNATIONAL
B6546,INDIA TIMBER AND SEASONING PLANT
B6547,SHREYASH ALUMINIUM & ALLOYS PRIVATE LIMITED
B6548,INNOVA AGRITECH PRIVATE LIMITED
B6549,Prabhu Enterprises
B6550,HINDUSTAN JUTE CORPORATION
B6551,Roxy Traders
B6552,Glory Polytex
B6553,AL-BURHAN INTERNATIONAL
B6554,SHREE NOVELTY
B6555,BHAGWATI KNITTING INDUSTRIES LLP
B6556,MEGATHERM INDUCTION PVT LTD
B6557,SGF INDUSTRIES PRIVATE LIMITED
B6558,TECHNO MECH  INDIA
B6559,ENTERPRISE INTERNATIONAL LTD
B6560,KRISHNA TALCO INDUSTRIES
B6561,GLOBAL SEAMLESS TUBES & PIPES PVT. LTD.
B6562,INDIA INDUSTRIAL ENTERPRISES
B6563,GANGOTRI AYAT NIRYAT PVT LTD
B6564,WOODSTONE THE FURNITURE DEN
B6565,DARPANA AQUARIUM
B6566,SAIFCO INDIA COMPANY
B6567,JYOTI CORPORATION
B6568,USHA FOOD CHEM
B6569,S M CHOPRA ASSOCIATES
B6570,SANRHY EXIM PVT. LTD.
B6571,Eco Jute Pvt. Ltd.
B6572,Anand Chemicals and Rubber Pvt Ltd
B6573,GADIA ALUMINIUM PVT LTD
B6574,new tea beverages exports private limited
B6575,IMPERIALOVERSEAS
B6576,BALAJI NIRYAAT PRIVATE LIMITED
B6577,RAHUL INDUSTRIAL ENTERPRISES PVT. LTD.
B6578,H.H.ENTERPRISE
B6579,BALAJI TRADERS.
B6580,MANSI ENTERPRISES
B6581,KARMA IMPEX
B6582,A S Kolkata Ply House Private Limited
B6583,MAHABIR HOLDINGS PRIVATE LIMITED
B6584,UNITED CYCLE COMPANY
B6585,SINGHANIA INTERNATIONAL
B6586,Yashujee India Automation
B6587,COBALTT INTERNATIONAL
B6588,AMARNATH ENVIROPLAST LTD
B6589,PUSHPA COMPONENTS LLP
B6590,ROHAN GLOVES  MFG  PRIVATE LIMITED
B6591,SAMIR SHAH
B6592,CELEBRITY BREWERIES PVT. LTD.
B6593,Nimbus Holding Pvt Ltd
B6594,RAJ AND RAKESH MERCANTILE PRIVATE LIMITED
B6595,RASHMI UMBRELLA PVT LTD
B6596,RUCHI INTERNATIONAL
B6597,Pradeep and Company Pvt. Ltd.
B6598,K L JUTE PRODUCTS PVT LTD
B6599,PEP AGRO INDUSTRIES PRIVATE LIMITED
B6600,Blg Trading House
B6601,SKYSCRAPERS CHEMEX PRIVATE LIMTIED
B6602,MAHABIR INTERNATIONAL SUPPLIERS PRIVATE LIMITED
B6603,ZENITH IMPEX
B6604,RUBICAN RUBBER WORKS PRIVATE LIMITED
B6605,JPS INNOVATIONS
B6606,STAR TRADING CORPORATION
B6607,SHIVKRIPA APPARELS PRIVATE LIMITED
B6608,GANPATI PACKAGING PVT LTD
B6609,NARAYANI SANITATION
B6610,SPA FABRICS PROCESSOR PVT LTD
B6611,MACMET ENGINEERING LTD
B6612,SUMARAN PROJECTS PVT. LTD.
B6613,PROTECHNIC SKICORP PRIVATE LIMITED
B6614,CORELINE EXPORTS
B6615,WONDER INVESTMENT MANAGEMENT PVT LTD
B6616,PANNALAL COCONUT STORES
B6617,RATAN PROJECTS & ENGINEERING CO. PVT. LTD.
B6618,DC OVERSEAS  INDIA
B6619,Darjeeling Organic Tea Estates Pvt. Ltd.
B6620,OLLYPOP INDUSTRIES PRIVATE LIMITED
B6621,IDA GLOBAL VENTURES LLP
B6622,HIMORA PLASTIC UDYOG PVT LTD
B6623,FIVES STEIN INDIA PROJECTS PVT. LTD.
B6624,NOVUS ANIMAL NUTRITION  INDIA  PRIVATE LIMITED
B6625,BUSINESS MEDIA PRIVATE LIMITED
B6626,SIDDHANT CONTINENTAL
B6627,JAIMATADI MACHINERY PVT LTD
B6628,RAJKAMAL FURNITURE PVT LTD
B6629,M N ENTERPRISES
B6630,SARAOGI SHELLAC & AROMATICS PVT LTD
B6631,RAJ MUSIC
B6632,SHREE GANESH SURGICAL COMPANY
B6633,PLUMBUM CHEMICALS AND PIGMENTS PVT LTD
B6634,AYUSRI HEALTH PRODUCTS LIMITED
B6635,DURGESH TRADING CO
B6636,S.R.TECH
B6637,MAHASHAKTI ENGINEERING WORKS
B6638,ORGANIC BOX IMPEX PVT LTD
B6639,NSI CASTINGS  P  LTD.
B6640,SHAH BROTHERS
B6641,BHASKER APPARELS
B6642,REFEEL CARTRIDGE ENGINEERING PRIVATE LIMITED
B6643,SHREE DURGA TRADERS
B6644,S S AQUARIST
B6645,Paramount Motors Pvt. Ltd.
B6646,DEV INTERNAATIONAL
B6647,KAMDHENU UDYOG P LTD.
B6648,ALLFLEX PLASTICS LLP
B6649,S.R.COMMERCIAL
B6650,S.S.INTERNATIONAL
B6651,J M  TRADERS & INVESTORS  PVT LTD
B6652,"3G COMMUNICATIONS"
B6653,MARUTI PACKAGERS PVT LTD
B6654,SANKHA SUBHRA MAITY CHETANA ENTERPRISE
B6655,TRIDENT EXPORT CORPORATION
B6656,SHYAM SEL & POWER LIMITED
B6657,EMAMI PAPER MILLS LIMITED
B6658,SNG MICRONS PRIVATE LIMITED
B6659,SHREE VENKATESH EXIM CORPORATION
B6660,MERC INFRA INDIA PRIVATE LIMITED
B6661,Genap Water Solutions Private Limited
B6662,SEXONA CONDIMENT COMPANY
B6663,Dolphin Trade Concern
B6664,N C BHOJRAJ & COMPANY
B6665,PRECISION POLYPLAST PVT LTD
B6666,COMMERCIAL PRINTERS & TRADING CO.
B6667,South Calcutta Diesels Pvt. Ltd.
B6668,BALAJI ASSOCIATE AGENCY
B6669,MODI INDUSTRIES
B6670,SEWING MACHINE HOSPITAL
B6671,SREE TYCOFAB PVT. LTD
B6672,JAWAID & CO.
B6673,Kaypee Stone International
B6674,P G IMPEX
B6675,INDEX SAFETY PRODUCTS PRIVATE LIMITED
B6676,NEW HORIZONS PRIVATE LIMITED
B6677,MAHEM IMPEX PRIVATE LIMITED
B6678,MITTAL INTERNATIONAL
B6679,BANTHIA TRADERS
B6680,TIKMANY TELESYSTEMS PVT LTD
B6681,Alom Poly Extrusions Ltd
B6682,SIDDHARTH ENTERPRISE
B6683,SHYAMLAL IRON AND STEEL CO.
B6684,SINGHANIA & SONS PVT. LTD.
B6685,KULDEVI ENTERPRISES
B6686,R. R. WORLD
B6687,SRP IMPEX PRIVATE LIMITED
B6688,PAR ENTERPRSES  P  LTD
B6689,ALPHA OVERSEAS INTERNATIONAL PVT LTD
B6690,S R TRADING COMPANY
B6691,POLYZEN TRADING CO.
B6692,SREE EASWARAN SANGU CO
B6693,SRIRAM TRADING CO
B6694,UNNATI WRITING PRODUCTS PVT LTD
B6695,SREEKISAN PANNALALL
B6696,KHADIM INDIA LIMITED
B6697,CITIZEN UMBRELLA MANUFACTURERS LTD
B6698,SUNRISE TIMPLY CO PVT LTD
B6699,Om International Traders
B6700,GENERAL AGENCIES  KOLKATA  PVT LTD
B6701,TANDHAN POLYPLAST PRIVATE LIMITED
B6702,USHA METAL INDUSTRIES PVT. LTD.
B6703,LOKENATH PRINT & PACKERS
B6704,P C COLOUR SOFT FABRICS PRIVATE LIMITED
B6705,S.K. & SONS
B6706,AMBICA JUTE MILLS LTD.
B6707,BISWAS AGRO IMPLEMENTS
B6708,IDEE CONCEPTS PVT LTD
B6709,REGAL UDYOG PVT. LTD
B6710,SANTOSH TRADING CORPORATION
B6711,BHARAT ROLL INDUSTRY PVT LTD
B6712,NARAYANI ENGINEERING WORKS
B6713,BISWASHANKARI SHELLAC INDUSTRIES
B6714,MERINO INDUSTRIES LIMITED
B6715,A. R STANCHEM PVT.LTD
B6716,NARSINGH ISPAT LIMITED
B6717,EASTERN EQUIPMENT AND ENGINEERS PRIVATE LIMITED
B6718,EASTERN INDUSTRIES AND MARKETING CO
B6719,HINDUSTAN DISTRIBUTORS
B6720,KURZ INDIA PVT LTD
B6721,G.S.R. ENTERPRISES
B6722,HINDUSTAN UNILEVER LIMITED
B6723,DUSSELDORF DE ESPANA PVT.LTD
B6724,PRIMETALS TECHNOLOGIES INDIA PRIVATE LIMITED
B6725,SUCCESS
B6726,H. A. KNITTING
B6727,SUPREME BOROCHEM PRIVATE LIMITED
B6728,BAL HANUMAN AGENCIES
B6729,PARIKSHIT INDUSTRIES PRIVATE LIMITED
B6730,SAI SULPHONATES PVT.LTD.
B6731,H.I. TRADING CENTER
B6732,AAYUSH INTERNATIONAL
B6733,TALUKDAR TRADING
B6734,RAMA VYAPAAR PRIVATE LIMITED
B6735,STAR ENTERPRISES
B6736,A.D. ENTERPRISE
B6737,BKC Machinery Import Pvt. Ltd.
B6738,TIRUMALA BEARINGS PVT LTD
B6739,SEVYAM TRADEXIM PVT LTD
B6740,S.P.INTERNATIONAL
B6741,BOSS INTERNATIONAL
B6742,Shree Durga Trading Company
B6743,SAVCO SALES PRIVATE LIMITED
B6744,SURYA ALLOY INDUSTRIES LIMITED
B6745,SPINAROO COMMERCIAL PVT LTD
B6746,G.R. FORGING
B6747,Mumuso Retail Private Limited
B6748,GLOBAL TRADERS.
B6749,PALLIVI APPARELS PVT.LTD
B6750,REFORM TOOLS PVT. LTD.
B6751,PAN SEEDS PVT. LTD.
B6752,NAITIK VINIMAY PVT LTD
B6753,GAUTAM MARKETING
B6754,LEER CHEM INDIA PVT LTD
B6755,NEHA PIPE FITTINGS
B6756,AYSHA CORP
B6757,TM IMPEX
B6758,IRIS CLOTHINGS LIMITED
B6759,RAJA SALES
B6760,INDIANOIL PETRONAS PRIVATE LIMITED
B6761,HIMGIRI SOAP AND CHEMICAL INDUSTRIES  P  LTD
B6762,LALBABA SEAMLESS TUBES PRIVATE LIMITED
B6763,BONIE EXPORTS PVT.LTD.
B6764,SRIYAM VENTURES
B6765,RAAG EXPORTS PVT. LTD
B6766,SARAOGI SHELLAC & AROMATICS
B6767,ANIL KNITFAB
B6768,SUMRAN AGRO PVT. LTD.
B6769,GAJRAJ COMMOTRADE PVT. LTD.
B6770,SACCHINI LEATHER GOODS
BAG,BLUECRAFT AGRO PVT LTD
BAL,BANCO ALUMINIUM LIMITED
BAN,BANCO PRODUCTS PVT LTD
BAP,BIMAL AGRO PRODYUS
BAS,BARODA POLYFORM PVT LTD
BBX,BOBMAY BITE EXPORT
BCP,BIOS CROPCARE PVT LTD
BES,BENSWARA SYNTEX LTD
BGC,BELL GRANITO CERAMICA LTD.
BHD,BHANU DYES PVT. LTD.
BHP,BHOOMEKA PROCESSORS PRIVATE LIMITED
BIC,BIC CELLO INDIA PVT. LTD.
BID,BIODYNE SEEDS PRIVATE LIMITED
BII,BRENTWOOD INDUSTRIES INDIA PVT LTD
BIL,BASF INDIA LIMITED
BIO,BIOQUEST INTERNATIONAL PVT. LTD.
BIP,BHILOSHA INDUSTRIES PVT LTD
BLE,BALAJI ENTERPRISE
BLK,BLACKSTONE CORPORATION PVT LTD
BLR,BLACK ROSE INDUSTRIES LIMITED
BNC,BANCO GASKETS (INDIA) LTD
BNS,BANSWARA SYNTEX LTD.
BOE,B.O EXPORTS
BOR,BOROSIL RENEWABLES LTD.
BOT,BOSTIK INDIA PVT LTD
BOX,B.O. EXPORTS
BPC,BLEACH PETROCHEMICALS
BPD,BORKAR PACKAGING PVT LTD
BPF,BEST PAPER MILLS PVT. LTD
BPI,BHIM POLYFAB INDUSTRIES
BPL,BLEACH CHEM EXIM INDIA PVT LTD
BPP,BANCO POLYMERS PRODUCTS
BPS,BASIC PHARMA LIFE SCIENCE PVT LTD
BPT,BHARAT PARENTERALS LIMITED
BPV,BASIL PROMPT VINYL PRIVATE LIMITED
BRA,BARODA RAPIDS
BRL,BHARAT RASAYAN LIMITED
BSP,BEEKAYLON SYNTHETICS PVT LTD
BTE,BHAGAT TEXTILE ENGINEERS
BTT,THE BTTCO OVERSEAS
BUC,BUCHI OPERATIONS INDIA PRIVATE LIMITED
BVC,BEST VALUE CHEM PRIVATE LIMITED
BYP,BHUMI YARN PVT. LTD.
CAH,CADILA PHARMACEUTICALS LTD
CAM,CHAMPION ADVANCED MATERIALS PVT. LTD.
CAN,CANBARA INDUSTRIES PVT LTD 
CAS,CANDAN STEEL LIMITED
CBL,COMMERCIALSYN BAGS LTD
CCE,CANTON LABORATORIES PVT. LTD.
CCI,CHEM CONNETIOCN INDIA
CCP,CHINA STEEL CORPORATION PVT LTD
CDC,CORE DRILLING CHEMICALS
CEN,CENTURY EMKA LIMITED
CFI,CONDOR FOOTWEAR INDIA LLP
CFL,COSMO FILMS LTD
CFP,CS FINE INTERCHEM PVT LTD
CHC,CHAROTAR COSMETICS
CHI,CHEMSYNTH INNOVATIONS
CHL,CHNTURY ENKA LIMITED
CHS,CHANDAN STEEL LTD
CHT,CHOKSHI TEXLEN PVT LTD
CIE,CAMA INDUSTRIAL
CIL,CONTIL INDIA LTD
CIP,CHEMOCID IMPEX PVT LTD 
CIR,CIRIPAL POLY FILMS LTD
CLR,CHLORI TECH INDUSTRIES
CMC,CHEMCON SPECIALITY CHEMICALS PVT LTD.
CME,CHHOTALAL MANUFACTURERS AND EXPORTS
CMI,COROMANDEL INTERNATIONAL LTD
CMO,CHEMIEORGANIC CHEMICALS INDIA PVT LTD 
CMR,CHEMTRADE
COC,COSCO SHIPPING LINES INDIA PVT LTD
COD,CODIL SYNTHETICS PVT LTD
COI,COMFIA INDUSTRIES PVT. LTD.
COL,COLOURTEX INDUSTRIES PVT. LTD.
COW,COSMOS IMPEX INDIA PVT. LTD.
CPF,CPF INDIA PVT LTD
CPI,CHEMICAL PARTNERS INDIA
CPL,CHIRIPAL POLYFILMS LTD
CRC,CRYSTAL CREAMIC INDUSTRIES PVT LTD
CRE,CRESCENT FOUNDRY COMPANY PRIVATE LIMITED
CSA,CASILLA FOODS
CTM,CREATIVE TEXTILE MILLS PVT LTD
CTP,CAMBAY TECHNOPACK PVT. LTD.
CTX,CTX LIFESCIENCE PVT LTD
CUP,CUPRO RECYCLING PVT LTD
DBHD,BHAVIN INDUSTRIES LTD
DBQI,BEST QUEST INDUSTRIES LIMITED
DBS,DARAMIC BATTERY SEPARATOR INDIA PVT LTD
DCO,DURGA CORPORATION
DCP,DECCAN CANS & PRINTERS PVT. LTD.
DDEV,DEVIKA FIBRES PVT LTD
DEE,DEEPAK CHEMICALS LIMITED
DEV,DEV EXPORTS
DFC,DIC FINE CHEMICALS PVT LTD
DIT,DANVITA INDIA PVT. LTD.
DMC,DCM SHRIRAM LIMITED
DMI,DAMODER INDUSTRIES LIMITED
DMN,DAMAN POLYTHREND PVT. LTD.
DMRF,MRF LTD.
DMT,DAMATI PLASTICS
DNH,D.N.H. SPINNERS PVT. LTD.
DNL,DEEPAK NITRITE LTD
DOD,DODREJ INDUSTRIES LTD
DPDAARO,AARON MERCHENTARY PVT. LTD.
DPDBMWI,BMW
DPDFLIP,FLIPKART
DPDFORD,FORD INDIA PRIVATE LTD
DPDKOBE,KOBELCO CONSTRUCTION EQUIPMENTS INDIA PVT LTD
DPDTKMP,TOYOTA KIRLOSKAR MOTOR PRIVATE LTD
DPL,DEEPAK PHENOLICS LTD
DPM,DEVANG PAPERS MILLS LTD
DSL,DODHIA SYNTHETICS LTD
DYN,DYNEMIC PRODUCTS LIMITED
DYP,DYNAFLEX PVT LTD
EAP,EVERSHINE APPLIANCES PVT. LTD.
ECC,ECOSOL CRAFT PACK PVT LTD
EDF,EUROPEAN DEHYDRATED FOODS
EKA,EKAA COSMETICS & CHEMICALS 
ESQ,ESQUIRE MACHINES PVT. LTD.
EUV,EURO VISTAA INDIA PVT
EXI,EXCELSOURCE INTERNATIONAL P LTD
EXS,EXSAN OVEREAS PRIVATE LIMITED
FAB,FABCORD INTERNATIONAL
FAP,FIRMENCH AROMATICS PRODUCTS INDIA PVT LTD
FAV,FAVCORD INTERNATIONAL
FCP,FORWARD CROP PROTECTION PRIVATE LIMITED
FIL,FILATEX INDIA LTD
FIM,"3B FILMS PVT. LTD."
FIV,FILAMTEC VENTURES LLP
FML,FLOMETALLIC INDIA PVT. LTD.
FNF,FANCY FITTINGS LIMITED 
FRF,FREEDOM FRAGNCES
FTL,FAZE THREE LIMITED
FVI,FLEXITUFF VERTURES INTERNATIONAL LTD.
FXF,FLEXPACK FIBC
GAF,G A FOODS INDIA PVT LTD
GAO,GALAXY 9 OVERSEAS
GBP,GLOBELA PHARMA PVT LTD
GCL,GUJARAT ALKALIES AND CHEMICALS LTD
GCP,GULBRANDSEN CHEMICLAS PVT. LTD.
GCT,GULBRANDSEN CATALYSTS PVT LTD
GEF,GEE FILAMENTS PVT LTD
GET,GEETANJALI WOOLLENS PVT LTD
GFC,GUJARAT STATE FERTILIZERS & CHEMICALS LTD 
GGR,GANGA RASAYANIE PVT LTD
GID,GIDC INDUSTRIES LTD
GIL,GODREJ INDUSTRIES LTD.
GJL,GUJRAT LIQUI PHARMACAPS PVT LTD
GKP,GOKULANDA PETROFABRICS 
GLI,GLINT INTERNATIONAL
GLO,GLORIA EXPORTS ENTERPRISE
GLP,GLASS PVT LTD
GLS,GALAXY SURFATANTS LTD
GML,GRADEN SILK MILLS LIMITED
GNL,GRINDWELL NORTON LTD
GNV,GUJARAT NARMADA VALLEY FERTILIZERS & CHEMICALS 
GOK,GOPIKISHAN POLYPAST PRIVATE LIMITED
GOL,GHMANI ORGANICS LTD.
GOM,GOMA PROCESS TECHNOLOGIES PVT. LTD.
GOS,GODIL SYNTHETICS PVT LTD
GPB,GAYATRISHAKTI PAPER & BOARDS LTD
GPL,GULSHAN POLYOLS LIMITED
GRA,GRASIM INDUSTRIES LTD
GRK,GURUKRUPA WIRE NETTING INDUSTRIES
GRL,GRF LIMITED
GSM,GARDEN SILK MILLS LIMITED
GSP,GSP CROP SCIENCE PRIVATE LIMITED
GTL,GULBRANDSEN TECHNOLOGIES INDIA P LTD
GTP,GLOMET TECHNOLOGIES PRIVATE LIMITED
GTS,GALA THERMO SHRINK
GTX,GTX PVT LTD
HAN,HANNING MOTORS INDIA PVT LTD
HCP,HEUBACH COLOUR PVT. LTD.
HDC,HINDALCO INDUSTRIES LTD
HEA,HERITAZE ENTERPRISE
HEL,HIM TEKNOFORGE LTD.
HGI,HUBERGROUP INDIA PVT LTD
HGL,HALDYN GLASS LIMIED
HHC,H & H EXPORTS PVT LTD
HHF,HALDYN HEINZ FINE GLASS PVT LTD
HIC,HIMTECH CASTINGS
HII,HUNTSMAN INTERNATIONAL INDIA PVT LTD
HIL,HEMANI INDUSTRIES LTD
HJA,H J AROCHEM PVT LTD
HJI,H J INDUSTRIES INDIA PRIVATE LIMITED
HMP,HARSAD MANGO PRODUCTS PVT LTD
HNN,H N INDIGOS PVT LTD
HOR,HARI ORGOCHEM PVT. LTD.
HSW,HINDUSTHAN M-I SWACO LTD.
HWA,HWATSI CHEMICAL PVT LTD
HYP,HARMONY YARNS PVT LTD
ICC,ICCHEMICALS PVT LTD
ICE,ICEDREAM GLOBAL PRIVATE LIMITED
IDH,IDH AGRO FOOD PVT LTD
IDI,IDEX INDIA PVT LTD
IFL,IMPERIAL FLEXIPACK PVT LTD
IGC,INDO GSP CHEMICALS LLP
IIL,INDOFIL INDUSRIES LTD
IIN,ISHAN  INDUSTRIES
IMP,INDISOL MARKETING PVT LTD
INC,INDIAN CUSTOMS SYSTEM
IND,INDO AMINES LIMITED
INF,INFINITO AUTO INDUSTRIES LLP
INI,INDORAMA INDUSTRIES LTD
INL,INSECTICIDES INDIA LTD
INO,INOX INDIA PVT LTD
INP,INDONET PLASTIC INDUSTRIES
INS,INCRYO SYSTEMS PVT LTD
INT,INTIN SPINNERS LIMITED
IOL,IMPERIAL OILFIELD CHEMICALS PVT LTD 
IPP,INTERNATIONAL PACKAGING PRODUCTS PVT LTD
ISC,INDUSTRIAL SOLVENTS AND CHEMICALS PRIVATE LTD
ISL,INDIAL SHIPPING (RE-EXPORT)
IWP,IDEAL WOVENPLAST PVT LTD
IYI,INSTANTLY YOURS INC
JAC,JEENA AND COMPANY
JAL,JAYANT AGRO ORGANICS LTD
JAP,JAYSHREE AROMATICS PVT LTD
JAS,JAINEX SPECIALITY CHEMICAL
JAY,JAYSONGS CHEMICAL INDUSTRIES
JBC,J B. CHEMICALS  AND PHARMACEUTICAL LTD.
JBF,J B F INDUSTRIES LTD 
JBI,JBF INDUSTRIES LTD
JCC,JEWEL CONSUMER CARE PVT LTD
JCL,JAI CORP LIMITED
JDI,JAYCHEM INDUSTRIES
JEP,JELL PHARMACEUTICALS PVT. LTD.
JET,JET TECH PVT.LTD
JFF,JAIN FARM FRESH FOODS LTD
JFP,JABSONS FOODS PRIVATE LIMITED
JIL,JUBILANT INGREVIA LTD
JJC,JAI CORP LIMITED
JJL,J N INTERNATIONAL
JJP,J.J PLASTIALLOY PVT LTD
JKL,JK PAPER LIMITED
JKS,J KORIN SPINNING PVT LTD
JNL,JYOTI POLYVINYL LTD
JOL,JAYNTA AGRO ORAGANICS LTD
JPP,JAKSH CASTOR PRODUCRTS PVT LTD
JQI,JAL AQUA INTERNATIONAL
JRS,JRS PHARMA & GUJARAT MICROWAX PVT LTD
JSK,JSK INDUSTRIES PVT LTD
JSP,JANI SALES PRIVATE LIMITED
JTC,J T COSMETICS & CHEMICALS PVT. LTD.
JTI,JIWARAJKA TEXTILE INDUSTRIES
JTL,JIVARAJ TEA LTD
JUC,JUBILANT AGRI AND CONSUMER PRODUCTS LTD
KAC,KACHIGHAM ROAD CORP PVT LTD
KAI,KAMDHENU PACKAGING
KAS,KASP ENGINEERS
KBL,KRASOMA BIOCHEM PRIVATE LIMITED
KCC,KUMAR CONTRAINERS PVT LTD
KCP,KDAC CHEM PVT. LTD.
KDF,KANDOI FABRICS PVT. LTD.
KEN,KENOOR ORAGANICS PVT LTD
KER,KERRY INGREDIENTS IND PVT LTD
KGP,KOSAMBA GLASS DECO PRIVATE LIMITED
KIC,KOHLER INDIA CORPORATION PVT LTD
KID,KINGS DEHYDRATED FOODS PVT LTD
KII,KIRAN INDUSTRIES PVT LTD
KIK,KIKANI EXPORTS PVT LTD
KIL,KEC INTERNATIONAL LTD
KIO,KI OILFIELD CHEMICALS PRIVATE LIMITED
KIP,KEMCOLOUR INTERNATIONAL
KKC,KAKADIYA CHEMICALS 
KKE,KKP EXPORT
KKI,KALIKA INTERNATIONAL 
KLJ,KLJ PLASTICIZERS LIMITED
KMI,KAMCOM INDIA PVT.LTD.
KML,KOSHAMBH MULTITRED PVT LTD
KNP,KNACK PACKAGING PVT LTD
KOI,KOSAN INDUSTRIES PVT. LTD.
KOL,KLJ ORGANIC LTD
KOS,KOSHA CHEMTECH PVT.LTD
KRE,KRISHI RASAYAN EXPORT PVT LTD
KRG,KRISHI GEOPACK PVT. LTD.
KRW,KANAK RATNA WOVEN SACK PVT. LTD.
KSH,KASHI EXPORTS
KTT,KEM-TRON TECHNOLOGIES PVT. LTD.
KUC,KUKDO CHEMICAL INDIA PRIVATE LIMITED
KWL,KUMAR WORLD TRADE PVT LTD 
KWP,KAIZEN SWITCHGEAR PRODUCTS
KYS,KASYAP SWEETNERS LTD
LAX,LAXCON STEELS LIMITED
LDH,LDH AGRO FOOD PVT LTD
LEO,LEOSTAR PACKAGING PRIVATE LIMITED
LEW,LUCY ENGINEERING WORKS PVT. LTD.
LGI,LUBI GEL INDUSTRIES LLP
LGP,LGP GLASS PRIVATE LIMITED
LII,LANXSESS INDIA PVT LIMITED
LIL,LOXIM INDUSTRIES LIMITED
LKC,LONSEN KIRI CHEMICALS INDUSTRIES LTD
LOD,LODZ DENIM PVT LTD
LSR,LSR FAB PVT LTD
LTH,L & T HYDROCARBON ENGINEERING LTD.
MAA,MACSON COLOR CHEM PVT LTD
MAC,MACSON PRODUCT
MAE,MAE RESTOW
MAF,MADHAV AGRO FOODS PVT LTD
MAI,MATANGI INDUSTRIES LIMITED
MAP,MAKEVALE ACRYLICS PVT LTD
MAS,MASTURLAL PVT. LTD.
MBE,M & B ENGINEERING LIMITED
MBH,MBH POWER PRIVATE LIMITED
MCC,MEGHNA COLOUR CHEM
MCE,MAMTA CHEMICALS
MCI,MUDIRIKA CERAMICS INDIA LTD
MCL,MALDEEP CATALYSTS PVT.LTD.
MCP,MANJEET COTTON PVT. LTD.
MCS,M.S SYNTHETICS
MDC,MERIDIAN CHEM BOND PVT LTD 
MDF,MAHADEV FOOD PRODUCTS
MDI,MORDEN INTERNATIONAL
MED,MEDWAD POLYMERS PVT LTD
MEF,MEHER FILAMENTS
MEG,MEGHMANI FINECHEM LTD
MEH,MEHRATEX INDIA PVT LTD
MER,MEERA INDUSTRIES LIMITED
MEX,MEXIM ADHESIVE TAPES PVT LTD
MFA,MAHADEV AGRO FOODS PVT LTD
MFC,MAGIXED FINE CHEM
MFP,MODERN FOOD PRODUCTS
MGE,MAPLELEAF GREEN
MHC,MAHESHRAJ CHEMICALS PVT. LTD.
MHL,MEDICAP HEALTHCARE LIMITED
MIC,MICRONS NANO MINERALS LTD.
MIO,MICAS ORGANICS LTD.
MKP,M.K PRINTPACK PVT LTD
MLL,MAHESWARI LOGISTICS LTD
MLO,MILAN LABORATORIES INDIA PVT LTD
MNP,MANISH PACKAGING PVT LTD
MOM,MODI OIL MILL
MPC,MPCL INDUSTRIES LIMITED
MPE,MEHRA POLYTEX PVT. LTD.
MPI,MAYUR PALSTICS INDUSTRIES 
MPP,MEHALI PAPERS PVT LTD
MPR,MEHTA PETRO REFINERIES LTD
MPV,MEERAJ PLAST PVT LTD 
MRI,MERINO INDUSTRIES LIMITED
MRR,MEHANI INDUSTRIES LIMITED
MSL,MAHAVIR SYNTHETICS PVT LTD
MSS,MEGAFINE SPECIALITY CHEMICALS PVT. LTD.
MTC,MUHI TRADING CORPORATION
MTI,MOHIT INDUSTRIES LTD.
MTL,MAHANSARIA TYRES LTD.
MWP,MEWAD POLYMERS PVT LTD
NBL,NEMLAXMI BOOKS (INDIA) PVT LTD
NCI,NITREX CHEMICALS PVT LTD
NCL,NAVRATAN SPECIALTY CHEMICALS LLP
NDC,NAVDEEP CHEMICALS PRIVATE LIMITED
NDH,N D CHANDAK HUF
NDI,NANDOSAL CHEM  INDUSTRIES PVT LTD 
NEP,NIMA ENTERPRISE PVT. LTD.
NFP,NAVADIA FINECHEM
NGI,NITTA GELATIN INDIA LTD
NGT,NOVOSIS GREEN TECHNOLOGIES LLP
NHB,NAGINDAS HIRALAL BHAVANI
NIK,NIKHIL ADHESIVES LTD
NIL,NAVIN FLUORINE INTERNATIONAL LTD
NIP,NATROYAL INDUSTRIES PVT. LTD..
NJI,NAVJYOT INTERNATIONL PVT LTD
NLK,NILKANTH ORAGANICS PVT LTD
NNT,NANOFIL TECHNOLOGIES PVT. LTD.
NNV,NANDAVART TRADING PVT LTD
NOC,NANDOLIA ORGANIC CHEMICALS PVT LTD
NOP,NARAYAN ORGANICS PVT LTD
NPI,NEW PORT INDIA PVT LTD
NRA,N R AGARWAL INDUSTRIES LIMITED
NRL,N R LABORATORIES PVT LTD 
NSL,NITIN SPINNERS LTD.
NTM,NTM VEGIORGANIC PRODUCTS PVT LTD
NVE,NAVEEN EXIM
NVR,NARMADA VALLEY RUBBERS PVT LTD
NXP,NX PACK PVT LTD
OED,ORCHID ENTERPRISE
OFL,OREX FLEX PRIVATE LIMITED
OGP,ORLOV GREENTECH PVT LTD
OIL,ORGO CHEM GUJRAT PVT LTD 
OMG,OM GURU CAST PVT. LTD.
OMP,OM POWER ENGINEERS
ONG,ONGC PETRO ADDITIONS LIMITED
OOC,ORGANIC COATINGS LTD
OPL,OMEGA PLASTO LTD.
ORZ,ORAZONE PAPER  PVT LTD
Others,Others
OTHR,OTHER SHIPPER
OTHR,Other shpper
PAC,PANGEA CHEMICALS PVT LTD
PAI,PARMESWAR IMPEX PVT LTD
PAK,PAKONA ENGINNERS INDIA PVT LTD
PAL,PERFECT COLOURANTS AND PLASTICS PVT. LTD.
PAN,PAN CHEM CORPORATION
PAS,PASUPATI INDUSTRIES
PCL,PRAKASH CHEMICALS INTERNATIONAL PVT LTD
PCN,PANARA CRAFT LLP
PCP,PRINCE CORP PVT LTD
PCR,PATEL CHATURBHAI RANCHHODBHAI PULSES LLP
PCT,PAHARPUR COOLING TOWERS LTD.
PEN,PENGEA CHEMICALS PVT LTD
PES,PESHWA ENGINEERING & WIRE COMPANY
PFI,PATSONS EXPORTS  INDIA
PGL,PIRAMAL GLASS PRIVATE LIMITED
PGP,PGP GLASS PVT. LTD.
PHD,PHILODEN INDUSTRIES PVT LTD
PHI,PHILIPS CARBON BLACK 
PID,PIDILITE INDUSTRIES LTD
PIE,PEASS INDUSTRIAL ENGINEERS PRIVATE LIMITED
PIN,PI INDUSTRIES LTD. SEZ
PIP,PALVI INDUSTRIES LTD
PLA,PLASTIBLENDS INDIA LIMITED
PLC,PALAK CORPORATION
PMI,PHERMASHWAR IMPEX PVT LTD
PNM,PANAMA PETROCHEM LTD
PNR,PNR INDUSTRIES LTD
POC,POLYCAB INDIA LTD
POI,POWERBAND INDUSTRIES PVT LTD
POL,PAYAL POLYPLAST PVT LTD
PON,PON PURE CHEMICAL INDIA PVT LTD
POP,POLYOLS & POLYMERS PVT LTD
POR,POLYMECHPLAST MECHINES .LTD
POW,POLY WORLD
PPC,PARAGON PAPER CORPORATION
PPP,PANOLI INTERMEDIATES PVT LTD
PPR,PRAHARTI PIGMENTS LLP
PPT,POLYFILL TECHNOLOGIES PVT. LTD.
PRA,PRAGYA FLEXI FILM INDUSTRIES
PRE,PRIME YARNS
PRF,PERFECT FILAMENT LIMITED
PRG,PRAGATI GLASS PVT.LTD
PRM,PREMIUM POLYALLOYS PVT. LTD.
PRN,PRN INDUSTRIES LTD
PSL,PANCHMAHAL STELL LTD
PTD,PURE TONERS AND DEVELOPERS PVT LTD
PUI,PURSUIT INDUSTRIES PVT LTD
PUL,PULKIT POLYEXPORTS LLP
PUN,PUNIT PROTEINS PVT.LTD.
PUP,PURITY POLYTUBES PVT LTD
PVR,PVR PAPERS  & BOARDS PVT LTD
PVT,PAVIT CERAMICE PVT LTD
PWL,PRAYAS WOOLLENS PVT. LTD.
PWP,PRYAS WOOLLENS PVT LTD
QFL,QREX FLEX PVT. LTD.
RAA,RASSARI BIOTECH LTD
RAI,RALLIS INDIA LIMITED
RAM,RAJPAL AGRICULTURAL MACHINERY PVT. LTD.
RAN,RANG SARJAN CHEMICALS
RAP,RAV PAPER & BOARDS PVT LTD
RAS,R.A.SHAIKH PAPER MILLS PVT LTD 
RAV,RAVIRAJ CHEMICALS
RBI,RB INDUSTRIES
RBL,ROSSARI BIOTECH LTD
RBX,RUBEX INTERNATIONAL
RCP,RED COIN PAPER PRODUCTS
RDC,RAMDEV CHEMICALS INDUSTRIES 
RDL,ROHA DYECHEM PVT LTD
RDP,RADHADARSHAN PETROPACK LLP
REC,RECKON INDUSTRIES
RELI,RELIENCE
REM,RAM RATNA INTERNATIONAL
REP,RENIN PIPING PRODUCTS
RFS,RISHI FIBC SOLUTINS PVT LTD
RGE,RAJGURA ENTERPRISES PVT. LTD.
RGP,REAGHAN FASHIONS PVT LTD
RGT,REGAL GYPSUM TRADING
RIY,RIYAN PAPER MILL
RKR,R K RECLAIM AND RUBBER PRODUCTS LTD.
RLP,RICHIES CARGO LOGISTICS PVT LTD
RML,RUBAMIN PRIVATE LIMITED
RNL,R N LABORATORIES PVT LTD
ROX,ROXUL ROCKWOOL INSULATION INDIA PVT. LTD.
ROY,ROYAL PAPERS
RPB,REMCO PAPER & BOARD
RPM,REVIVAL PAPERS MILLS LTD
RPP,RIYO PARAPACK PVT LTD
RRK,R R KEBEL LTD 
RSL,RSWM LIMITED
RTK,REINHARDT TEKNIK
RTM,RATNAVEER METALS LIMITED
RVN,RVN PAPER AND BOARDS PVT LTD
RYD,RAWALASIA YARN DYEING PVT LTD
SAB,SAKAR GRANITO INDIA PVT LTD
SAE,SAILOR EXPORTS
SAK,SAKATA INX INDIA PVT. LTD.
SAM,SAGAR METALICS PVT LIMITED
SAT,SATYAM TRADERS
SCH,SHAYM CHEMICALS PVT LT
SCL,SIDDHARTH CHLOROCHEM PVT LTD
SDC,SPECTRUM DYES & CHEMICALS PVT LTD
SDF,S.D FINE CHEM LTD
SDI,SHREE DUTT INDUSTRIES
SDP,SUPER DELUXE PAPER MILLS LTD 
SDS,SHREE DURGA SYNTEX PVT. LTD.
SEB,SEBACIC INDIA LTD
SEE,SEP SONS INDIA PVT LTD
SEL,SHROTRA ENTERPRISE PVT LTD
SER,SERAP INDIA PRIVATE LIMITED
SEW,STENMECH ENGINEERING WORKS PVT LTD
SFE,SAFEFLEX INERNATIONAL LIMITED
SFF,SFP SONS INDIA PVT LTD
SFG,SISECAM FLAT GLASS INDIA PVT LTD
SFI,SYNCOM FORMULATIONS INDIA LTD
SFP,SUNIL FIBRES PVT LTD
SGI,SCHOTT GLASS INDIA PVT LTD
SGL,SUNRISE GLASS INDUSTRIES PVT LTD
SGM,SAYAN GREENOCHEM PVT LTD
SGP,SHREE GAJANAN PAPER & BOARDS PVT LTD
SGR,SHREE GANESH REMEDIES PVT. LTD.
SHB,SHRI BALAJI CONTAINER CARRIERS
SHC,SHIVAY CRAFT LLP
SHI,SHISH INDUSTRIES LIMITED
SHJ,SHREEJI INDUSTRIES
SHK,SHAKTI CHEMICALS
SHP,SHAKUN POLYMERS PRIVATE LIMITED
SHR,SHREEDHAR COTSYN PVT LTD
SHT,SHILCHAR TECHNOLOGIES LIMITED
SHU,SHUBHLAXMI POLYTEX LIMITED
SHV,SHIVTEK INDUSTRIES PVT. LTD.
SHY,SHYAM CHEMICALS PVT. LTD.
SIC,SHANTI INORGO CHEM GUJ PVT. LTD.
SID,SIGNET DENIM PVT LTD
SIE,SHAH INTERNATIONAL EXPORTS INC
SIH,SIDDHI PLAST
SII,SIGNIFY INNOVATIONS INDIA LIMITED
SIL,SIGACHI INDUSTIES LIMITED
SIO,SILOX INDUSTRY PRIVATE LTD.
SIP,SHANTA IMPEX PVT LTD
SIS,SISHI INDUSTRIES LIMITED
SIT,SUPER FEIX PAPER ILLS
SIW,SHAKTI INSULATED WIRE PVT LTD
SJE,SHREEJI EXIM CORPORATION
SJN,SAJJAN INDIA LIMITED
SJS,SUJATA SYNTHETICS LIMITED
SKC,SUKHA CHEMICALS INDUSTRIES 
SKE,S K EXPORTS
SKK,SHREE GANESH CHEMICALS
SLD,SHRENO LTD
SMD,SYNERGY MULTICHEM PVT LTD
SMH,SUMANGAL HANDLOOMS
SMK,SAMKIN INDUSTRIES
SML,SML FILMS LIMITED
SMM,SHAN PAPER MILLS LIMITED
SMO,SUMILON INDUSTRIES PVT LTD
SMP,SABARMATI PAPERS PVT LTD
SMR,SHRI MADHUSUDAN THREADS PVT. LTD.
SMT,SUMEET INDUSTRIES LTD
SNB,SHRI NAVAKAR BLOWPACK PVT LTD
SND,SETH NANDRAM DAULA TRAM BIYANI
SNM,SANGAM INDIA LIMITED
SNP,SANIMO POLYMERS PVT LTD
SOA,SONA AGROTEX PRIVATE LIMITED
SOC,STAR OXOCHEM PVT LTD
SOI,SARVODAYA INDUSTRIES
SOL,SOLENIS CHEMICALS INDIA PVT. LTD.
SPA,SSF PLASTICS INDIA PVT LTD
SPC,SPECTRA INTERNATIONAL LIMITED
SPD,SIYON ORGANIC PVT LTD
SPF,SARLA PERFOMANCE FIBERS LTD
SPG,SUBHASRI PIGMENTS PVT LTD
SPH,SHIVA PHARMACHEM LTD.
SPI,SANKALP PAPER INDUSTRIES PVT LTD
SPL,SATYENDRA PACKAGING PVT. LTD.
SPO,SHIVA PERFORMANCE MATERIALS PVT LTD
SPP,SUDEEP PHARMA PVT LTD
SPT,STERLITE POWER TRANSSMISION LIMITED
SQR,SUBAHU INDUSTRIAL SOLUTIONS PRIVATE LIMITED
SRB,SHREE RAM BIO STARCH POLYMERS PVT LTD
SRD,SHRI RAJLAXMI DENIM LTD
SRF,SRUTI FILATEX PVT. LTD.
SRG,SHREE AGROTECH
SRI,SRI NAVKAR BLOWPACK PRIVATE LIMITED
SRL,SRF LIMITED
SRP,SUPREME KRAFT PVT LTD.
SRR,SURANI PAPER PVT LTD
SSD,SUPERSONIC DISTRIBUTION AND SERVICES PVT LTD
SSF,SUMATI SPINTEX PVT LTD
SSI,SHAHLON SILK INDUSTRIES LIMITED
SSP,SHREE SUDERSHAN POLYFAB
SSS,SUBHASHISH PAPER PRODUCTS
SST,SYNFAB SALES AND INDUSTRIES LTD.
SSW,SHREE SWASTIK FOOD PRODUCTS
STA,STERLING AUXILIARIES PVT LTD
STB,STERLING BIOTECH LTD
STC,SUNSHINE TILES COMPANY PVT LTD
STD,SHREE INDUSTRIES
STE,STEELMAN GASES PRIVATE LIMITED
STF,SCAP TECHNO FAB PVT.LTD.
STH,SGR TEXTILE HOUSE LLP
STN,SANATHAN TEXTLIES PVT LTD
STO,SPOTON COATINGS PVT. LTD.
STR,STERLING CHEMICALS
STT,STERLITE TECHNOLOGIES LIMITED 
STY,SATYENDRA FIBC PVT LTD
SUA,SUAM OVERSEAS PVT LTD
SUB,SUBHALAXMI POLYSTERS LIMITED
SUC,SUMITOMO CHEMICAL INDIA LIMITED
SUD,SUDEEP INDUSTRIES
SUI,SUD CHEMIE INDIA PRIVATE LIMITED
SUL,SULPHUR MILLS LIMITED
SUM,SUMICOT LIMITED
SUR,SURVEY STRUCTURES PVT LTD
SUS,SUDIVA SPINNERS PVT LTD
SUT,SUN PLAST
SUY,SUYOG DYE CHEMIE PVT LTD
SVF,SIDHIVINAYAK FILAMENT PVT LTD
SVP,SHAKTI INX INDIA PVT LTD
SVU,SHANPAR INDUSTRIES PVT. LTD.
SWP,SWISS PAC PVT LTD
SWS,SILVASSA WOVEN SACKS PVT LTD
SWT,STAREM PVT.LTD
SXI,SUN EXIM
SYN,SYNMEX PHARMA
SYT,SYNTHETICS
TAN,TANK
TCD,TRADE CHANNELS
TCL,TAGROS CHEMICALS INDIA PVT LTD
TCP,TOPLINE COMMODITIES PVT LTD
TEC,TECHNO
TEX,TEXFAB ENGINEERS PVT LTD
TGA,TEGA INDUSTRIES LIMITED
TII,TOYO INK INDIA PVT. LTD.
TIP,TRIDEV INDUSTRIES PVT LTD
TLS,TENCH LIFE SCIENCES LLP
TML,TRANCE MARINE & CONFREIGHT LOGISTICS PVT LTD
TNP,THEMA NUTRIMENT AND PACKAGING PVT LTD
TOP,TOPSAIL APPLIANCES PVT. LTD.
TPS,THEIS PRECISION STEEL INDIA PVT. LTD.
TRL,TRANSLINER MARITIME PVT LTD
TRM,TRIDENT MEDIQUIP LIMITED
TRP,TODI RAYONS PVT LTD
TRS,TRANSPEK SILOX INDUSTRY PVT LTD
TTI,TIKI TAR IND
TTN,TRITON INTERNATIONAL PVT LTD
TUP,TUFROPES PVT LTD
TUR,THE SURAT VANKAR SAHKARI SANGH LTD
UCI,UNIVERSAL CHEMICHAL INDUSTRIES PVT LTD
UCP,UNITOP CHEMICALS PVT LTD
UCW,ULTRA DENIM PVT LTD
UIL,UNIT INDUSTRIES LTD
UIP,UNOVEL INDUSTRIES PVT. LTD.
UIT,UNITOP AQUACARE LIMITED
UKP,UMA KRAFT PAPER PVT LTD
UMP,UNIMAPLE MODUTECH PRIVATE LIMITED
UPI,UNITED PHOSPHORUS INDIA LLP
UPL,UPL LIMITED
UPM,URVASHI PULP AND PAPER MILL PVT LTD
UTP,UNIFY TEXTURISERS PVT LTD
VAI,VAIBHAV PAPER BOARDS PVT LTD
VAL,VIMAL AGRO PRODUCTS PVT.LTD
VAT,VATSALYA PAPER INDUSTRIES LTD
VCP,VCPL
VIA,VISHAL SHIPPING PVT PLD
VIC,VISWAAT CHEMICALS LIMITED
VIL,VALSON INDUSTRIES LIMITED
VIM,VIMAL INTERTRADE PVT. LTD.
VIP,VISTAS INVESTMENT PVT LTD
VIS,VIALMONT STRUCTURES PRIVATE LIMITED
VMT,VACMET INDIA LTD
VNF,VALSAD NAVSARI JILLA FAL ANE SHAKBHAJI
VNP,VINEET POLYFAB PVT LTD
VOP,VISHRUDH ORGANICS P LTD.
VPD,VIHITA BIO CHEM PVT LTD
VPF,VASUPUJYA FILAMENTS
VPI,VISHAL POLY FIBRES PVT.LTD
VPL,VISION PRODUCTS P LTD
VRT,VINAV REFRACTORIES
VSM,VERTELLUS SPECIALTY MATERIALS INDIA PVT LTD
VSN,VISION POLYMER PRIVATE LIMITED
VSP,VALMONT STRUCTURES PVT. LTD.
VTA,VTAR
VTR,VIATRIX ENGINEERING & PLASTIC LLP.
VVA,VIVEK AGRO PRODUCTS
WCC,WESTERN CARBON & CHEMICALS
WCD,WELLOWOOD CHEMICALS PVT LTD
WCP,WINDSON CHEMICALS PVT. LTD.
WEL,WAAREE ENERGIES LTD
WGB,WELSPUN GLOBAL BRANDS LTD
WID,WOLKEM INDIA LTD.
WKP,WELLKNOWN POLYESTERS LTD
WNC,WANKSONS CHEMICAL INDUSTRIES PVT. LTD.
WOC,WORLD CHEM INDUSTRIES PVT LTD
WRE,WANDERLAND REAL EASTATE P LTD
WRK,WESTROCK INDIA PVT LTD
WSL,WESTWIND SHIPPING & LOGISTIC PVT LTD
XLP,XL PLASTICS
YAM,YAMUNA CABLE ACCESSORIES PVT. LTD.
YCL,YUG INTERNATIONAL PRIVATE LIMITED
YMW,YAMUNA MACHINE WORKS LTD
YOE,YOMAXX ENTERPRISES
ZEA,ZEAL AQUA LTD
ZHC,ZOTA HELTH CARE LIMITED
ZIP,ZIPTEX-A
ZYD,ZYDEX INDUSTRIES PVT LTD
